1.000000,0.000000,0.000000,0.049335,0.000000,1.000000,0.000000,0.000000,0.012559,0.000000,1.000000,0.000000,0.000000,0.060777,0.000000
0.997778,0.000222,5.150408,0.053856,0.000000,0.994333,0.001667,87.488939,0.057221,0.000851,0.983889,0.005556,32.516976,0.062546,0.000000
1.000000,0.000000,0.000000,0.049489,0.000000,0.999778,0.000111,0.000000,0.012559,0.000000,0.999778,0.000000,0.000000,0.060777,0.000000
1.000000,0.000000,0.000000,0.049415,0.000000,0.999778,0.000111,0.000000,0.012559,0.000000,0.999778,0.000000,0.000000,0.060777,0.000000
1.000000,0.000000,0.000000,0.049498,0.000000,0.999778,0.000111,0.000000,0.012559,0.000000,0.999778,0.000111,0.000000,0.060777,0.000000
0.986444,0.002667,332.478857,0.137176,0.000000,0.994667,0.002556,115.176718,0.078582,0.000022,0.940667,0.016333,34.003360,0.070998,0.000000
0.992111,0.001333,216.000500,0.126985,0.000000,0.991778,0.001889,149.634536,0.097752,0.001050,0.969556,0.013889,85.323144,0.070173,0.001041
1.000000,0.000000,0.000000,0.049335,0.000000,1.000000,0.000000,0.000000,0.012559,0.000000,1.000000,0.000000,0.000000,0.060777,0.000000
1.000000,0.000000,0.000000,0.049508,0.000000,0.999778,0.000111,0.000000,0.012559,0.000000,0.999778,0.000111,0.000000,0.060777,0.000000
0.941778,0.015889,189.144064,0.122484,0.002797,0.976444,0.009778,73.129568,0.072582,0.000702,0.840111,0.091889,22.383124,0.070693,0.001233
1.000000,0.000000,0.000000,0.049407,0.000000,0.999778,0.000111,0.000000,0.012559,0.000000,0.999778,0.000000,0.000000,0.060777,0.000000
0.998778,0.000000,0.703156,0.050510,0.000000,0.997556,0.000778,44.510664,0.016228,0.000620,0.994778,0.001667,4.256336,0.060777,0.000000
0.998778,0.000000,0.000000,0.049825,0.000000,0.999444,0.000444,0.000000,0.012559,0.000000,0.999778,0.000111,0.000000,0.060777,0.000000
0.934444,0.013222,272.371329,0.117885,0.002524,0.989444,0.004889,92.379811,0.068767,0.001127,0.803667,0.119111,27.446213,0.070240,0.002360
1.000000,0.000000,0.000000,0.049335,0.000000,1.000000,0.000000,0.000000,0.012559,0.000000,1.000000,0.000000,0.000000,0.060777,0.000000
1.000000,0.000000,0.000000,0.049335,0.000000,1.000000,0.000000,0.000000,0.012559,0.000000,1.000000,0.000000,0.000000,0.060777,0.000000
0.991333,0.002000,174.659673,0.115723,0.000000,0.992333,0.002778,116.959403,0.086159,0.000000,0.935778,0.031333,169.556558,0.121931,0.000000
1.000000,0.000000,0.000000,0.049846,0.000000,0.999667,0.000222,0.687376,0.012559,0.000000,0.999556,0.000222,0.000000,0.060777,0.000000
1.000000,0.000000,0.000000,0.049335,0.000000,1.000000,0.000000,0.000000,0.012559,0.000000,1.000000,0.000000,0.000000,0.060777,0.000000
1.000000,0.000000,0.000000,0.049684,0.000000,0.999667,0.000222,0.000000,0.012559,0.000000,0.999778,0.000111,0.000000,0.060777,0.000000
1.000000,0.000000,0.000000,0.049929,0.000000,0.999667,0.000222,0.000000,0.012559,0.000000,0.999444,0.000222,0.000000,0.060777,0.000000
0.995444,0.000778,20.063545,0.065973,0.000000,0.992000,0.002778,66.753306,0.064236,0.001886,0.976556,0.010556,32.162367,0.064070,0.000639
0.968556,0.005333,118.706236,0.104272,0.000178,0.985556,0.005222,87.857740,0.093624,0.002574,0.919889,0.028667,119.396572,0.135127,0.001500
0.999111,0.000000,0.000000,0.049807,0.000000,0.999556,0.000333,0.000000,0.012559,0.000000,0.999667,0.000111,0.000000,0.060777,0.000000
0.884778,0.028111,209.270520,0.112551,0.007605,0.949778,0.030667,87.219943,0.074860,0.007722,0.712222,0.236778,54.938306,0.084389,0.026129
1.000000,0.000000,0.000000,0.049486,0.000000,0.999778,0.000111,0.000000,0.012559,0.000000,0.999778,0.000000,0.000000,0.060777,0.000000
1.000000,0.000000,0.000000,0.049335,0.000000,1.000000,0.000000,0.000000,0.012559,0.000000,1.000000,0.000000,0.000000,0.060777,0.000000
1.000000,0.000000,0.000000,0.049335,0.000000,1.000000,0.000000,0.000000,0.012559,0.000000,1.000000,0.000000,0.000000,0.060777,0.000000
0.966222,0.005444,233.176688,0.116445,0.000229,0.975000,0.010444,105.332335,0.070489,0.002573,0.905778,0.034111,29.816737,0.070955,0.000000
0.997111,0.000222,0.860696,0.051064,0.000000,0.997778,0.000778,27.154627,0.014484,0.000186,0.998444,0.000667,0.170657,0.060777,0.000000
0.998667,0.000222,0.600546,0.051392,0.000000,0.996556,0.001111,41.400778,0.025719,0.000086,0.993889,0.001222,2.223994,0.060937,0.000000
0.995667,0.001000,13.435360,0.063522,0.000000,0.995000,0.001444,35.483324,0.024843,0.000008,0.995556,0.001333,1.142919,0.060897,0.000000
0.999778,0.000000,0.000000,0.050166,0.000000,0.999000,0.000333,1.951191,0.013338,0.000000,0.999000,0.000333,0.000000,0.060777,0.000000
0.966778,0.008333,271.577459,0.116801,0.000406,0.983667,0.006111,112.591653,0.068704,0.000182,0.879222,0.053000,30.581652,0.069316,0.000259
0.941444,0.011889,121.170665,0.084637,0.002304,0.981333,0.006222,107.349119,0.079805,0.001981,0.834778,0.089667,213.988320,0.134536,0.001634
0.992556,0.001556,283.860706,0.134060,0.000000,0.996556,0.002000,118.160113,0.080892,0.000893,0.990556,0.002889,8.114650,0.065757,0.000000
0.988111,0.001889,251.015769,0.155770,0.000000,0.991333,0.002222,95.017355,0.096009,0.001387,0.975778,0.005778,19.282430,0.063584,0.000000
1.000000,0.000000,0.000000,0.049335,0.000000,1.000000,0.000000,0.000000,0.012559,0.000000,1.000000,0.000000,0.000000,0.060777,0.000000
1.000000,0.000000,0.000000,0.049511,0.000000,0.999667,0.000111,0.000000,0.012559,0.000000,0.999778,0.000111,0.000000,0.060777,0.000000
0.950333,0.012333,333.778079,0.115369,0.001932,0.993333,0.002222,115.584052,0.067483,0.000229,0.856222,0.075889,36.325637,0.069373,0.000450
0.999556,0.000000,0.000000,0.050472,0.000000,0.999000,0.000444,1.055284,0.013161,0.000000,0.998889,0.000444,0.000000,0.060777,0.000000
1.000000,0.000000,0.000000,0.049335,0.000000,1.000000,0.000000,0.000000,0.012559,0.000000,1.000000,0.000000,0.000000,0.060777,0.000000
1.000000,0.000000,0.000000,0.049335,0.000000,0.999889,0.000000,0.000000,0.012559,0.000000,1.000000,0.000000,0.000000,0.060777,0.000000
1.000000,0.000000,0.000000,0.049335,0.000000,1.000000,0.000000,0.000000,0.012559,0.000000,1.000000,0.000000,0.000000,0.060777,0.000000
0.993889,0.001000,98.956691,0.092136,0.000000,0.994222,0.002444,101.667309,0.074693,0.000000,0.978333,0.008333,97.688642,0.108254,0.000000
0.992222,0.001778,132.338332,0.113000,0.000000,0.989222,0.003444,99.395991,0.093481,0.000677,0.948000,0.027778,119.159768,0.096108,0.001618
0.985333,0.002778,356.902743,0.132016,0.000074,0.993667,0.003000,122.205371,0.076094,0.000000,0.907111,0.046889,48.857068,0.074856,0.000028
0.991000,0.001667,120.670573,0.105856,0.000000,0.991222,0.004444,71.411376,0.065959,0.000147,0.938444,0.024778,104.042962,0.110754,0.004250
1.000000,0.000000,0.000000,0.049335,0.000000,1.000000,0.000000,0.000000,0.012559,0.000000,1.000000,0.000000,0.000000,0.060777,0.000000
1.000000,0.000000,0.000000,0.049335,0.000000,1.000000,0.000000,0.000000,0.012559,0.000000,1.000000,0.000000,0.000000,0.060777,0.000000
1.000000,0.000000,0.000000,0.049335,0.000000,1.000000,0.000000,0.000000,0.012559,0.000000,1.000000,0.000000,0.000000,0.060777,0.000000
0.991667,0.001444,172.333985,0.150677,0.000000,0.990333,0.002000,47.985972,0.068588,0.001052,0.996889,0.001111,0.000000,0.060777,0.000000
1.000000,0.000000,0.000000,0.049335,0.000000,1.000000,0.000000,0.000000,0.012559,0.000000,1.000000,0.000000,0.000000,0.060777,0.000000
1.000000,0.000000,0.000000,0.049335,0.000000,1.000000,0.000000,0.000000,0.012559,0.000000,1.000000,0.000000,0.000000,0.060777,0.000000
0.995444,0.000333,68.488606,0.079602,0.000000,0.994111,0.001556,97.326778,0.073917,0.000000,0.957333,0.022889,187.132744,0.095020,0.001737
1.000000,0.000000,0.000000,0.049335,0.000000,0.999889,0.000000,0.000000,0.012559,0.000000,1.000000,0.000000,0.000000,0.060777,0.000000
1.000000,0.000000,0.000000,0.049335,0.000000,1.000000,0.000000,0.000000,0.012559,0.000000,1.000000,0.000000,0.000000,0.060777,0.000000
0.926111,0.016889,224.348818,0.119680,0.003928,0.963111,0.016444,90.407813,0.067647,0.002884,0.792667,0.139556,21.572120,0.068749,0.004328
0.968111,0.007000,287.952351,0.120116,0.000128,0.980889,0.007889,120.119946,0.070986,0.002408,0.915889,0.024556,30.608062,0.068810,0.000000
1.000000,0.000000,0.000000,0.049335,0.000000,1.000000,0.000000,0.000000,0.012559,0.000000,1.000000,0.000000,0.000000,0.060777,0.000000
1.000000,0.000000,0.000000,0.049335,0.000000,1.000000,0.000000,0.000000,0.012559,0.000000,1.000000,0.000000,0.000000,0.060777,0.000000
1.000000,0.000000,0.000000,0.049403,0.000000,0.999778,0.000111,0.000000,0.012559,0.000000,0.999778,0.000000,0.000000,0.060777,0.000000
0.975889,0.004444,194.974586,0.119509,0.000056,0.989778,0.003444,85.251091,0.076262,0.000691,0.961111,0.007667,20.405303,0.069513,0.000000
0.988556,0.002333,335.788093,0.135435,0.000012,0.993889,0.002556,127.290068,0.084817,0.000684,0.933889,0.026222,71.493178,0.083573,0.000000
0.952667,0.009556,336.866881,0.128279,0.001233,0.970778,0.011111,144.173443,0.081049,0.001924,0.868111,0.062111,87.762326,0.092903,0.001302
1.000000,0.000000,0.000000,0.049335,0.000000,1.000000,0.000000,0.000000,0.012559,0.000000,1.000000,0.000000,0.000000,0.060777,0.000000
0.949778,0.014444,389.251637,0.130524,0.000689,0.974889,0.010000,144.914155,0.079110,0.002118,0.919333,0.023333,39.519082,0.071722,0.001599
0.996111,0.000667,8.677363,0.055180,0.000000,0.997889,0.000667,26.147914,0.015659,0.000000,0.998667,0.000333,0.128276,0.060777,0.000000
1.000000,0.000000,0.000000,0.049335,0.000000,1.000000,0.000000,0.000000,0.012559,0.000000,1.000000,0.000000,0.000000,0.060777,0.000000
1.000000,0.000000,0.000000,0.049335,0.000000,1.000000,0.000000,0.000000,0.012559,0.000000,1.000000,0.000000,0.000000,0.060777,0.000000
0.981111,0.003667,285.848600,0.138389,0.000000,0.984333,0.004667,109.075266,0.084764,0.001489,0.987000,0.003000,8.353392,0.065919,0.000436
1.000000,0.000000,0.000000,0.049335,0.000000,1.000000,0.000000,0.000000,0.012559,0.000000,1.000000,0.000000,0.000000,0.060777,0.000000
0.992000,0.001333,231.380195,0.125775,0.000000,0.993444,0.001556,88.717384,0.071509,0.000000,0.980778,0.005556,17.807349,0.070357,0.000000
0.996778,0.000222,19.769070,0.058724,0.000000,0.992222,0.002778,107.868992,0.051862,0.002295,0.978000,0.010111,54.385622,0.063467,0.000445
1.000000,0.000000,0.000000,0.049335,0.000000,1.000000,0.000000,0.000000,0.012559,0.000000,1.000000,0.000000,0.000000,0.060777,0.000000
0.844889,0.057000,296.625099,0.101522,0.016306,0.936111,0.037000,110.467965,0.060781,0.010841,0.678778,0.266889,38.521588,0.071862,0.013674
0.882556,0.027333,147.442835,0.084042,0.006283,0.923444,0.047444,148.042186,0.067306,0.021689,0.728778,0.217667,272.778035,0.117300,0.009591
0.999333,0.000000,0.357381,0.050978,0.000000,0.997556,0.000778,51.748118,0.015869,0.000250,0.995889,0.001333,1.108132,0.060777,0.000000
1.000000,0.000000,0.000000,0.049335,0.000000,0.999889,0.000000,0.000000,0.012559,0.000000,1.000000,0.000000,0.000000,0.060777,0.000000
1.000000,0.000000,0.000000,0.049721,0.000000,0.999667,0.000111,0.000000,0.012559,0.000000,0.999778,0.000111,0.000000,0.060777,0.000000
0.906111,0.021333,271.905153,0.109132,0.003935,0.974444,0.010778,120.557075,0.076419,0.002701,0.808667,0.110111,31.454786,0.071136,0.001686
0.992222,0.001000,350.520469,0.153685,0.000000,0.993556,0.001222,149.258690,0.093117,0.001013,0.990667,0.002444,10.977254,0.061495,0.000000
0.995333,0.000778,76.726822,0.093794,0.000000,0.993444,0.002778,79.078035,0.084482,0.000000,0.953111,0.027111,129.930788,0.096168,0.003724
1.000000,0.000000,0.000000,0.049335,0.000000,1.000000,0.000000,0.000000,0.012559,0.000000,1.000000,0.000000,0.000000,0.060777,0.000000
0.991667,0.001444,239.115649,0.145265,0.000000,0.993556,0.001111,98.114076,0.089339,0.000690,0.996222,0.001333,0.000000,0.060777,0.000000
0.999444,0.000000,0.000000,0.049824,0.000000,0.999444,0.000444,0.000000,0.012559,0.000000,0.999667,0.000111,0.000000,0.060777,0.000000
1.000000,0.000000,0.000000,0.049748,0.000000,0.999556,0.000333,0.000000,0.012559,0.000000,0.999667,0.000111,0.000000,0.060777,0.000000
1.000000,0.000000,0.000000,0.049711,0.000000,0.999556,0.000222,0.000000,0.012559,0.000000,0.999667,0.000111,0.000000,0.060777,0.000000
1.000000,0.000000,0.000000,0.049335,0.000000,1.000000,0.000000,0.000000,0.012559,0.000000,1.000000,0.000000,0.000000,0.060777,0.000000
1.000000,0.000000,0.000000,0.049335,0.000000,1.000000,0.000000,0.000000,0.012559,0.000000,1.000000,0.000000,0.000000,0.060777,0.000000
0.901000,0.025667,410.675322,0.112998,0.005553,0.973000,0.013444,172.749047,0.076904,0.002947,0.758778,0.182667,44.951326,0.070924,0.007883
1.000000,0.000000,0.000000,0.049335,0.000000,1.000000,0.000000,0.000000,0.012559,0.000000,1.000000,0.000000,0.000000,0.060777,0.000000
0.966333,0.007444,137.229786,0.115660,0.000043,0.972889,0.010111,75.720410,0.089351,0.003535,0.958111,0.012889,73.640962,0.116991,0.002190
1.000000,0.000000,0.000000,0.049555,0.000000,0.999556,0.000222,0.000000,0.012559,0.000000,0.999778,0.000111,0.000000,0.060777,0.000000
0.962889,0.004222,127.047828,0.089636,0.000189,0.975111,0.010222,105.611871,0.071439,0.001602,0.916444,0.032778,148.883202,0.117051,0.000000
1.000000,0.000000,0.000000,0.049335,0.000000,1.000000,0.000000,0.000000,0.012559,0.000000,1.000000,0.000000,0.000000,0.060777,0.000000
1.000000,0.000000,0.000000,0.049891,0.000000,0.999444,0.000222,1.297185,0.012559,0.000000,0.999222,0.000222,0.000000,0.060777,0.000000
0.919000,0.021444,298.654514,0.125442,0.003667,0.972444,0.011444,118.587989,0.082543,0.003586,0.797556,0.119889,41.551988,0.076980,0.004449
0.998000,0.000222,2.664441,0.054014,0.000000,0.993444,0.002333,57.323011,0.055227,0.001610,0.977000,0.010111,37.721625,0.064833,0.000509
1.000000,0.000000,0.000000,0.049887,0.000000,0.999556,0.000333,0.000000,0.012559,0.000000,0.999667,0.000111,0.000000,0.060777,0.000000
0.971000,0.004889,242.524031,0.132460,0.000440,0.988444,0.004889,87.109606,0.079653,0.000026,0.899556,0.050333,23.396560,0.070301,0.000035
1.000000,0.000000,0.000000,0.049335,0.000000,1.000000,0.000000,0.000000,0.012559,0.000000,1.000000,0.000000,0.000000,0.060777,0.000000
0.903000,0.025111,425.072245,0.127970,0.004639,0.943667,0.029889,161.814246,0.075642,0.009846,0.778778,0.145556,50.653086,0.073615,0.007405
0.992778,0.001556,97.452762,0.111618,0.000000,0.992778,0.001778,78.115400,0.088769,0.000674,0.962778,0.017889,87.231815,0.087834,0.001345
1.000000,0.000000,0.000000,0.049680,0.000000,0.999667,0.000111,0.000000,0.012559,0.000000,0.999667,0.000111,0.000000,0.060777,0.000000
0.994000,0.000889,145.772610,0.097738,0.000000,0.993333,0.002667,108.054807,0.068830,0.000000,0.976000,0.009111,116.288188,0.105374,0.000000
1.000000,0.000000,0.000000,0.049335,0.000000,1.000000,0.000000,0.000000,0.012559,0.000000,1.000000,0.000000,0.000000,0.060777,0.000000
0.965889,0.006111,160.693825,0.093616,0.000106,0.985667,0.004889,132.595131,0.088630,0.002009,0.921889,0.023667,224.650619,0.146913,0.001686
1.000000,0.000000,0.000000,0.049421,0.000000,0.999778,0.000111,0.000000,0.012559,0.000000,0.999778,0.000000,0.000000,0.060777,0.000000
0.988556,0.002222,209.754108,0.143925,0.000000,0.992778,0.001667,78.205696,0.086217,0.001226,0.993556,0.001778,0.000000,0.060777,0.000000
0.924000,0.019333,263.199864,0.111831,0.002232,0.958111,0.019667,98.242952,0.059004,0.003772,0.881556,0.043111,30.731677,0.070359,0.000216
1.000000,0.000000,0.000000,0.049777,0.000000,0.999667,0.000222,0.000000,0.012559,0.000000,0.999667,0.000111,0.000000,0.060777,0.000000
0.923667,0.018889,139.043804,0.084207,0.003412,0.967333,0.014667,140.975386,0.083600,0.003102,0.816667,0.104889,212.109782,0.128415,0.002472
1.000000,0.000000,0.000000,0.049335,0.000000,0.999889,0.000000,0.000000,0.012559,0.000000,1.000000,0.000000,0.000000,0.060777,0.000000
1.000000,0.000000,0.000000,0.049335,0.000000,1.000000,0.000000,0.000000,0.012559,0.000000,1.000000,0.000000,0.000000,0.060777,0.000000
0.997111,0.000222,2.830113,0.051044,0.000000,0.997444,0.000889,65.414378,0.020002,0.000000,0.998111,0.000444,0.413956,0.060777,0.000000
0.978444,0.003444,318.052848,0.127679,0.000106,0.994000,0.002889,114.675802,0.074319,0.000000,0.901444,0.041667,35.974739,0.070725,0.000054
0.992778,0.001556,186.210893,0.107534,0.000000,0.990778,0.005556,132.385419,0.074787,0.000698,0.915889,0.048000,226.783140,0.121556,0.002974
0.960444,0.009667,325.413344,0.137393,0.000165,0.983444,0.005778,128.382338,0.091043,0.002378,0.938111,0.016000,34.077802,0.073839,0.001479
0.932667,0.017222,108.321964,0.078018,0.001593,0.966778,0.013111,120.463662,0.072769,0.002075,0.884667,0.041333,171.155187,0.120023,0.000597
0.998111,0.000000,0.673450,0.051345,0.000000,0.998222,0.000778,2.025310,0.013650,0.000000,0.998667,0.000667,0.000000,0.060777,0.000000
0.995333,0.000778,32.891865,0.069867,0.000000,0.992333,0.003000,84.363504,0.075138,0.000000,0.967889,0.014222,101.938337,0.086800,0.000155
1.000000,0.000000,0.000000,0.049684,0.000000,0.999667,0.000111,0.000000,0.012559,0.000000,0.999667,0.000111,0.000000,0.060777,0.000000
1.000000,0.000000,0.000000,0.049335,0.000000,1.000000,0.000000,0.000000,0.012559,0.000000,1.000000,0.000000,0.000000,0.060777,0.000000
0.846444,0.054556,167.186151,0.104211,0.010720,0.924000,0.046444,67.871801,0.062995,0.013852,0.695444,0.239333,18.043648,0.070133,0.015307
0.992778,0.001333,142.500420,0.124422,0.000000,0.996000,0.001222,67.168084,0.072602,0.000140,0.989222,0.003667,10.177818,0.070901,0.000000
1.000000,0.000000,0.000000,0.049335,0.000000,1.000000,0.000000,0.000000,0.012559,0.000000,1.000000,0.000000,0.000000,0.060777,0.000000
1.000000,0.000000,0.000000,0.049335,0.000000,1.000000,0.000000,0.000000,0.012559,0.000000,1.000000,0.000000,0.000000,0.060777,0.000000
1.000000,0.000000,0.000000,0.049335,0.000000,1.000000,0.000000,0.000000,0.012559,0.000000,1.000000,0.000000,0.000000,0.060777,0.000000
0.998000,0.000000,0.597397,0.050717,0.000000,0.998889,0.000444,1.262692,0.013676,0.000000,0.999111,0.000333,0.000000,0.060777,0.000000
0.985778,0.002889,188.250424,0.132523,0.000028,0.994333,0.001889,69.797221,0.084201,0.000448,0.925889,0.031222,30.219031,0.078062,0.002075
0.998889,0.000000,0.511700,0.050555,0.000000,0.998111,0.000667,4.251373,0.014868,0.000000,0.998667,0.000444,0.000000,0.060777,0.000000
1.000000,0.000000,0.000000,0.049335,0.000000,0.999778,0.000000,0.000000,0.012559,0.000000,1.000000,0.000000,0.000000,0.060777,0.000000
0.991667,0.001111,153.067158,0.125807,0.000000,0.995778,0.001444,78.439836,0.079072,0.000000,0.980222,0.007222,16.546612,0.074744,0.000000
1.000000,0.000000,0.000000,0.049697,0.000000,0.999667,0.000111,0.000000,0.012559,0.000000,0.999667,0.000111,0.000000,0.060777,0.000000
0.963556,0.005667,215.184274,0.117716,0.000429,0.976222,0.011222,90.054829,0.070370,0.002522,0.891556,0.044667,28.499276,0.072546,0.000000
1.000000,0.000000,0.000000,0.049701,0.000000,0.999667,0.000222,0.000000,0.012559,0.000000,0.999667,0.000111,0.000000,0.060777,0.000000
1.000000,0.000000,0.000000,0.049335,0.000000,1.000000,0.000000,0.000000,0.012559,0.000000,1.000000,0.000000,0.000000,0.060777,0.000000
1.000000,0.000000,0.000000,0.049335,0.000000,1.000000,0.000000,0.000000,0.012559,0.000000,1.000000,0.000000,0.000000,0.060777,0.000000
0.986444,0.003444,284.825708,0.126961,0.000013,0.988111,0.005556,118.035038,0.074803,0.002538,0.908000,0.042889,45.030936,0.077116,0.000009
1.000000,0.000000,0.000000,0.049335,0.000000,1.000000,0.000000,0.000000,0.012559,0.000000,1.000000,0.000000,0.000000,0.060777,0.000000
0.995889,0.000667,26.492533,0.063986,0.000000,0.995778,0.001556,21.937911,0.033452,0.000000,0.996667,0.000889,0.000000,0.060777,0.000000
0.997667,0.000111,1.398671,0.052829,0.000000,0.996111,0.001111,2.976102,0.017132,0.000000,0.996778,0.001000,0.000000,0.060777,0.000000
0.891778,0.031778,363.455221,0.120891,0.006508,0.946444,0.033667,153.882094,0.076362,0.009002,0.713556,0.235333,37.357143,0.069094,0.022281
1.000000,0.000000,0.000000,0.049677,0.000000,0.999667,0.000111,0.000000,0.012559,0.000000,0.999667,0.000111,0.000000,0.060777,0.000000
0.999000,0.000000,0.000000,0.050074,0.000000,0.999222,0.000333,0.669678,0.013680,0.000000,0.999333,0.000333,0.000000,0.060777,0.000000
1.000000,0.000000,0.000000,0.049335,0.000000,0.999778,0.000000,0.000000,0.012559,0.000000,0.999889,0.000000,0.000000,0.060777,0.000000
1.000000,0.000000,0.000000,0.049335,0.000000,1.000000,0.000000,0.000000,0.012559,0.000000,1.000000,0.000000,0.000000,0.060777,0.000000
0.912333,0.021222,259.713388,0.119585,0.004570,0.941556,0.029000,113.790978,0.073861,0.009420,0.816556,0.118889,30.640610,0.071468,0.002882
1.000000,0.000000,0.000000,0.049335,0.000000,1.000000,0.000000,0.000000,0.012559,0.000000,1.000000,0.000000,0.000000,0.060777,0.000000
0.999444,0.000000,0.000000,0.050919,0.000000,0.997222,0.000889,93.613308,0.019195,0.000514,0.994000,0.002333,8.419556,0.060777,0.000002
1.000000,0.000000,0.000000,0.049335,0.000000,1.000000,0.000000,0.000000,0.012559,0.000000,1.000000,0.000000,0.000000,0.060777,0.000000
1.000000,0.000000,0.000000,0.049335,0.000000,0.999778,0.000000,0.000000,0.012559,0.000000,1.000000,0.000000,0.000000,0.060777,0.000000
1.000000,0.000000,0.000000,0.049335,0.000000,1.000000,0.000000,0.000000,0.012559,0.000000,1.000000,0.000000,0.000000,0.060777,0.000000
1.000000,0.000000,0.000000,0.049411,0.000000,0.999778,0.000111,0.000000,0.012559,0.000000,0.999778,0.000000,0.000000,0.060777,0.000000
1.000000,0.000000,0.000000,0.049335,0.000000,1.000000,0.000000,0.000000,0.012559,0.000000,1.000000,0.000000,0.000000,0.060777,0.000000
0.994556,0.000667,144.570343,0.097542,0.000000,0.991889,0.003333,129.628777,0.078694,0.000000,0.966667,0.016000,138.056253,0.096574,0.000347
0.995111,0.000778,24.074954,0.066702,0.000000,0.992778,0.002333,79.787133,0.077880,0.000000,0.958444,0.020333,111.713057,0.084709,0.000623
0.996111,0.000333,2.898814,0.051237,0.000000,0.998778,0.000556,2.239366,0.014385,0.000000,0.999111,0.000444,0.000000,0.060777,0.000000
1.000000,0.000000,0.000000,0.049988,0.000000,0.999000,0.000333,6.158747,0.012786,0.000000,0.998222,0.000444,0.192464,0.060777,0.000000
0.999222,0.000000,0.000000,0.050207,0.000000,0.998778,0.000444,1.034099,0.013677,0.000000,0.999000,0.000444,0.000000,0.060777,0.000000
1.000000,0.000000,0.000000,0.049793,0.000000,0.999667,0.000222,0.000000,0.012559,0.000000,0.999667,0.000222,0.000000,0.060777,0.000000
0.994556,0.000556,89.646789,0.100748,0.000000,0.993222,0.002778,69.582042,0.073175,0.000000,0.959444,0.018444,108.391633,0.116723,0.000542
1.000000,0.000000,0.000000,0.049423,0.000000,0.999778,0.000111,0.000000,0.012559,0.000000,0.999778,0.000000,0.000000,0.060777,0.000000
0.980000,0.003667,214.657064,0.121896,0.000083,0.995111,0.002111,74.376316,0.067509,0.000000,0.937111,0.016778,20.984902,0.069430,0.000000
0.999778,0.000000,0.000000,0.050196,0.000000,0.999333,0.000333,0.637890,0.012559,0.000000,0.999222,0.000333,0.000000,0.060777,0.000000
0.994556,0.000889,35.889384,0.069107,0.000000,0.992111,0.002444,96.277381,0.072080,0.000550,0.960000,0.022667,151.518004,0.071895,0.003173
1.000000,0.000000,0.000000,0.049898,0.000000,0.999667,0.000222,1.872333,0.012559,0.000000,0.999222,0.000222,0.000000,0.060777,0.000000
0.993222,0.001000,98.285625,0.105406,0.000000,0.992333,0.003889,66.675396,0.073739,0.000000,0.967667,0.014222,89.357280,0.116840,0.001958
1.000000,0.000000,0.000000,0.049895,0.000000,0.999556,0.000333,0.000000,0.012559,0.000000,0.999556,0.000222,0.000000,0.060777,0.000000
1.000000,0.000000,0.000000,0.049651,0.000000,0.999667,0.000111,0.000000,0.012559,0.000000,0.999778,0.000111,0.000000,0.060777,0.000000
1.000000,0.000000,0.000000,0.049335,0.000000,1.000000,0.000000,0.000000,0.012559,0.000000,1.000000,0.000000,0.000000,0.060777,0.000000
1.000000,0.000000,0.000000,0.049514,0.000000,0.999778,0.000111,0.000000,0.012559,0.000000,0.999778,0.000111,0.000000,0.060777,0.000000
1.000000,0.000000,0.000000,0.049453,0.000000,0.999778,0.000111,0.000000,0.012559,0.000000,0.999778,0.000000,0.000000,0.060777,0.000000
1.000000,0.000000,0.000000,0.049504,0.000000,0.999778,0.000111,0.000000,0.012559,0.000000,0.999778,0.000111,0.000000,0.060777,0.000000
1.000000,0.000000,0.000000,0.049422,0.000000,0.999778,0.000111,0.000000,0.012559,0.000000,0.999778,0.000000,0.000000,0.060777,0.000000
0.992667,0.001556,112.922841,0.110027,0.000000,0.993000,0.003556,79.669270,0.075383,0.000041,0.938889,0.026889,124.354407,0.122034,0.002624
0.984222,0.002111,277.282180,0.138860,0.000000,0.995333,0.001222,94.991226,0.083561,0.000585,0.955333,0.009222,31.017383,0.072009,0.000000
0.997111,0.000222,10.753774,0.055499,0.000000,0.994889,0.001556,63.253868,0.051650,0.000579,0.987111,0.005111,14.793225,0.061226,0.000036
1.000000,0.000000,0.000000,0.049619,0.000000,0.999667,0.000111,0.000000,0.012559,0.000000,0.999778,0.000111,0.000000,0.060777,0.000000
1.000000,0.000000,0.000000,0.049583,0.000000,0.999667,0.000111,0.000000,0.012559,0.000000,0.999778,0.000111,0.000000,0.060777,0.000000
1.000000,0.000000,0.000000,0.049335,0.000000,1.000000,0.000000,0.000000,0.012559,0.000000,1.000000,0.000000,0.000000,0.060777,0.000000
1.000000,0.000000,0.000000,0.049335,0.000000,1.000000,0.000000,0.000000,0.012559,0.000000,1.000000,0.000000,0.000000,0.060777,0.000000
1.000000,0.000000,0.000000,0.049470,0.000000,0.999778,0.000111,0.000000,0.012559,0.000000,0.999778,0.000000,0.000000,0.060777,0.000000
1.000000,0.000000,0.000000,0.049335,0.000000,1.000000,0.000000,0.000000,0.012559,0.000000,1.000000,0.000000,0.000000,0.060777,0.000000
0.996333,0.000333,44.193420,0.072328,0.000000,0.993111,0.001778,30.662456,0.045195,0.000000,0.993444,0.001556,0.000000,0.060777,0.000000
0.996889,0.000444,40.312992,0.075839,0.000000,0.992111,0.002000,45.109719,0.059635,0.000781,0.987444,0.003889,12.208514,0.062702,0.000000
0.999889,0.000000,0.000000,0.049846,0.000000,0.999444,0.000333,0.000000,0.012559,0.000000,0.999667,0.000111,0.000000,0.060777,0.000000
0.894222,0.022333,99.068548,0.080417,0.004551,0.960778,0.018556,117.359630,0.079774,0.005865,0.750000,0.170444,189.706293,0.122238,0.007187
0.976667,0.001889,225.263797,0.144622,0.000117,0.990000,0.003222,90.048811,0.090868,0.000969,0.932444,0.027222,25.562089,0.072878,0.000000
0.998222,0.000000,0.599740,0.051627,0.000000,0.996556,0.001222,50.668914,0.019110,0.000689,0.994778,0.002111,2.977559,0.060777,0.000000
0.993778,0.001444,29.537130,0.071776,0.000000,0.991778,0.002556,80.797994,0.082424,0.000000,0.942222,0.036000,156.006941,0.104221,0.006148
0.996667,0.000222,23.043810,0.062338,0.000000,0.994889,0.002111,95.075787,0.061147,0.001127,0.980667,0.008556,27.612557,0.061656,0.000488
1.000000,0.000000,0.000000,0.049335,0.000000,1.000000,0.000000,0.000000,0.012559,0.000000,1.000000,0.000000,0.000000,0.060777,0.000000
0.995333,0.000667,80.133894,0.096299,0.000000,0.993778,0.001556,77.680588,0.079672,0.000000,0.975778,0.009222,60.419064,0.082430,0.000000
0.944111,0.012333,182.630651,0.114202,0.001282,0.980333,0.008000,71.147912,0.072513,0.001674,0.881667,0.044000,18.633091,0.069697,0.000203
0.986667,0.002778,384.927377,0.132697,0.000023,0.983778,0.006667,169.043483,0.084720,0.001198,0.925889,0.029333,64.563963,0.077855,0.000000
1.000000,0.000000,0.000000,0.049491,0.000000,0.999778,0.000111,0.000000,0.012559,0.000000,0.999778,0.000111,0.000000,0.060777,0.000000
1.000000,0.000000,0.000000,0.049335,0.000000,0.999778,0.000000,0.000000,0.012559,0.000000,0.999778,0.000000,0.000000,0.060777,0.000000
0.951222,0.007778,110.064575,0.084721,0.001632,0.992667,0.003556,101.488577,0.080911,0.001404,0.833667,0.092778,173.755590,0.121716,0.001918
