0.965,0,218.850087,0.099331,0.086436,0.98,0,132.791836,0.075193,0.056792,0.955,0,179.924147,0.081088,0.152938
0.96,0,66.363068,0.073629,0.086436,0.98,0,132.791836,0.074659,0.056792,0.955,0,210.956206,0.088938,0.152938
0.955,0,58.659205,0.073551,0.086436,0.98,0,132.791836,0.075193,0.053654,0.955,0,199.128371,0.083237,0.152938
0.955,0,63.368162,0.074356,0.103888,0.98,0,132.791836,0.074659,0.053654,0.955,0,199.128371,0.083237,0.152938
0.96,0,59.760925,0.073551,0.086436,0.98,0,132.791836,0.075193,0.053654,0.955,0,201.672403,0.08838,0.152938
0.965,0,260.900068,0.111347,0.086436,0.975,0,126.664766,0.074465,0.068369,0.955,0,163.78573,0.075751,0.152938
0.96,0,67.559202,0.074419,0.086436,0.975,0,126.664766,0.074465,0.068291,0.955,0,201.672403,0.08838,0.152938
0.97,0,269.247867,0.106133,0.086436,0.975,0,126.664766,0.074659,0.068369,0.955,0,176.160975,0.083237,0.152938
0.96,0,230.644064,0.101636,0.086436,0.98,0,132.791836,0.074659,0.056792,0.955,0,169.239181,0.079306,0.152938
0.97,0,268.912101,0.103323,0.086436,0.975,0,126.664766,0.074465,0.068291,0.955,0,178.88243,0.082556,0.152938
0.96,0,62.187875,0.074143,0.103888,0.98,0,132.791836,0.075193,0.053654,0.955,0,209.150502,0.085001,0.152938
0.965,0,231.86557,0.102641,0.086436,0.98,0,132.791836,0.074659,0.056792,0.955,0,169.239181,0.079306,0.152938
0.955,0,64.207154,0.073551,0.086436,0.975,0,126.664766,0.074465,0.068354,0.955,0,199.128371,0.083237,0.152938
0.97,0,265.068546,0.102641,0.086436,0.975,0,126.664766,0.074659,0.068369,0.955,0,178.88243,0.082556,0.152938
0.96,0,67.559202,0.074419,0.086436,0.975,0,126.664766,0.074544,0.068291,0.955,0,200.171398,0.08838,0.152938
0.96,0,65.799996,0.072668,0.103888,0.975,0,126.664766,0.074465,0.068291,0.955,0,210.956206,0.089125,0.152938
0.97,0,243.005306,0.101616,0.086436,0.98,0,132.791836,0.074659,0.056792,0.955,0,178.88243,0.082865,0.152938
0.96,0,62.765711,0.072668,0.103888,0.98,0,132.791836,0.074659,0.056792,0.955,0,200.171398,0.088531,0.152938
0.97,0,195.346427,0.095873,0.086436,0.98,0,132.791836,0.074659,0.056792,0.955,0,197.601962,0.088057,0.152938
0.96,0,64.240536,0.070949,0.103888,0.98,0,132.791836,0.075193,0.056792,0.955,0,211.877936,0.089368,0.152938
0.965,0,256.430489,0.099331,0.086436,0.98,0,132.791836,0.075193,0.050862,0.955,0,169.239181,0.079306,0.152938
0.97,0,255.439206,0.103804,0.086436,0.98,0,132.791836,0.075193,0.050862,0.955,0,179.70643,0.085001,0.152938
0.965,0,231.86557,0.102641,0.086436,0.98,0,132.791836,0.074659,0.068431,0.955,0,169.239181,0.079306,0.152938
0.97,0,268.912101,0.109158,0.086436,0.98,0,132.791836,0.074659,0.056792,0.955,0,178.88243,0.082556,0.152938
0.96,0,64.207154,0.074356,0.086436,0.98,0,132.791836,0.075193,0.050862,0.955,0,209.150502,0.085001,0.152938
0.96,0,72.289451,0.074419,0.086436,0.98,0,132.791836,0.074659,0.056792,0.955,0,210.956206,0.088938,0.152938
0.96,0,64.240536,0.074356,0.103888,0.975,0,126.664766,0.074465,0.068351,0.955,0,209.150502,0.085001,0.152938
0.97,0,227.823608,0.109158,0.086436,0.975,0,126.664766,0.074465,0.068291,0.955,0,196.811831,0.087644,0.152938
0.97,0,210.771279,0.096695,0.086662,0.98,0,132.791836,0.074659,0.056775,0.955,0,182.693925,0.087592,0.152938
0.97,0,265.068546,0.102641,0.086436,0.975,0,126.664766,0.074465,0.068369,0.955,0,178.88243,0.082556,0.152938
0.96,0,68.866544,0.074419,0.086436,0.975,0,126.664766,0.074217,0.068291,0.955,0,210.956206,0.088938,0.152938
0.955,0,62.187875,0.074419,0.103888,0.975,0,126.664766,0.074465,0.068291,0.955,0,199.128371,0.083237,0.152938
0.955,0,63.368162,0.074419,0.103888,0.98,0,132.791836,0.074659,0.056792,0.955,0,199.128371,0.083237,0.152938
0.965,0,256.430489,0.099256,0.086436,0.975,0,126.664766,0.074659,0.068369,0.955,0,169.239181,0.079306,0.152938
0.965,0,206.79634,0.096695,0.086436,0.975,0,126.664766,0.074465,0.068369,0.955,0,182.693925,0.08674,0.152938
0.97,0,205.12824,0.096695,0.086436,0.975,0,126.664766,0.074465,0.068291,0.955,0,211.384947,0.088057,0.152938
0.97,0,270.612611,0.111347,0.086436,0.98,0,132.791836,0.074659,0.056792,0.96,0,173.714421,0.079306,0.152938
0.97,0,270.612611,0.111347,0.086436,0.98,0,132.791836,0.074659,0.056792,0.96,0,173.714421,0.079306,0.152938
0.965,0,231.86557,0.102641,0.086436,0.98,0,132.791836,0.074659,0.056792,0.955,0,169.239181,0.079306,0.152938
0.955,0,71.978002,0.074356,0.086436,0.98,0,132.791836,0.074659,0.053654,0.955,0,199.128371,0.083237,0.152938
0.97,0,201.685938,0.100863,0.086436,0.98,0,132.791836,0.074659,0.056792,0.955,0,209.599195,0.088057,0.152938
0.96,0,67.559202,0.074356,0.086436,0.975,0,126.664766,0.074659,0.068354,0.955,0,200.171398,0.08838,0.152938
0.97,0,201.685938,0.101125,0.086436,0.98,0,132.791836,0.075193,0.050862,0.955,0,211.384947,0.088057,0.152938
0.955,0,62.187875,0.074419,0.103888,0.975,0,126.664766,0.074465,0.068291,0.955,0,199.128371,0.083237,0.152938
0.96,0,72.472195,0.076029,0.086436,0.98,0,132.791836,0.074659,0.056792,0.955,0,209.150502,0.084993,0.152938
0.97,0,266.263379,0.109815,0.086436,0.975,0,126.664766,0.074465,0.068369,0.96,0,189.844694,0.087055,0.152938
0.965,0,260.900068,0.111347,0.086436,0.98,0,132.791836,0.074659,0.062271,0.955,0,163.78573,0.075751,0.152938
0.965,0,229.632681,0.099256,0.086436,0.98,0,132.791836,0.075193,0.056792,0.955,0,172.871841,0.079991,0.152938
0.97,0,201.685938,0.100863,0.086436,0.98,0,132.791836,0.074659,0.053654,0.955,0,211.384947,0.088057,0.152938
0.97,0,197.032025,0.096695,0.086436,0.98,0,132.791836,0.074659,0.056792,0.955,0,211.384947,0.088057,0.152938
0.97,0,221.466147,0.107413,0.086436,0.98,0,132.791836,0.074659,0.056792,0.955,0,196.811831,0.087644,0.152938
0.97,0,221.466147,0.107413,0.086436,0.98,0,132.791836,0.075193,0.056792,0.955,0,195.03493,0.087644,0.152938
0.96,0,65.43667,0.075052,0.103888,0.98,0,132.791836,0.074659,0.050862,0.955,0,209.150502,0.085001,0.152938
0.97,0,270.612611,0.111895,0.086436,0.975,0,126.664766,0.074659,0.068369,0.96,0,173.714421,0.079306,0.152938
0.96,0,72.472195,0.075962,0.086436,0.975,0,126.664766,0.074465,0.068291,0.955,0,209.150502,0.084993,0.152938
0.96,0,72.472195,0.075962,0.086436,0.98,0,132.791836,0.074659,0.062271,0.955,0,209.150502,0.084993,0.152938
0.955,0,71.978002,0.073557,0.086436,0.975,0,126.664766,0.074465,0.068291,0.955,0,199.128371,0.083237,0.152938
0.96,0,65.43667,0.073557,0.103888,0.975,0,126.664766,0.074659,0.068291,0.955,0,209.150502,0.085001,0.152938
0.96,0,66.363068,0.074419,0.086436,0.975,0,126.664766,0.074465,0.068291,0.955,0,200.171398,0.08838,0.152938
0.96,0,64.240536,0.072668,0.103888,0.975,0,126.664766,0.074659,0.068291,0.955,0,211.877936,0.089289,0.152938
0.965,0,229.632681,0.099256,0.086436,0.98,0,132.791836,0.075193,0.056792,0.955,0,174.61594,0.079991,0.152938
0.96,0,62.765711,0.072668,0.103888,0.98,0,132.791836,0.074659,0.056792,0.955,0,201.672403,0.088938,0.152938
0.965,0,229.632681,0.099256,0.086436,0.98,0,132.791836,0.075193,0.053654,0.955,0,174.61594,0.079991,0.152938
0.955,0,68.419645,0.074419,0.086436,0.98,0,132.791836,0.075193,0.068291,0.955,0,199.128371,0.083237,0.152938
0.97,0,259.387131,0.109815,0.086436,0.98,0,132.791836,0.074659,0.053654,0.955,0,177.872345,0.085001,0.152938
0.96,0,68.59525,0.073629,0.086436,0.98,0,132.791836,0.075193,0.056792,0.955,0,200.171398,0.08838,0.152938
0.97,0,268.912101,0.103323,0.086436,0.98,0,132.791836,0.074659,0.053654,0.955,0,178.88243,0.082556,0.152938
0.96,0,66.363068,0.074143,0.086436,0.98,0,132.791836,0.074659,0.053654,0.955,0,209.150502,0.085001,0.152938
0.965,0,218.850087,0.099256,0.086436,0.975,0,126.664766,0.074659,0.068351,0.955,0,178.100732,0.081088,0.152938
0.97,0,197.032025,0.096695,0.086436,0.98,0,132.791836,0.075193,0.056792,0.955,0,211.384947,0.088057,0.152938
0.97,0,224.015663,0.103804,0.086436,0.975,0,126.664766,0.074659,0.068291,0.955,0,196.811831,0.087644,0.152938
0.96,0,66.363068,0.073551,0.086436,0.98,0,132.791836,0.074659,0.056792,0.955,0,210.956206,0.088938,0.152938
0.96,0,56.742238,0.07214,0.103888,0.98,0,132.791836,0.075193,0.056792,0.955,0,201.672403,0.089289,0.152938
0.965,0,229.632681,0.099331,0.086436,0.98,0,132.791836,0.075193,0.056792,0.955,0,172.871841,0.079991,0.152938
0.97,0,241.993923,0.099256,0.086436,0.98,0,132.791836,0.075193,0.062271,0.955,0,183.010953,0.083022,0.152938
0.96,0,64.284326,0.073551,0.086436,0.975,0,126.664766,0.074659,0.068291,0.955,0,201.672403,0.08838,0.152938
0.96,0,56.742238,0.071775,0.103888,0.98,0,132.791836,0.075193,0.056792,0.955,0,201.672403,0.089289,0.152938
0.96,0,67.31861,0.073551,0.103888,0.975,0,126.664766,0.074465,0.068291,0.955,0,210.956206,0.088938,0.152938
0.965,0,260.900068,0.103323,0.086436,0.98,0,132.791836,0.074659,0.056792,0.955,0,163.78573,0.075751,0.152938
0.965,0,257.346701,0.102641,0.086436,0.975,0,126.664766,0.074465,0.068291,0.955,0,169.239181,0.079306,0.152938
0.97,0,270.612611,0.11029,0.086436,0.975,0,126.664766,0.074465,0.068435,0.96,0,173.714421,0.079306,0.152938
0.97,0,227.823608,0.108684,0.086436,0.975,0,126.664766,0.074465,0.068351,0.955,0,195.03493,0.087644,0.152938
0.96,0,230.644064,0.101636,0.086436,0.975,0,126.664766,0.074465,0.068431,0.955,0,169.239181,0.079306,0.152938
0.965,0,260.900068,0.111347,0.086436,0.98,0,132.791836,0.075193,0.056792,0.955,0,163.78573,0.075751,0.152938
0.97,0,195.346427,0.095873,0.086436,0.98,0,132.791836,0.074659,0.056792,0.955,0,197.601962,0.088057,0.152938
0.97,0,212.653725,0.101616,0.086436,0.975,0,126.664766,0.074659,0.068431,0.955,0,182.693925,0.087592,0.152938
0.965,0,218.850087,0.099331,0.086436,0.98,0,132.791836,0.075193,0.056792,0.955,0,179.924147,0.081088,0.152938
0.96,0,74.30116,0.079856,0.086436,0.975,0,126.664766,0.074659,0.068291,0.955,0,209.150502,0.084993,0.152938
0.97,0,216.673691,0.099256,0.086436,0.98,0,132.791836,0.075193,0.056792,0.955,0,189.844694,0.083237,0.152938
0.97,0,270.612611,0.110836,0.086436,0.98,0,132.791836,0.074659,0.050862,0.96,0,173.714421,0.079306,0.152938
0.97,0,265.068546,0.102641,0.086436,0.98,0,132.791836,0.074659,0.062271,0.955,0,178.88243,0.082556,0.152938
0.96,0,64.240536,0.073629,0.103888,0.975,0,126.664766,0.074659,0.068351,0.955,0,200.171398,0.088531,0.152938
0.97,0,264.222949,0.10315,0.086436,0.98,0,132.791836,0.074659,0.053654,0.955,0,178.88243,0.082556,0.152938
0.955,0,74.065623,0.074419,0.086436,0.98,0,132.791836,0.075193,0.068291,0.955,0,199.128371,0.083237,0.152938
0.97,0,221.466147,0.107413,0.086436,0.98,0,132.791836,0.075193,0.056792,0.955,0,196.811831,0.087644,0.152938
0.955,0,71.978002,0.074419,0.086436,0.98,0,132.791836,0.074659,0.056792,0.955,0,199.128371,0.083237,0.152938
0.97,0,217.283508,0.099331,0.086436,0.98,0,132.791836,0.074659,0.056792,0.955,0,188.053793,0.083237,0.152938
0.97,0,270.612611,0.110836,0.086436,0.98,0,132.791836,0.075193,0.050862,0.96,0,173.714421,0.079306,0.152938
0.97,0,270.612611,0.111895,0.086436,0.98,0,132.791836,0.075193,0.056792,0.96,0,173.714421,0.079306,0.152938
0.955,0,63.368162,0.075016,0.103888,0.98,0,132.791836,0.074659,0.053654,0.955,0,199.128371,0.083237,0.152938
0.965,0,260.900068,0.111347,0.086436,0.98,0,132.791836,0.074659,0.056792,0.955,0,163.78573,0.075903,0.152938
0.96,0,74.30116,0.079856,0.086436,0.975,0,126.664766,0.074465,0.068291,0.955,0,209.150502,0.084993,0.152938
0.955,0,64.207154,0.073551,0.086436,0.975,0,126.664766,0.074465,0.068291,0.955,0,199.128371,0.083237,0.152938
0.955,0,57.843957,0.074419,0.103888,0.98,0,132.791836,0.075193,0.056792,0.955,0,199.128371,0.083237,0.152938
0.955,0,64.207154,0.073551,0.086436,0.975,0,126.664766,0.074659,0.068291,0.955,0,199.128371,0.083237,0.152938
0.97,0,224.015663,0.103323,0.086436,0.98,0,132.791836,0.074659,0.056792,0.955,0,196.811831,0.087644,0.152938
0.965,0,218.850087,0.099256,0.086436,0.98,0,132.791836,0.075193,0.056792,0.955,0,179.924147,0.081088,0.152938
0.965,0,260.900068,0.111347,0.086436,0.98,0,132.791836,0.075193,0.056792,0.955,0,163.78573,0.075903,0.152938
0.96,0,74.30116,0.079856,0.086436,0.98,0,132.791836,0.074659,0.053654,0.955,0,209.150502,0.084993,0.152938
0.97,0,195.346427,0.094356,0.086436,0.98,0,132.791836,0.075193,0.056792,0.955,0,197.601962,0.088057,0.152938
0.97,0,268.170874,0.109158,0.086436,0.98,0,132.791836,0.075193,0.056792,0.955,0,183.010953,0.082865,0.152938
0.97,0,279.0924,0.106217,0.086436,0.975,0,126.664766,0.074465,0.068291,0.955,0,189.075151,0.082981,0.152938
0.955,0,68.419645,0.074419,0.086436,0.98,0,132.791836,0.075193,0.056792,0.955,0,199.128371,0.083237,0.152938
0.96,0,71.978002,0.075083,0.086436,0.975,0,126.664766,0.074659,0.068291,0.955,0,211.877936,0.089125,0.152938
0.965,0,212.987559,0.096695,0.086436,0.975,0,126.664766,0.074659,0.068291,0.955,0,182.693925,0.087592,0.152938
0.96,0,72.289451,0.073557,0.086436,0.98,0,132.791836,0.074659,0.062271,0.955,0,211.877936,0.089125,0.152938
0.96,0,65.43667,0.074419,0.103888,0.98,0,132.791836,0.074659,0.056792,0.955,0,209.150502,0.085001,0.152938
0.96,0,64.284326,0.073629,0.086436,0.975,0,126.664766,0.074659,0.068291,0.955,0,201.672403,0.08838,0.152938
0.955,0,68.419645,0.074419,0.086436,0.98,0,132.791836,0.075193,0.056792,0.955,0,199.128371,0.083237,0.152938
0.97,0,259.387131,0.109815,0.086436,0.975,0,126.664766,0.074659,0.068369,0.955,0,179.70643,0.084993,0.152938
0.97,0,266.263379,0.109815,0.086436,0.975,0,126.664766,0.074659,0.068431,0.96,0,189.844694,0.087055,0.152938
0.96,0,214.544873,0.099256,0.086436,0.98,0,132.791836,0.075193,0.056792,0.955,0,178.100732,0.081088,0.152938
0.97,0,270.211304,0.111045,0.086436,0.975,0,126.664766,0.074465,0.068369,0.96,0,188.02128,0.087055,0.152938
0.965,0,260.900068,0.11029,0.086436,0.975,0,126.664766,0.074659,0.068431,0.955,0,163.78573,0.075751,0.152938
0.965,0,216.673691,0.099256,0.086436,0.975,0,126.664766,0.074465,0.068291,0.955,0,189.844694,0.083237,0.152938
0.97,0,259.387131,0.109815,0.086436,0.98,0,132.791836,0.075193,0.056792,0.955,0,179.70643,0.085001,0.152938
0.965,0,260.900068,0.111423,0.086662,0.98,0,132.791836,0.075193,0.062262,0.955,0,163.78573,0.075903,0.152938
0.96,0,66.363068,0.073551,0.086436,0.98,0,132.791836,0.074659,0.053654,0.955,0,209.150502,0.085001,0.152938
0.97,0,265.068546,0.102641,0.086436,0.975,0,126.664766,0.074465,0.068369,0.955,0,178.88243,0.082556,0.152938
0.97,0,269.016471,0.107413,0.086436,0.975,0,126.664766,0.074465,0.068431,0.955,0,178.88243,0.082556,0.152938
0.97,0,227.823608,0.109271,0.086436,0.975,0,126.664766,0.074465,0.068351,0.955,0,196.811831,0.087644,0.152938
0.965,0,260.900068,0.111347,0.086436,0.98,0,132.791836,0.075193,0.056792,0.955,0,163.78573,0.075751,0.152938
0.96,0,57.843957,0.075016,0.103888,0.98,0,132.791836,0.075193,0.053654,0.955,0,200.171398,0.08838,0.152938
0.96,0,194.934298,0.095873,0.086436,0.975,0,126.664766,0.074465,0.068291,0.955,0,197.601962,0.088057,0.152938
0.965,0,218.850087,0.099256,0.086436,0.98,0,132.791836,0.075193,0.056792,0.955,0,179.924147,0.081088,0.152938
0.97,0,259.387131,0.109815,0.086436,0.975,0,126.664766,0.074659,0.068369,0.955,0,177.872345,0.084993,0.152938
0.955,0,63.368162,0.075016,0.103888,0.975,0,126.664766,0.074465,0.068291,0.955,0,199.128371,0.083237,0.152938
0.955,0,71.978002,0.074356,0.086436,0.98,0,132.791836,0.074659,0.053654,0.955,0,199.128371,0.083237,0.152938
0.97,0,268.912101,0.103804,0.086436,0.975,0,126.664766,0.074465,0.068291,0.955,0,178.88243,0.082556,0.152938
0.965,0,260.900068,0.111347,0.086436,0.98,0,132.791836,0.074659,0.062271,0.955,0,163.78573,0.075751,0.152938
0.965,0,212.987559,0.096695,0.086436,0.98,0,132.791836,0.075193,0.053654,0.955,0,182.693925,0.087592,0.152938
0.96,0,66.363068,0.073551,0.103888,0.98,0,132.791836,0.074659,0.056792,0.955,0,209.150502,0.085001,0.152938
0.96,0,71.978002,0.074419,0.086436,0.975,0,126.664766,0.074659,0.068291,0.955,0,210.956206,0.088938,0.152938
0.965,0,281.379201,0.111347,0.086436,0.975,0,126.664766,0.074659,0.068431,0.955,0,135.605695,0.073282,0.152938
0.97,0,270.211304,0.11029,0.086436,0.98,0,132.791836,0.075193,0.053654,0.96,0,188.02128,0.087567,0.152938
0.965,0,260.900068,0.103804,0.086436,0.975,0,126.664766,0.074465,0.068369,0.955,0,163.78573,0.075903,0.152938
0.97,0,265.068546,0.102641,0.086436,0.975,0,126.664766,0.074465,0.068431,0.955,0,178.88243,0.082556,0.152938
0.96,0,74.30116,0.08137,0.086436,0.98,0,132.791836,0.075193,0.056792,0.955,0,209.150502,0.084993,0.152938
0.96,0,72.472195,0.076373,0.086436,0.975,0,126.664766,0.074465,0.068291,0.955,0,209.150502,0.084993,0.152938
0.97,0,259.387131,0.109815,0.086436,0.98,0,132.791836,0.074659,0.056792,0.955,0,179.70643,0.085001,0.152938
0.96,0,218.850087,0.099256,0.086436,0.975,0,126.664766,0.074465,0.068291,0.955,0,179.924147,0.081088,0.152938
0.955,0,56.742238,0.073551,0.103888,0.98,0,132.791836,0.075193,0.056792,0.955,0,199.128371,0.083237,0.152938
0.955,0,63.368162,0.075016,0.103888,0.975,0,126.664766,0.074659,0.068351,0.955,0,199.128371,0.083237,0.152938
0.965,0,260.900068,0.103804,0.086436,0.975,0,126.664766,0.074465,0.068431,0.955,0,163.78573,0.075903,0.152938
0.97,0,269.016471,0.107413,0.086436,0.98,0,132.791836,0.074659,0.056792,0.955,0,178.88243,0.082556,0.152938
0.97,0,220.631658,0.099331,0.086436,0.975,0,126.664766,0.074659,0.068291,0.955,0,188.053793,0.083237,0.152938
0.96,0,74.30116,0.079856,0.086436,0.975,0,126.664766,0.074659,0.068351,0.955,0,209.150502,0.084993,0.152938
0.97,0,224.015663,0.103804,0.086436,0.98,0,132.791836,0.075193,0.053654,0.955,0,195.03493,0.087644,0.152938
0.97,0,268.912101,0.109271,0.086436,0.975,0,126.664766,0.074465,0.068291,0.955,0,178.88243,0.082556,0.152938
0.96,0,65.799996,0.072668,0.103888,0.975,0,126.664766,0.074659,0.068291,0.955,0,210.956206,0.089125,0.152938
0.96,0,230.644064,0.102641,0.086436,0.975,0,126.664766,0.074465,0.068369,0.955,0,169.239181,0.079306,0.152938
0.97,0,212.653725,0.101616,0.086436,0.98,0,132.791836,0.075193,0.068369,0.955,0,182.693925,0.087592,0.152938
0.955,0,64.207154,0.074419,0.086436,0.975,0,126.664766,0.074659,0.068291,0.955,0,199.128371,0.083237,0.152938
0.97,0,265.068546,0.102641,0.086436,0.975,0,126.664766,0.074465,0.068373,0.955,0,178.88243,0.082556,0.152938
0.96,0,59.760925,0.073629,0.086436,0.98,0,132.791836,0.075193,0.056792,0.955,0,200.171398,0.08838,0.152938
0.965,0,260.900068,0.106133,0.086662,0.98,0,132.791836,0.075193,0.056775,0.955,0,163.78573,0.075751,0.152938
0.96,0,64.284326,0.073551,0.086436,0.975,0,126.664766,0.074465,0.068291,0.955,0,201.672403,0.08838,0.152938
0.97,0,269.016471,0.107413,0.086436,0.975,0,126.664766,0.074659,0.068369,0.955,0,178.88243,0.082556,0.152938
0.96,0,64.207154,0.074143,0.086436,0.98,0,132.791836,0.075193,0.056792,0.955,0,209.150502,0.085001,0.152938
0.96,0,65.43667,0.073551,0.103888,0.975,0,126.664766,0.074465,0.068291,0.955,0,211.877936,0.089125,0.152938
0.96,0,65.43667,0.075052,0.103888,0.975,0,126.664766,0.074465,0.068291,0.955,0,209.150502,0.085001,0.152938
0.97,0,270.211304,0.11029,0.086436,0.975,0,126.664766,0.074465,0.068431,0.96,0,189.844694,0.087055,0.152938
0.96,0,195.346427,0.095873,0.086436,0.975,0,126.664766,0.074465,0.068294,0.955,0,197.601962,0.088057,0.152938
0.955,0,64.207154,0.073629,0.086436,0.98,0,132.791836,0.074659,0.056792,0.955,0,199.128371,0.083237,0.152938
0.955,0,214.544873,0.099256,0.086436,0.975,0,126.664766,0.074465,0.068351,0.955,0,179.924147,0.081088,0.152938
0.97,0,217.491208,0.102641,0.086436,0.98,0,132.791836,0.074659,0.053654,0.955,0,196.811831,0.087644,0.152938
0.97,0,268.912101,0.10315,0.086436,0.975,0,126.664766,0.074659,0.068291,0.955,0,178.88243,0.082556,0.152938
0.955,0,73.291341,0.073557,0.086436,0.975,0,126.664766,0.074659,0.068291,0.955,0,199.128371,0.083237,0.152938
0.96,0,67.31861,0.073551,0.086436,0.975,0,126.664766,0.074659,0.068291,0.955,0,211.877936,0.089125,0.152938
0.97,0,255.439206,0.103804,0.086436,0.975,0,126.664766,0.074659,0.068431,0.955,0,179.70643,0.084993,0.152938
0.97,0,227.823608,0.109158,0.086436,0.975,0,126.664766,0.074465,0.068291,0.955,0,195.03493,0.087644,0.152938
0.96,0,65.43667,0.073531,0.103888,0.975,0,126.664766,0.074659,0.068351,0.955,0,210.956206,0.088938,0.152938
0.97,0,223.348593,0.109158,0.086436,0.975,0,126.664766,0.074659,0.068369,0.955,0,196.811831,0.087644,0.152938
0.97,0,199.588211,0.096695,0.086436,0.98,0,132.791836,0.075193,0.062271,0.955,0,209.599195,0.088057,0.152938
0.96,0,66.363068,0.074356,0.086436,0.975,0,126.664766,0.074659,0.068351,0.955,0,201.672403,0.08838,0.152938
0.97,0,264.222949,0.103804,0.086436,0.98,0,132.791836,0.075193,0.062271,0.955,0,183.010953,0.082865,0.152938
0.97,0,217.283508,0.099256,0.086436,0.98,0,132.791836,0.074659,0.053654,0.955,0,188.053793,0.083237,0.152938
0.965,0,230.644064,0.102641,0.086436,0.975,0,126.664766,0.074659,0.068369,0.955,0,169.239181,0.079306,0.152938
0.96,0,65.43667,0.073629,0.103888,0.975,0,126.664766,0.074465,0.068351,0.955,0,210.956206,0.088938,0.152938
0.955,0,58.659205,0.074419,0.086436,0.98,0,132.791836,0.075193,0.056792,0.955,0,199.128371,0.083237,0.152938
0.97,0,264.222949,0.10315,0.086436,0.98,0,132.791836,0.075193,0.056792,0.955,0,183.010953,0.082865,0.152938
0.965,0,217.50553,0.099331,0.086436,0.975,0,126.664766,0.074659,0.068291,0.955,0,178.100732,0.081088,0.152938
0.965,0,206.79634,0.096695,0.086436,0.975,0,126.664766,0.074465,0.068369,0.955,0,182.693925,0.08674,0.152938
0.97,0,197.032025,0.096695,0.086436,0.98,0,132.791836,0.075193,0.056792,0.955,0,209.599195,0.088057,0.152938
0.96,0,58.659205,0.073551,0.086436,0.98,0,132.791836,0.075193,0.053654,0.955,0,200.171398,0.08838,0.152938
0.97,0,265.068546,0.102641,0.086436,0.98,0,132.791836,0.074659,0.056792,0.955,0,178.88243,0.082556,0.152938
0.97,0,270.612611,0.111895,0.086436,0.98,0,132.791836,0.075193,0.056792,0.96,0,173.714421,0.079306,0.152938
0.97,0,224.015663,0.103804,0.086436,0.98,0,132.791836,0.074659,0.056792,0.955,0,195.03493,0.087644,0.152938
0.965,0,194.934298,0.094511,0.086436,0.98,0,132.791836,0.075193,0.056792,0.955,0,197.601962,0.088057,0.152938
0.96,0,253.398776,0.102641,0.086436,0.975,0,126.664766,0.074465,0.068291,0.955,0,169.239181,0.079306,0.152938
0.97,0,220.631658,0.099256,0.086436,0.975,0,126.664766,0.074659,0.068291,0.955,0,188.053793,0.083237,0.152938
0.97,0,220.631658,0.099256,0.086436,0.975,0,126.664766,0.074465,0.068291,0.955,0,189.844694,0.083237,0.152938
0.97,0,268.912101,0.103804,0.086436,0.98,0,132.791836,0.074659,0.050862,0.955,0,178.88243,0.082556,0.152938
0.955,0,64.207154,0.074356,0.086436,0.975,0,126.664766,0.074659,0.068351,0.955,0,199.128371,0.083237,0.152938
0.955,0,213.33687,0.099256,0.103888,0.975,0,126.664766,0.074659,0.068291,0.955,0,178.100732,0.081088,0.152938
0.955,0,63.368162,0.075016,0.103888,0.975,0,126.664766,0.074659,0.068291,0.955,0,199.128371,0.083237,0.152938
0.955,0,64.207154,0.073551,0.086436,0.98,0,132.791836,0.074659,0.056792,0.955,0,199.128371,0.083237,0.152938
0.97,0,227.823608,0.109271,0.086436,0.975,0,126.664766,0.074465,0.068291,0.955,0,196.811831,0.087644,0.152938
0.965,0,227.664438,0.099256,0.086436,0.98,0,132.791836,0.075193,0.053654,0.955,0,172.871841,0.079991,0.152938
0.97,0,268.170874,0.109271,0.086436,0.98,0,132.791836,0.075193,0.056792,0.955,0,183.010953,0.082865,0.152938
0.96,0,72.472195,0.076029,0.086436,0.975,0,126.664766,0.074659,0.068291,0.955,0,209.150502,0.084993,0.152938
0.97,0,270.612611,0.111347,0.086436,0.975,0,126.664766,0.074465,0.068369,0.96,0,173.714421,0.079306,0.152938
0.96,0,194.934298,0.095873,0.086436,0.98,0,132.791836,0.074659,0.056792,0.955,0,197.601962,0.088057,0.152938
0.97,0,269.016471,0.109158,0.086436,0.975,0,126.664766,0.074659,0.068369,0.955,0,178.88243,0.082556,0.152938
0.96,0,65.799996,0.072668,0.103888,0.98,0,132.791836,0.074659,0.053654,0.955,0,211.877936,0.089289,0.152938
0.97,0,194.934298,0.096695,0.086436,0.98,0,132.791836,0.074659,0.056792,0.955,0,209.599195,0.088057,0.152938
0.96,0,67.31861,0.073629,0.086436,0.975,0,126.664766,0.074465,0.068354,0.955,0,210.956206,0.088938,0.152938
0.965,0,218.850087,0.099331,0.086436,0.98,0,132.791836,0.074659,0.056792,0.955,0,179.924147,0.081088,0.152938
0.96,0,64.240536,0.074143,0.103888,0.975,0,126.664766,0.074465,0.068291,0.955,0,209.150502,0.085001,0.152938
0.965,0,208.678786,0.096695,0.086436,0.98,0,132.791836,0.075193,0.053654,0.955,0,182.693925,0.087592,0.152938
0.97,0,255.439206,0.103804,0.086436,0.98,0,132.791836,0.075193,0.053654,0.955,0,177.872345,0.085001,0.152938
0.96,0,217.50553,0.099256,0.086436,0.975,0,126.664766,0.074465,0.068291,0.955,0,178.100732,0.081088,0.152938
0.97,0,270.612611,0.111895,0.086436,0.98,0,132.791836,0.075193,0.056792,0.96,0,173.714421,0.079306,0.152938
0.96,0,58.659205,0.073531,0.086436,0.98,0,132.791836,0.075193,0.053654,0.955,0,201.672403,0.08838,0.152938
0.965,0,260.900068,0.103323,0.086436,0.975,0,126.664766,0.074659,0.068373,0.955,0,163.78573,0.075751,0.152938
0.965,0,231.86557,0.102641,0.086436,0.975,0,126.664766,0.074659,0.068431,0.955,0,169.239181,0.079306,0.152938
0.97,0,270.612611,0.111347,0.086436,0.98,0,132.791836,0.075193,0.056792,0.955,0,173.714421,0.082073,0.152938
0.97,0,266.263379,0.109815,0.086436,0.975,0,126.664766,0.074465,0.068369,0.96,0,188.02128,0.087055,0.152938
0.96,0,59.760925,0.075052,0.086436,0.98,0,132.791836,0.075193,0.056792,0.955,0,201.672403,0.08838,0.152938
0.97,0,227.823608,0.109158,0.086436,0.98,0,132.791836,0.074659,0.056792,0.955,0,195.03493,0.087644,0.152938
0.955,0,58.659205,0.074419,0.086436,0.98,0,132.791836,0.075193,0.056792,0.955,0,199.128371,0.083237,0.152938
0.965,0,212.987559,0.096695,0.086436,0.975,0,126.664766,0.074465,0.068291,0.955,0,182.693925,0.08674,0.152938
0.97,0,268.912101,0.103804,0.086436,0.975,0,126.664766,0.074659,0.068291,0.955,0,178.88243,0.082556,0.152938
0.965,0,257.346701,0.102641,0.086436,0.975,0,126.664766,0.074659,0.068291,0.955,0,169.239181,0.079306,0.152938
0.96,0,64.240536,0.073551,0.103888,0.975,0,126.664766,0.074465,0.068291,0.955,0,209.150502,0.085001,0.152938
0.96,0,67.559202,0.075052,0.086436,0.98,0,132.791836,0.074659,0.050862,0.955,0,201.672403,0.08838,0.152938
0.97,0,266.263379,0.109815,0.086436,0.975,0,126.664766,0.074465,0.068369,0.96,0,188.02128,0.087055,0.152938
0.955,0,64.207154,0.074452,0.086662,0.975,0,126.664766,0.074659,0.068291,0.955,0,199.128371,0.083237,0.152938
0.965,0,260.900068,0.11029,0.086436,0.975,0,126.664766,0.074659,0.068431,0.955,0,163.78573,0.075751,0.152938
0.97,0,270.612611,0.104009,0.086436,0.975,0,126.664766,0.074465,0.068369,0.955,0,173.714421,0.082073,0.152938
0.97,0,227.823608,0.109158,0.086436,0.975,0,126.664766,0.074465,0.068291,0.955,0,195.03493,0.087644,0.152938
0.965,0,257.346701,0.102641,0.086436,0.975,0,126.664766,0.074465,0.068291,0.955,0,169.239181,0.079306,0.152938
0.965,0,260.900068,0.111347,0.086436,0.975,0,126.664766,0.074899,0.068369,0.955,0,163.78573,0.075751,0.152938
0.97,0,270.211304,0.111045,0.086436,0.975,0,126.664766,0.074659,0.068373,0.96,0,189.844694,0.087055,0.152938
0.965,0,257.346701,0.102641,0.086436,0.98,0,132.791836,0.074659,0.056792,0.955,0,169.239181,0.079306,0.152938
0.97,0,266.263379,0.109815,0.086436,0.975,0,126.664766,0.074659,0.068369,0.96,0,189.844694,0.087055,0.152938
0.96,0,65.43667,0.075016,0.103888,0.98,0,132.791836,0.074659,0.056792,0.955,0,201.672403,0.08838,0.152938
0.965,0,229.632681,0.099256,0.086436,0.98,0,132.791836,0.075193,0.056792,0.955,0,174.61594,0.079991,0.152938
0.955,0,63.368162,0.075016,0.103888,0.975,0,126.664766,0.074465,0.068351,0.955,0,199.128371,0.083237,0.152938
0.96,0,74.30116,0.08137,0.086436,0.975,0,126.664766,0.074659,0.068351,0.955,0,209.150502,0.084993,0.152938
0.955,0,0,0.064926,0.097188,0.975,0,126.664766,0.074659,0.068513,0.935,0,157.867385,0.065056,0.248793
0.955,0,0,0.064001,0.097188,0.96,0,123.418151,0.062656,0.158576,0.935,0,157.867385,0.065056,0.243391
0.955,0,23.627202,0.064376,0.097188,0.96,0,117.535499,0.061292,0.158526,0.95,0,180.51984,0.077455,0.085978
0.955,0,18.780827,0.067335,0.097188,0.97,0,124.861294,0.066345,0.101482,0.935,0,157.867385,0.065056,0.248752
0.955,0,0,0.064376,0.097188,0.975,0,126.664766,0.074465,0.068513,0.935,0,173.714421,0.070504,0.243433
0.955,0,0,0.064376,0.104966,0.97,0,130.559963,0.067297,0.101468,0.935,0,168.398718,0.070504,0.248758
0.96,0,23.627202,0.064376,0.104966,0.97,0,124.861294,0.066345,0.101482,0.95,0,194.48499,0.081324,0.088047
0.955,0,0,0.064224,0.097188,0.97,0,130.559963,0.067297,0.101468,0.95,0,180.51984,0.077455,0.086042
0.955,0,0,0.064224,0.097188,0.97,0,130.559963,0.067297,0.101468,0.95,0,177.528149,0.074527,0.248758
0.955,0,0,0.064224,0.097188,0.97,0,130.559963,0.067297,0.101468,0.95,0,177.528149,0.074527,0.248758
0.955,0,0,0.06381,0.104966,0.97,0,130.559963,0.067297,0.101468,0.95,0,177.528149,0.074527,0.243397
0.955,0,23.627202,0.064376,0.104966,0.96,0,123.418151,0.062656,0.158576,0.95,0,180.51984,0.077455,0.086042
0.955,0,23.627202,0.064376,0.097188,0.97,0,124.861294,0.066345,0.101468,0.95,0,180.51984,0.077455,0.085978
0.955,0,21.754168,0.064376,0.097188,0.96,0,123.418151,0.062656,0.158526,0.95,0,180.51984,0.077455,0.085982
0.955,0,0,0.064224,0.104966,0.97,0,130.559963,0.067297,0.101468,0.95,0,177.528149,0.074527,0.248758
0.955,0,0,0.064376,0.097188,0.98,0,132.791836,0.074659,0.038866,0.945,0,180.51984,0.077455,0.151733
0.955,0,0,0.06381,0.104966,0.97,0,124.861294,0.066345,0.101468,0.95,0,188.02128,0.077696,0.086037
0.955,0,0,0.064376,0.097188,0.975,0,130.559963,0.067297,0.101468,0.935,0,168.398718,0.070504,0.243397
0.955,0,0,0.063774,0.097188,0.97,0,130.559963,0.067297,0.101468,0.95,0,180.51984,0.077455,0.085978
0.955,0,0,0.064224,0.097188,0.98,0,132.791836,0.075193,0.038866,0.945,0,180.51984,0.077455,0.151733
0.955,0,0,0.064224,0.097188,0.96,0,117.535499,0.061292,0.158526,0.95,0,188.053793,0.077696,0.086042
0.955,0,0,0.063224,0.097188,0.97,0,124.861294,0.066345,0.101468,0.95,0,169.239181,0.07365,0.243391
0.955,0,0,0.063816,0.097188,0.96,0,123.418151,0.062656,0.158576,0.935,0,168.398718,0.070504,0.243391
0.955,0,0,0.06483,0.104966,0.975,0,130.559963,0.067297,0.101482,0.935,0,168.398718,0.068984,0.248758
0.955,0,0,0.063774,0.097188,0.97,0,124.861294,0.066345,0.101482,0.94,0,169.239181,0.07365,0.248752
0.955,0,0,0.064376,0.104966,0.975,0,130.559963,0.067297,0.101468,0.935,0,157.867385,0.065056,0.243397
0.955,0,0,0.064376,0.104966,0.98,0,132.791836,0.074999,0.038426,0.935,0,157.867385,0.065056,0.248793
0.96,0,0,0.063205,0.097188,0.96,0,123.418151,0.062656,0.158526,0.95,0,194.48499,0.080403,0.086042
0.955,0,0,0.064224,0.097188,0.96,0,117.535499,0.061292,0.158526,0.95,0,169.239181,0.074943,0.248758
0.96,0,0,0.063182,0.104966,0.97,0,130.559963,0.067297,0.101468,0.95,0,208.335701,0.083617,0.086042
0.955,0,0,0.063224,0.097188,0.96,0,123.418151,0.062656,0.158526,0.95,0,197.601962,0.079144,0.248752
0.955,0,0,0.063816,0.097188,0.97,0,130.559963,0.067297,0.101468,0.95,0,180.51984,0.077455,0.086037
0.955,0,0,0.06483,0.104966,0.97,0,124.861294,0.066345,0.101482,0.935,0,168.398718,0.068984,0.248755
0.955,0,0,0.063816,0.097188,0.97,0,130.559963,0.067297,0.101468,0.95,0,177.528149,0.074527,0.243397
0.955,0,23.627202,0.066252,0.097188,0.97,0,130.559963,0.067297,0.101482,0.95,0,180.51984,0.077455,0.088043
0.955,0,0,0.064376,0.104966,0.97,0,124.861294,0.066345,0.101482,0.95,0,177.528149,0.074527,0.248758
0.955,0,0,0.063774,0.097188,0.98,0,132.791836,0.075193,0.041262,0.945,0,180.51984,0.077455,0.151733
0.955,0,0,0.063774,0.097188,0.98,0,132.791836,0.075193,0.041262,0.945,0,180.51984,0.077455,0.151733
0.955,0,0,0.064376,0.097188,0.98,0,132.791836,0.075193,0.038866,0.935,0,168.398718,0.070504,0.243433
0.955,0,0,0.064376,0.097188,0.96,0,117.535499,0.061292,0.158526,0.95,0,169.239181,0.074943,0.248758
0.955,0,0,0.063774,0.097188,0.97,0,124.861294,0.066345,0.101482,0.95,0,169.239181,0.07365,0.248752
0.955,0,0,0.064376,0.097188,0.96,0,123.418151,0.062656,0.158576,0.935,0,168.398718,0.070504,0.243397
0.955,0,0,0.063774,0.097188,0.975,0,130.559963,0.067297,0.101482,0.95,0,177.528149,0.074946,0.248752
0.955,0,21.754168,0.064376,0.097188,0.97,0,124.861294,0.066345,0.101468,0.95,0,169.239181,0.07365,0.248752
0.955,0,0,0.064376,0.104966,0.98,0,132.791836,0.075193,0.038426,0.945,0,177.528149,0.074946,0.248793
0.955,0,0,0.06381,0.104966,0.97,0,124.861294,0.066345,0.101468,0.95,0,169.239181,0.07365,0.243397
0.955,0,0,0.064224,0.097188,0.97,0,130.559963,0.067297,0.101468,0.95,0,180.51984,0.077455,0.086037
0.955,0,23.627202,0.06483,0.104966,0.97,0,130.559963,0.067297,0.101482,0.95,0,169.239181,0.07365,0.248755
0.955,0,0,0.063816,0.097188,0.975,0,130.559963,0.067297,0.101468,0.935,0,168.398718,0.070504,0.243391
0.955,0,0,0.063816,0.097188,0.975,0,130.559963,0.067297,0.101468,0.935,0,168.398718,0.070504,0.243391
0.955,0,0,0.063816,0.097188,0.975,0,130.559963,0.067297,0.101468,0.935,0,168.398718,0.070504,0.243391
0.955,0,23.627202,0.064376,0.097188,0.97,0,124.861294,0.066345,0.101468,0.95,0,180.51984,0.074773,0.086042
0.955,0,0,0.064376,0.104966,0.975,0,130.559963,0.067297,0.101468,0.935,0,168.398718,0.070504,0.248758
0.955,0,21.754168,0.064376,0.097188,0.97,0,124.861294,0.066345,0.101468,0.94,0,169.239181,0.07365,0.243397
0.955,0,0,0.064376,0.104966,0.96,0,123.418151,0.062656,0.158526,0.95,0,169.239181,0.074943,0.248755
0.955,0,0,0.06381,0.104966,0.97,0,130.559963,0.067297,0.101468,0.95,0,180.51984,0.077455,0.086037
0.955,0,0,0.063774,0.097188,0.97,0,124.861294,0.066345,0.101468,0.95,0,188.02128,0.074946,0.085978
0.955,0,0,0.063774,0.097188,0.98,0,132.791836,0.075193,0.041262,0.945,0,169.239181,0.074943,0.248793
0.955,0,21.754168,0.06483,0.104966,0.97,0,130.559963,0.067297,0.101482,0.95,0,180.51984,0.077455,0.088043
0.955,0,0,0.063816,0.097188,0.97,0,124.861294,0.066345,0.101468,0.95,0,180.51984,0.077455,0.086042
0.955,0,0,0.064376,0.104966,0.96,0,123.418151,0.062656,0.158526,0.935,0,157.867385,0.065056,0.248758
0.96,0,0,0.063224,0.097188,0.97,0,130.559963,0.067297,0.101482,0.95,0,208.335701,0.083617,0.088043
0.955,0,0,0.064224,0.104966,0.975,0,126.664766,0.074659,0.068441,0.95,0,177.528149,0.074946,0.248793
0.955,0,21.754168,0.064376,0.097188,0.97,0,130.559963,0.067297,0.101468,0.95,0,169.239181,0.07365,0.248758
0.955,0,0,0.063774,0.097188,0.975,0,126.664766,0.074899,0.068513,0.95,0,180.51984,0.077455,0.151733
0.955,0,0,0.06483,0.104966,0.97,0,130.559963,0.067297,0.101482,0.935,0,168.398718,0.068984,0.248758
0.955,0,0,0.064926,0.097188,0.97,0,124.861294,0.066345,0.101482,0.935,0,157.867385,0.065056,0.248752
0.955,0,0,0.064224,0.097188,0.97,0,124.861294,0.066345,0.101468,0.95,0,177.528149,0.074527,0.248758
0.955,0,20.503029,0.064793,0.104966,0.975,0,126.664766,0.074659,0.068441,0.935,0,157.867385,0.065056,0.248793
0.955,0,23.045842,0.064376,0.097188,0.975,0,130.559963,0.067297,0.101468,0.935,0,168.398718,0.070504,0.248752
0.955,0,0,0.064224,0.104966,0.97,0,130.559963,0.067297,0.101468,0.95,0,169.239181,0.07365,0.248755
0.955,0,0,0.063768,0.104966,0.975,0,130.559963,0.067297,0.101482,0.95,0,197.601962,0.080048,0.248758
0.955,0,23.627202,0.064376,0.104966,0.98,0,132.791836,0.075193,0.038426,0.945,0,169.239181,0.074943,0.248793
0.955,0,0,0.064376,0.097188,0.975,0,126.664766,0.074465,0.068513,0.935,0,168.398718,0.070504,0.243433
0.955,0,0,0.063774,0.097188,0.97,0,124.861294,0.066345,0.101482,0.95,0,188.02128,0.077696,0.087927
0.955,0,21.754168,0.06483,0.104966,0.975,0,126.664766,0.074659,0.068441,0.95,0,169.239181,0.074943,0.248793
0.955,0,0,0.06381,0.104966,0.97,0,130.559963,0.067297,0.101468,0.95,0,177.528149,0.074527,0.243397
0.955,0,0,0.064224,0.097188,0.96,0,123.418151,0.062656,0.158526,0.95,0,180.51984,0.077455,0.086037
0.955,0,0,0.063774,0.097188,0.97,0,124.861294,0.066345,0.101468,0.95,0,180.51984,0.074773,0.085982
0.955,0,23.045842,0.066252,0.097188,0.975,0,136.51872,0.06879,0.101482,0.935,0,168.398718,0.068984,0.248752
0.955,0,23.627202,0.06483,0.104966,0.97,0,124.861294,0.066345,0.101482,0.94,0,169.239181,0.07365,0.248758
0.955,0,0,0.063768,0.104966,0.96,0,117.535499,0.061292,0.158526,0.95,0,197.601962,0.079144,0.248758
0.955,0,25.030089,0.064793,0.104966,0.97,0,130.559963,0.067297,0.101468,0.935,0,168.398718,0.070504,0.248758
0.955,0,21.754168,0.06483,0.104966,0.96,0,117.535499,0.061292,0.15854,0.95,0,180.51984,0.077455,0.088043
0.955,0,0,0.06381,0.104966,0.96,0,123.418151,0.062656,0.158576,0.95,0,177.528149,0.074946,0.243397
0.955,0,0,0.06381,0.104966,0.97,0,124.861294,0.066345,0.101468,0.95,0,188.053793,0.077696,0.086042
0.955,0,0,0.063768,0.104966,0.97,0,130.559963,0.067297,0.101468,0.95,0,197.601962,0.079402,0.248755
0.955,0,23.627202,0.06483,0.104966,0.97,0,124.861294,0.066345,0.101482,0.95,0,180.51984,0.074773,0.088047
0.955,0,0,0.064376,0.097188,0.97,0,124.861294,0.066345,0.101482,0.95,0,180.51984,0.074773,0.088047
0.955,0,0,0.064376,0.104966,0.97,0,124.861294,0.066345,0.101482,0.95,0,169.239181,0.07365,0.248758
0.955,0,0,0.063224,0.097188,0.97,0,130.559963,0.067297,0.101468,0.95,0,169.239181,0.07365,0.243391
0.955,0,0,0.063774,0.097188,0.96,0,123.418151,0.062656,0.158526,0.95,0,180.51984,0.077455,0.085978
0.955,0,0,0.063768,0.104966,0.97,0,124.861294,0.066345,0.101482,0.95,0,182.693925,0.078962,0.248758
0.955,0,0,0.06381,0.104966,0.97,0,130.559963,0.067297,0.101468,0.95,0,169.239181,0.07365,0.243394
0.955,0,0,0.064224,0.097188,0.96,0,117.535499,0.061292,0.158526,0.95,0,180.51984,0.077455,0.086037
0.955,0,0,0.063816,0.097188,0.97,0,124.861294,0.066345,0.101468,0.94,0,169.239181,0.07365,0.243397
0.955,0,21.754168,0.066252,0.097188,0.975,0,130.559963,0.067297,0.101482,0.95,0,169.239181,0.074943,0.248758
0.955,0,0,0.064001,0.097188,0.975,0,126.664766,0.074544,0.068513,0.935,0,157.867385,0.065056,0.243433
0.955,0,0,0.064224,0.104966,0.97,0,124.861294,0.066345,0.101468,0.95,0,180.51984,0.077455,0.086037
0.955,0,0,0.064224,0.104966,0.97,0,130.559963,0.067297,0.101468,0.95,0,180.51984,0.077455,0.086042
0.955,0,0,0.063816,0.097188,0.97,0,124.861294,0.066345,0.101468,0.95,0,180.51984,0.077455,0.086042
0.955,0,0,0.064001,0.097188,0.96,0,117.535499,0.061292,0.15859,0.935,0,157.867385,0.065056,0.243391
0.955,0,0,0.065181,0.097188,0.975,0,126.664766,0.074659,0.068513,0.935,0,157.867385,0.065056,0.248793
0.955,0,25.030089,0.065116,0.097188,0.975,0,130.559963,0.067297,0.101468,0.935,0,168.398718,0.070504,0.248758
0.955,0,0,0.063774,0.097188,0.975,0,126.664766,0.074659,0.068513,0.95,0,177.528149,0.074946,0.248793
0.955,0,23.627202,0.064376,0.097188,0.97,0,130.559963,0.067297,0.101468,0.95,0,180.51984,0.077455,0.086037
0.955,0,0,0.064376,0.104966,0.97,0,124.861294,0.066345,0.101482,0.95,0,180.51984,0.074773,0.088047
0.955,0,0,0.063768,0.104966,0.975,0,126.664766,0.074659,0.068441,0.95,0,197.601962,0.079402,0.248793
0.955,0,23.627202,0.064376,0.104966,0.97,0,124.861294,0.066345,0.101468,0.95,0,180.51984,0.077455,0.086037
0.955,0,0,0.06381,0.104966,0.975,0,130.559963,0.067297,0.101468,0.95,0,180.51984,0.077455,0.086037
0.955,0,21.754168,0.064376,0.104966,0.97,0,130.559963,0.067297,0.101468,0.95,0,169.239181,0.07365,0.243394
0.955,0,0,0.063224,0.097188,0.97,0,124.861294,0.066345,0.101468,0.95,0,197.601962,0.080048,0.248752
0.955,0,23.627202,0.06483,0.104966,0.96,0,117.535499,0.061292,0.158526,0.95,0,169.239181,0.074943,0.248758
0.955,0,0,0.064224,0.104966,0.975,0,130.559963,0.067297,0.101468,0.95,0,180.51984,0.077455,0.086042
0.955,0,0,0.064376,0.097188,0.96,0,123.418151,0.062656,0.158526,0.95,0,180.51984,0.077455,0.088047
0.955,0,0,0.064376,0.097188,0.97,0,130.559963,0.067297,0.101482,0.95,0,169.239181,0.07365,0.248758
0.955,0,0,0.063774,0.097188,0.96,0,117.535499,0.061292,0.15854,0.95,0,188.053793,0.077696,0.085978
0.955,0,0,0.063224,0.097188,0.97,0,124.861294,0.066345,0.101468,0.95,0,180.51984,0.074773,0.085982
0.955,0,21.754168,0.064376,0.097188,0.96,0,117.535499,0.061292,0.158576,0.95,0,169.239181,0.074943,0.243397
0.955,0,23.627202,0.064376,0.097188,0.975,0,130.559963,0.067297,0.101482,0.95,0,169.239181,0.074943,0.248752
0.955,0,0,0.065181,0.097188,0.975,0,130.559963,0.067297,0.101482,0.935,0,157.867385,0.065056,0.248758
0.955,0,0,0.063816,0.097188,0.97,0,130.559963,0.067297,0.101468,0.95,0,180.51984,0.077455,0.086037
0.955,0,21.754168,0.064376,0.104966,0.96,0,123.418151,0.062656,0.158576,0.95,0,169.239181,0.074943,0.243397
0.955,0,21.754168,0.064376,0.097188,0.97,0,124.861294,0.066345,0.101468,0.95,0,169.239181,0.07365,0.243397
0.955,0,0,0.064376,0.104966,0.975,0,130.559963,0.067297,0.101482,0.95,0,169.239181,0.074943,0.248758
0.955,0,23.627202,0.06483,0.104966,0.975,0,130.559963,0.067297,0.101482,0.95,0,180.51984,0.077455,0.088047
0.955,0,0,0.06381,0.104966,0.97,0,124.861294,0.066345,0.101468,0.95,0,180.51984,0.077455,0.086042
0.955,0,0,0.06381,0.104966,0.97,0,124.861294,0.066345,0.101468,0.95,0,180.51984,0.077455,0.086042
0.955,0,0,0.064224,0.104966,0.97,0,130.559963,0.067297,0.101468,0.95,0,169.239181,0.07365,0.248758
0.955,0,0,0.064376,0.104966,0.97,0,130.559963,0.067297,0.101468,0.935,0,157.867385,0.065056,0.248758
0.955,0,23.627202,0.06483,0.104966,0.97,0,124.861294,0.066345,0.101482,0.95,0,180.51984,0.074773,0.088043
0.955,0,0,0.064376,0.097188,0.975,0,130.559963,0.067297,0.101468,0.935,0,168.398718,0.070504,0.248758
0.955,0,0,0.064224,0.097188,0.97,0,124.861294,0.066345,0.101468,0.94,0,169.239181,0.07365,0.248758
0.955,0,0,0.064376,0.104966,0.97,0,124.861294,0.066345,0.101482,0.95,0,180.51984,0.077455,0.088047
0.955,0,0,0.063224,0.097188,0.97,0,124.861294,0.066345,0.101468,0.94,0,169.239181,0.07365,0.243391
0.955,0,0,0.063774,0.097188,0.97,0,130.559963,0.067297,0.101468,0.95,0,169.239181,0.07365,0.248752
0.955,0,0,0.064376,0.097188,0.97,0,124.861294,0.066345,0.101482,0.95,0,188.02128,0.077696,0.088047
0.955,0,21.754168,0.064376,0.097188,0.97,0,130.559963,0.067297,0.101468,0.95,0,180.51984,0.077455,0.086042
0.955,0,0,0.064376,0.097188,0.97,0,124.861294,0.066345,0.101482,0.95,0,180.51984,0.077455,0.088047
0.955,0,0,0.063816,0.097188,0.96,0,123.418151,0.062656,0.158576,0.95,0,188.053793,0.077696,0.086037
0.955,0,0,0.064224,0.097188,0.97,0,124.861294,0.066345,0.101468,0.95,0,169.239181,0.07365,0.248758
0.955,0,0,0.064001,0.097188,0.975,0,126.664766,0.074659,0.068513,0.935,0,157.867385,0.065056,0.243433
0.955,0,0,0.064376,0.097188,0.96,0,117.535499,0.061292,0.158526,0.95,0,180.51984,0.077455,0.088047
0.955,0,23.627202,0.064376,0.097188,0.96,0,117.535499,0.061292,0.158576,0.95,0,169.239181,0.074943,0.243391
0.955,0,0,0.064376,0.097188,0.97,0,124.861294,0.066345,0.101482,0.94,0,177.528149,0.074527,0.248758
0.955,0,0,0.063774,0.097188,0.97,0,124.861294,0.066345,0.101468,0.94,0,177.528149,0.074527,0.248752
0.955,0,0,0.063224,0.097188,0.97,0,124.861294,0.066345,0.101468,0.95,0,169.239181,0.07365,0.243391
0.955,0,0,0.064376,0.104966,0.97,0,124.861294,0.066345,0.101482,0.95,0,169.239181,0.07365,0.248758
0.955,0,0,0.06381,0.104966,0.97,0,130.559963,0.067297,0.101468,0.95,0,169.239181,0.07365,0.243397
0.955,0,0,0.064376,0.104966,0.97,0,124.861294,0.066345,0.101482,0.95,0,180.51984,0.074773,0.088047
0.955,0,23.627202,0.064376,0.097188,0.97,0,124.861294,0.066345,0.101468,0.95,0,180.51984,0.074773,0.085982
0.955,0,21.754168,0.064376,0.097188,0.96,0,123.418151,0.062656,0.158526,0.95,0,180.51984,0.077455,0.087927
0.955,0,23.045842,0.064793,0.104966,0.96,0,123.418151,0.062656,0.158576,0.935,0,168.398718,0.070504,0.243397
0.955,0,0,0.064224,0.097188,0.97,0,124.861294,0.066345,0.101468,0.95,0,169.239181,0.07365,0.248758
0.955,0,21.754168,0.064376,0.097188,0.96,0,123.418151,0.062656,0.158526,0.95,0,169.239181,0.074943,0.248758
0.955,0,0,0.063774,0.097188,0.96,0,117.535499,0.061292,0.158526,0.95,0,180.51984,0.077455,0.087927
0.955,0,0,0.063774,0.097188,0.97,0,124.861294,0.066345,0.101468,0.95,0,169.239181,0.07365,0.248752
0.955,0,0,0.064224,0.097188,0.975,0,130.559963,0.067297,0.101468,0.935,0,168.398718,0.070504,0.248752
0.955,0,23.045842,0.064793,0.104966,0.97,0,124.861294,0.066345,0.101468,0.935,0,168.398718,0.070504,0.248758
0.955,0,23.045842,0.064793,0.104966,0.97,0,124.861294,0.066345,0.101468,0.935,0,168.398718,0.070504,0.248758
0.955,0,25.030089,0.07081,0.097188,0.975,0,130.559963,0.067297,0.101482,0.935,0,168.398718,0.068984,0.248758
0.955,0,0,0.063224,0.097188,0.975,0,130.559963,0.067297,0.101468,0.95,0,177.528149,0.074946,0.243391
0.955,0,0,0.064376,0.104966,0.97,0,130.559963,0.067297,0.101468,0.935,0,157.867385,0.065056,0.243397
0.955,0,0,0.063816,0.097188,0.975,0,130.559963,0.067297,0.101468,0.95,0,177.528149,0.074946,0.243397
0.955,0,0,0.064224,0.104966,0.975,0,126.664766,0.074659,0.068441,0.95,0,177.528149,0.074946,0.248793
0.955,0,0,0.064376,0.104966,0.97,0,124.861294,0.066345,0.101482,0.95,0,180.51984,0.077455,0.088043
0.955,0,23.045842,0.066252,0.097188,0.97,0,130.559963,0.067297,0.101482,0.935,0,168.398718,0.068984,0.248752
0.955,0,0,0.064376,0.097188,0.975,0,130.559963,0.067297,0.101482,0.95,0,169.239181,0.074943,0.248758
0.955,0,0,0.064224,0.104966,0.98,0,132.791836,0.075193,0.038426,0.945,0,169.239181,0.074943,0.248793
0.955,0,18.780827,0.065116,0.097188,0.975,0,130.559963,0.067297,0.101468,0.935,0,157.867385,0.065056,0.248758
0.96,0,0,0.063132,0.097188,0.975,0,130.559963,0.067297,0.101482,0.95,0,194.48499,0.082073,0.087927
0.955,0,21.754168,0.064376,0.104966,0.975,0,126.664766,0.074465,0.068441,0.95,0,169.239181,0.074943,0.248793
0.955,0,0,0.064224,0.104966,0.97,0,124.861294,0.066345,0.101468,0.94,0,169.239181,0.07365,0.248758
0.955,0,23.627202,0.064376,0.097188,0.97,0,124.861294,0.066345,0.101468,0.95,0,180.51984,0.074773,0.085982
0.955,0,21.754168,0.064376,0.097188,0.975,0,130.559963,0.067297,0.101468,0.95,0,180.51984,0.077455,0.086037
0.955,0,0,0.063816,0.097188,0.975,0,126.664766,0.074465,0.068513,0.935,0,168.398718,0.070504,0.243433
0.955,0,0,0.063774,0.097188,0.98,0,132.791836,0.074999,0.068513,0.945,0,180.51984,0.077455,0.151733
0.955,0,0,0.064224,0.104966,0.97,0,124.861294,0.066345,0.101468,0.95,0,180.51984,0.077455,0.086042
0.955,0,0,0.064224,0.097188,0.97,0,130.559963,0.067297,0.101468,0.935,0,157.867385,0.065056,0.248752
0.955,0,0,0.064224,0.097188,0.97,0,130.559963,0.067297,0.101468,0.95,0,177.528149,0.074946,0.248758
0.955,0,25.030089,0.064793,0.104966,0.96,0,117.535499,0.061292,0.158576,0.935,0,168.398718,0.070504,0.243397
0.955,0,0,0.064376,0.097188,0.98,0,132.791836,0.075193,0.038866,0.935,0,168.398718,0.070504,0.248793
0.955,0,21.754168,0.07081,0.097188,0.96,0,117.535499,0.061292,0.158526,0.95,0,180.51984,0.077455,0.088047
0.955,0,25.661504,0.064376,0.097188,0.975,0,126.664766,0.074465,0.068513,0.95,0,169.239181,0.074943,0.248793
0.955,0,0,0.064376,0.097188,0.97,0,130.559963,0.067297,0.101482,0.95,0,188.053793,0.077696,0.088043
0.955,0,23.627202,0.064376,0.097188,0.96,0,117.535499,0.061292,0.158526,0.95,0,169.239181,0.074943,0.248758
0.955,0,23.627202,0.066252,0.097188,0.97,0,124.861294,0.066345,0.101482,0.94,0,169.239181,0.07365,0.248758
0.955,0,0,0.063774,0.097188,0.975,0,126.664766,0.074659,0.068513,0.95,0,177.528149,0.074946,0.248793
0.955,0,0,0.064224,0.097188,0.98,0,132.791836,0.075193,0.038866,0.945,0,177.528149,0.074946,0.248793
0.955,0,0,0.063774,0.097188,0.975,0,130.559963,0.067297,0.101468,0.95,0,169.239181,0.074943,0.248752
0.955,0,0,0.063816,0.097188,0.97,0,130.559963,0.067297,0.101468,0.935,0,168.398718,0.070504,0.243391
0.955,0,0,0.064376,0.104966,0.97,0,130.559963,0.067297,0.101468,0.935,0,168.398718,0.070504,0.243397
0.955,0,0,0.064224,0.104966,0.97,0,124.861294,0.066345,0.101468,0.95,0,180.51984,0.074773,0.086042
0.955,0,20.503029,0.067335,0.097188,0.97,0,130.559963,0.067297,0.101482,0.935,0,157.867385,0.065056,0.248752
0.955,0,20.503029,0.067335,0.097188,0.97,0,130.559963,0.067297,0.101482,0.935,0,157.867385,0.065056,0.248752
0.955,0,0,0.064376,0.104966,0.975,0,130.559963,0.067297,0.101468,0.935,0,168.398718,0.070504,0.243397
0.955,0,0,0.063774,0.097188,0.96,0,123.418151,0.062656,0.15854,0.95,0,169.239181,0.074943,0.248752
0.955,0,23.627202,0.064224,0.097188,0.975,0,126.664766,0.074465,0.068513,0.95,0,182.693925,0.078962,0.248793
0.955,0,0,0.064224,0.104966,0.97,0,124.861294,0.066345,0.101468,0.94,0,169.239181,0.07365,0.248758
0.955,0,0,0.063816,0.097188,0.975,0,126.664766,0.074659,0.068513,0.95,0,177.528149,0.074946,0.243433
0.955,0,0,0.065181,0.097188,0.97,0,124.861294,0.066345,0.101482,0.935,0,168.398718,0.068984,0.248758
0.955,0,23.045842,0.065116,0.097188,0.975,0,130.559963,0.067297,0.101468,0.935,0,168.398718,0.070504,0.243397
0.955,0,0,0.063774,0.097188,0.975,0,130.559963,0.067297,0.101482,0.95,0,169.239181,0.074943,0.248752
0.955,0,23.045842,0.065116,0.097188,0.97,0,130.559963,0.067297,0.101468,0.935,0,168.398718,0.070504,0.248758
0.955,0,21.754168,0.064376,0.097188,0.975,0,126.664766,0.074465,0.068513,0.95,0,180.51984,0.077455,0.151733
0.955,0,0,0.06381,0.104966,0.975,0,126.664766,0.074465,0.068441,0.95,0,169.239181,0.074943,0.243433
0.955,0,18.780827,0.064793,0.104966,0.975,0,130.559963,0.067297,0.101468,0.935,0,157.867385,0.065056,0.248758
0.955,0,0,0.064376,0.097188,0.97,0,124.861294,0.066345,0.101482,0.95,0,180.51984,0.074773,0.088047
0.955,0,0,0.064376,0.104966,0.97,0,130.559963,0.067297,0.101482,0.95,0,180.51984,0.077455,0.088043
0.955,0,20.503029,0.067335,0.104966,0.975,0,126.664766,0.074465,0.068441,0.935,0,157.867385,0.065056,0.248793
0.955,0,0,0.063205,0.097188,0.97,0,130.559963,0.067297,0.101468,0.95,0,182.693925,0.079263,0.243391
0.955,0,0,0.063816,0.097188,0.96,0,117.535499,0.061292,0.158576,0.95,0,169.239181,0.074943,0.243397
0.955,0,0,0.064376,0.104966,0.975,0,130.559963,0.067297,0.101482,0.95,0,188.053793,0.077696,0.088047
0.955,0,21.754168,0.064376,0.097188,0.975,0,126.664766,0.074465,0.068513,0.95,0,169.239181,0.074943,0.248793
0.955,0,0,0.06381,0.104966,0.97,0,130.559963,0.067297,0.101468,0.95,0,169.239181,0.07365,0.243397
0.955,0,0,0.064376,0.104966,0.96,0,123.418151,0.062656,0.158526,0.935,0,173.714421,0.070504,0.248758
0.955,0,0,0.063816,0.097188,0.96,0,117.535499,0.061292,0.158576,0.95,0,188.02128,0.077696,0.086037
0.955,0,0,0.064376,0.104966,0.97,0,124.861294,0.066345,0.101482,0.95,0,169.239181,0.07365,0.248758
0.955,0,21.754168,0.064376,0.097188,0.96,0,123.418151,0.062656,0.158576,0.95,0,180.51984,0.077455,0.086042
0.955,0,0,0.064926,0.104966,0.96,0,117.535499,0.061292,0.158526,0.935,0,157.867385,0.065056,0.248758
0.955,0,0,0.063224,0.097188,0.975,0,130.559963,0.067297,0.101468,0.95,0,188.053793,0.077696,0.085982
0.955,0,25.030089,0.07081,0.097188,0.97,0,124.861294,0.066345,0.101482,0.935,0,168.398718,0.068984,0.248758
0.955,0,23.627202,0.064376,0.104966,0.97,0,130.559963,0.067297,0.101468,0.95,0,180.51984,0.077455,0.086037
0.955,0,0,0.063774,0.097188,0.98,0,132.791836,0.075193,0.041262,0.945,0,180.51984,0.077455,0.151733
0.955,0,21.754168,0.06483,0.104966,0.97,0,124.861294,0.066345,0.101482,0.95,0,169.239181,0.07365,0.248755
0.955,0,0,0.064224,0.097188,0.96,0,123.418151,0.062656,0.158526,0.95,0,169.239181,0.074943,0.248758
0.955,0,0,0.064376,0.104966,0.96,0,117.535499,0.061292,0.158576,0.935,0,157.867385,0.065056,0.243397
0.955,0,0,0.06381,0.104966,0.98,0,132.791836,0.075193,0.038426,0.945,0,169.239181,0.074943,0.243433
0.955,0,0,0.064926,0.104966,0.98,0,132.791836,0.074659,0.038426,0.935,0,157.867385,0.065056,0.248793
0.955,0,0,0.064376,0.097188,0.97,0,124.861294,0.066345,0.101482,0.95,0,180.51984,0.077455,0.088047
0.955,0,0,0.064376,0.097188,0.97,0,124.861294,0.066345,0.101482,0.95,0,180.51984,0.077455,0.088047
0.955,0,0,0.064376,0.097188,0.97,0,124.861294,0.066345,0.101482,0.95,0,180.51984,0.077455,0.088047
0.955,0,21.754168,0.064376,0.104966,0.97,0,130.559963,0.067297,0.101468,0.95,0,169.239181,0.07365,0.243397
0.955,0,0,0.064376,0.104966,0.97,0,124.861294,0.066345,0.101468,0.935,0,168.398718,0.070504,0.243394
0.955,0,0,0.064224,0.097188,0.97,0,124.861294,0.066345,0.101468,0.95,0,180.51984,0.077455,0.086037
0.955,0,0,0.064376,0.097188,0.97,0,130.559963,0.067297,0.101482,0.95,0,188.053793,0.077696,0.088047
0.955,0,0,0.064376,0.097188,0.97,0,130.559963,0.067297,0.101482,0.95,0,188.053793,0.077696,0.088047
0.955,0,23.627202,0.064376,0.104966,0.97,0,124.861294,0.066345,0.101468,0.94,0,169.239181,0.07365,0.243394
0.955,0,23.627202,0.06483,0.104966,0.975,0,126.664766,0.074465,0.068441,0.95,0,169.239181,0.074943,0.248793
0.96,0,0,0.063182,0.097188,0.975,0,130.559963,0.067297,0.101468,0.95,0,208.335701,0.083617,0.086042
0.955,0,0,0.064224,0.104966,0.97,0,124.861294,0.066345,0.101468,0.94,0,169.239181,0.07365,0.248758
0.955,0,0,0.064224,0.104966,0.97,0,124.861294,0.066345,0.101468,0.94,0,169.239181,0.07365,0.248758
0.955,0,21.754168,0.064376,0.097188,0.97,0,130.559963,0.067297,0.101468,0.95,0,169.239181,0.07365,0.248752
0.955,0,23.627202,0.06483,0.104966,0.975,0,130.559963,0.067297,0.101482,0.95,0,169.239181,0.074943,0.248758
0.955,0,0,0.06381,0.104966,0.975,0,126.664766,0.074659,0.068441,0.95,0,180.51984,0.077455,0.151733
0.955,0,0,0.063774,0.097188,0.975,0,130.559963,0.067297,0.101482,0.95,0,180.51984,0.077455,0.087937
0.955,0,23.627202,0.06483,0.104966,0.975,0,130.559963,0.067297,0.101482,0.95,0,169.239181,0.074943,0.248758
0.955,0,0,0.064926,0.104966,0.96,0,123.418151,0.062656,0.158526,0.935,0,157.867385,0.065056,0.248758
0.96,0,0,0.063205,0.097188,0.97,0,124.861294,0.066345,0.101468,0.95,0,194.48499,0.082073,0.086042
0.955,0,0,0.06381,0.104966,0.97,0,130.559963,0.067297,0.101468,0.95,0,177.528149,0.074527,0.243397
