0.998111,0.212000,40.167117,0.053386,0.024745,0.998444,0.124444,61.356259,0.059938,0.014566,0.998333,0.218333,67.004808,0.069388,0.037373
0.998111,0.214333,30.120110,0.049816,0.025211,0.998667,0.113444,65.181635,0.062150,0.011042,0.998222,0.218667,95.322087,0.077121,0.032028
0.998000,0.214222,28.924292,0.049259,0.026010,0.998444,0.113444,65.181635,0.062150,0.011021,0.998222,0.218778,89.956150,0.074855,0.032731
0.998000,0.214333,38.512566,0.052876,0.026139,0.998222,0.124444,61.356259,0.059938,0.014410,0.998333,0.218333,66.601928,0.069187,0.037759
0.998222,0.212000,31.042601,0.049763,0.025387,0.998222,0.127000,61.216423,0.059853,0.014635,0.998333,0.218333,93.622502,0.075851,0.032256
0.998111,0.214222,29.146507,0.049396,0.025847,0.998667,0.113444,65.181635,0.062150,0.011042,0.998222,0.218778,89.308197,0.074619,0.033149
0.998111,0.212111,30.567968,0.049547,0.025534,0.998667,0.113444,65.181635,0.062150,0.011042,0.998222,0.218778,89.308197,0.074619,0.033149
0.998111,0.212111,30.336532,0.049491,0.025741,0.998667,0.115778,65.041799,0.062066,0.011844,0.998222,0.218778,89.956150,0.074822,0.032731
0.998222,0.212111,30.678600,0.049683,0.025422,0.998667,0.115778,65.041799,0.062066,0.011844,0.998222,0.218778,89.308197,0.074600,0.033149
0.998000,0.214333,37.431663,0.052518,0.026366,0.998444,0.124444,61.356259,0.059938,0.014578,0.998333,0.218444,62.783674,0.068079,0.038887
0.998111,0.214333,29.995215,0.049670,0.025309,0.998444,0.113444,65.181635,0.062150,0.011021,0.998222,0.218667,95.322087,0.077121,0.032033
0.998000,0.214333,37.431663,0.052518,0.026366,0.998444,0.124444,61.356259,0.059938,0.014578,0.998333,0.218444,62.783674,0.068079,0.038886
0.998111,0.212111,30.447164,0.049543,0.025483,0.998222,0.127000,61.216423,0.059853,0.014635,0.998333,0.218444,88.965010,0.074186,0.032716
0.998000,0.214333,38.512566,0.052876,0.026139,0.998222,0.126889,61.216423,0.059853,0.014614,0.998333,0.218333,66.601928,0.069166,0.037696
0.998222,0.212111,30.678600,0.049683,0.025115,0.998667,0.115778,65.041799,0.062066,0.011681,0.998222,0.218778,89.956150,0.074789,0.033137
0.998111,0.212111,30.567968,0.049544,0.025381,0.998444,0.124556,61.356259,0.059938,0.014566,0.998333,0.218444,88.317057,0.074004,0.033133
0.998111,0.212111,30.447164,0.049543,0.025463,0.998444,0.127000,61.216423,0.059853,0.014655,0.998333,0.218444,88.317057,0.074004,0.033132
0.998222,0.212000,31.503792,0.049801,0.025312,0.998667,0.115778,65.041799,0.062066,0.011844,0.998222,0.218667,95.322087,0.077098,0.032028
0.998000,0.214222,29.114172,0.049359,0.025930,0.998667,0.115778,65.041799,0.062066,0.011681,0.998222,0.218667,95.322087,0.076628,0.032287
0.998111,0.214333,29.754139,0.049582,0.025768,0.998667,0.115778,65.041799,0.062066,0.011681,0.998222,0.218667,95.322087,0.077098,0.032032
0.998111,0.212000,39.944902,0.052896,0.025915,0.998222,0.124444,61.356259,0.059938,0.014430,0.998333,0.218333,67.004808,0.069388,0.037373
0.998111,0.212111,30.403222,0.049543,0.025111,0.998222,0.124556,61.356259,0.059938,0.014430,0.998333,0.218444,88.965010,0.074110,0.032848
0.998111,0.212111,30.567968,0.049544,0.025419,0.998222,0.127000,61.216423,0.059853,0.014635,0.998333,0.218444,88.317057,0.074004,0.033128
0.998111,0.212000,39.107252,0.052818,0.026077,0.998222,0.124444,61.356259,0.059938,0.014430,0.998333,0.218444,62.783674,0.068079,0.038895
0.998000,0.214222,28.924292,0.049259,0.026028,0.998444,0.115778,65.041799,0.062066,0.011660,0.998222,0.218778,89.308197,0.074600,0.033144
0.998111,0.214333,29.314461,0.049517,0.025728,0.998444,0.124556,61.356259,0.059938,0.014578,0.998333,0.218333,94.279605,0.076117,0.031759
0.998000,0.214333,37.345977,0.052411,0.026536,0.998222,0.124889,61.356259,0.059931,0.014410,0.998444,0.218444,63.186554,0.068313,0.038505
0.998222,0.212000,31.042601,0.049763,0.025349,0.998444,0.124556,61.356259,0.059938,0.014566,0.998333,0.218333,94.279605,0.076117,0.031755
0.998222,0.212000,31.042601,0.049763,0.025310,0.998444,0.124556,61.356259,0.059938,0.014566,0.998333,0.218333,94.279605,0.076117,0.031759
0.998222,0.212000,40.258402,0.053543,0.024855,0.998556,0.119444,65.041799,0.061559,0.012485,0.998333,0.218444,66.601928,0.069297,0.037405
0.998111,0.212111,30.336532,0.049487,0.025605,0.998444,0.124556,61.356259,0.059938,0.014566,0.998333,0.218444,88.317057,0.074004,0.033133
0.998111,0.212000,39.238182,0.052931,0.025377,0.998444,0.126889,61.216423,0.059853,0.014655,0.998444,0.218444,63.186554,0.068240,0.038471
0.998111,0.212000,39.944902,0.052896,0.025877,0.998444,0.126889,61.216423,0.059853,0.014771,0.998333,0.218333,67.004808,0.069367,0.037295
0.998222,0.212000,31.303172,0.049799,0.024679,0.998444,0.124556,61.356259,0.059938,0.014451,0.998333,0.218333,93.622502,0.075851,0.032256
0.998111,0.214333,29.628845,0.049519,0.025392,0.998667,0.108556,69.272348,0.062683,0.010458,0.998222,0.219333,95.322087,0.077406,0.032030
0.998111,0.212111,30.567968,0.049544,0.025073,0.998444,0.124556,61.356259,0.059938,0.014451,0.998333,0.218444,88.965010,0.074204,0.032716
0.998222,0.212000,39.329467,0.053248,0.025060,0.998444,0.126889,61.216423,0.059853,0.014655,0.998333,0.218444,62.783674,0.068048,0.038865
0.998000,0.214333,37.645582,0.052925,0.025465,0.998444,0.124444,61.356259,0.059938,0.014578,0.998444,0.218444,63.186554,0.068313,0.038502
0.998111,0.214333,29.425093,0.049553,0.025657,0.998444,0.127000,61.216423,0.059853,0.014634,0.998333,0.218333,94.279605,0.076114,0.031753
0.998111,0.212111,30.567968,0.049544,0.025419,0.998222,0.124556,61.356259,0.059938,0.014430,0.998333,0.218444,88.317057,0.074004,0.033133
0.998111,0.214333,29.995215,0.049670,0.025272,0.998667,0.113444,65.181635,0.062150,0.011205,0.998222,0.218667,95.322087,0.077121,0.032033
0.998111,0.212111,30.336532,0.049487,0.025586,0.998222,0.127000,61.216423,0.059853,0.014635,0.998333,0.218444,88.965010,0.074186,0.032712
0.998111,0.214333,29.754139,0.049582,0.025806,0.998444,0.113444,65.181635,0.062150,0.011021,0.998222,0.218667,95.322087,0.077121,0.032033
0.998000,0.214333,37.345977,0.052461,0.026489,0.998444,0.124444,61.356259,0.059938,0.014430,0.998444,0.218444,63.186554,0.068313,0.038502
0.998111,0.214333,29.555537,0.049554,0.025261,0.998444,0.124556,61.356259,0.059938,0.014430,0.998333,0.218333,94.279605,0.076117,0.031759
0.998222,0.212111,30.678600,0.049683,0.025115,0.998667,0.115778,65.041799,0.062066,0.011681,0.998222,0.218778,89.956150,0.074822,0.032727
0.998000,0.214333,37.345977,0.052461,0.026451,0.998444,0.124444,61.356259,0.059938,0.014578,0.998333,0.218444,62.783674,0.068079,0.038892
0.998000,0.214222,29.035875,0.049259,0.025962,0.998667,0.113444,65.181635,0.062150,0.011205,0.998222,0.218778,89.308197,0.074619,0.033143
0.998000,0.214222,29.035875,0.049259,0.025999,0.998444,0.113444,65.181635,0.062150,0.011021,0.998222,0.218778,89.308197,0.074619,0.033143
0.998111,0.214222,29.146507,0.049367,0.025397,0.998444,0.127000,61.216423,0.059853,0.014783,0.998333,0.218444,88.965010,0.074186,0.032716
0.998111,0.212111,30.336532,0.049487,0.025605,0.998444,0.124556,61.356259,0.059938,0.014451,0.998333,0.218444,88.317057,0.074004,0.033127
0.998222,0.212000,31.303172,0.049799,0.024679,0.998444,0.127000,61.216423,0.059853,0.014771,0.998333,0.218333,94.279605,0.076114,0.031758
0.998111,0.212000,40.106342,0.053266,0.025419,0.998444,0.113333,65.181635,0.062150,0.011021,0.998222,0.218667,66.601928,0.069326,0.037465
0.998111,0.214333,29.754139,0.049582,0.025768,0.998667,0.115778,65.041799,0.062066,0.011844,0.998222,0.218667,94.664984,0.076846,0.032432
0.998222,0.212000,40.258402,0.053585,0.024702,0.998444,0.124444,61.356259,0.059938,0.014566,0.998333,0.218333,66.601928,0.069187,0.037765
0.998000,0.214333,38.426879,0.052561,0.026336,0.998444,0.124444,61.356259,0.059938,0.014578,0.998333,0.218333,67.004808,0.069388,0.037373
0.998000,0.214222,28.813660,0.049211,0.026187,0.998667,0.113444,65.181635,0.062150,0.011042,0.998222,0.218778,89.308197,0.074619,0.033143
0.998111,0.212000,39.015967,0.052755,0.026108,0.998444,0.124444,61.356259,0.059938,0.014566,0.998444,0.218444,63.186554,0.068313,0.038496
0.998222,0.212000,31.042601,0.049763,0.025310,0.998444,0.127000,61.216423,0.059853,0.014655,0.998333,0.218333,93.622502,0.075851,0.032257
0.998111,0.214333,29.314461,0.049517,0.025728,0.998444,0.124556,61.356259,0.059938,0.014430,0.998333,0.218333,93.622502,0.075851,0.032253
0.998222,0.212000,31.503792,0.049801,0.025351,0.998667,0.113444,65.181635,0.062150,0.011042,0.998222,0.218667,95.322087,0.077121,0.032033
0.998111,0.214333,29.754139,0.049582,0.025806,0.998444,0.115778,65.041799,0.062066,0.011660,0.998222,0.218667,94.664984,0.076846,0.032432
0.998222,0.212000,31.153233,0.049798,0.025290,0.998222,0.124556,61.356259,0.059938,0.014430,0.998333,0.218333,93.622502,0.075851,0.032256
0.998000,0.214333,38.512566,0.052876,0.026101,0.998444,0.126889,61.216423,0.059853,0.014634,0.998333,0.218333,66.601928,0.069166,0.037703
0.998222,0.212000,31.503792,0.049801,0.025389,0.998444,0.115778,65.041799,0.062066,0.011660,0.998222,0.218667,95.322087,0.077098,0.032033
0.998000,0.214222,29.035875,0.049230,0.025512,0.998444,0.124556,61.356259,0.059938,0.014430,0.998333,0.218444,88.965010,0.074204,0.032716
0.998111,0.214222,29.146507,0.049396,0.025885,0.998444,0.113444,65.181635,0.062150,0.011021,0.998222,0.218778,89.308197,0.074619,0.033144
0.998111,0.212000,40.167117,0.053386,0.024783,0.998222,0.124444,61.356259,0.059938,0.014430,0.998333,0.218333,66.601928,0.069187,0.037764
0.998000,0.214333,38.426879,0.052561,0.026336,0.998222,0.124444,61.356259,0.059938,0.014410,0.998333,0.218333,66.601928,0.069187,0.037764
0.998111,0.212111,30.336532,0.049491,0.025741,0.998667,0.115778,65.041799,0.062066,0.011681,0.998222,0.218778,89.956150,0.074822,0.032727
0.998111,0.214333,29.666169,0.049641,0.025160,0.998444,0.127000,61.216423,0.059853,0.014783,0.998333,0.218333,93.622502,0.075851,0.032257
0.998222,0.212000,31.042601,0.049763,0.025349,0.998444,0.124556,61.356259,0.059938,0.014451,0.998333,0.218333,93.622502,0.075851,0.032256
0.998111,0.212111,30.447164,0.049547,0.025598,0.998667,0.113444,65.181635,0.062150,0.011042,0.998222,0.218778,89.956150,0.074855,0.032732
0.998222,0.212111,30.678600,0.049680,0.025307,0.998222,0.124556,61.356259,0.059938,0.014430,0.998333,0.218444,88.317057,0.074004,0.033128
0.998222,0.212000,31.413804,0.049878,0.024619,0.998444,0.127000,61.216423,0.059853,0.014771,0.998333,0.218333,93.622502,0.075851,0.032257
0.998222,0.212111,30.678600,0.049683,0.025422,0.998667,0.115778,65.041799,0.062066,0.011681,0.998222,0.218778,89.308197,0.074600,0.033148
0.998111,0.212111,30.336532,0.049487,0.025625,0.998222,0.127000,61.216423,0.059853,0.014635,0.998333,0.218444,88.965010,0.074186,0.032715
0.998111,0.212111,30.447164,0.049543,0.025463,0.998444,0.127000,61.216423,0.059853,0.014655,0.998333,0.218444,88.317057,0.074004,0.033132
0.998000,0.214222,28.813660,0.049211,0.026187,0.998667,0.113444,65.181635,0.062150,0.011042,0.998222,0.218778,89.308197,0.074619,0.033148
0.998111,0.212000,40.106342,0.053266,0.025381,0.998667,0.113333,65.181635,0.062150,0.011205,0.998222,0.218667,66.601928,0.069326,0.037461
0.998111,0.212000,40.167117,0.053386,0.024783,0.998222,0.126889,61.216423,0.059853,0.014635,0.998333,0.218333,67.004808,0.069367,0.037295
0.998222,0.212000,31.042601,0.049763,0.025387,0.998222,0.124556,61.356259,0.059938,0.014430,0.998333,0.218333,94.279605,0.076117,0.031759
0.998111,0.214333,29.314461,0.049517,0.025766,0.998222,0.124556,61.356259,0.059938,0.014410,0.998333,0.218333,94.279605,0.076117,0.031759
0.998111,0.214333,29.637060,0.049546,0.025840,0.998667,0.113444,65.181635,0.062150,0.011042,0.998222,0.218667,94.664984,0.076849,0.032430
0.998000,0.214222,28.813660,0.049181,0.026065,0.998222,0.127000,61.216423,0.059853,0.014614,0.998333,0.218444,88.965010,0.074147,0.033126
0.998111,0.212111,30.567968,0.049547,0.025264,0.998444,0.115778,65.041799,0.062066,0.011660,0.998222,0.218778,89.956150,0.074822,0.032732
0.998222,0.212000,39.329467,0.053251,0.025060,0.998444,0.126889,61.216423,0.059853,0.014655,0.998333,0.218444,62.783674,0.068048,0.038849
0.998000,0.214333,38.512566,0.052876,0.026139,0.998222,0.124889,61.356259,0.059931,0.014410,0.998333,0.218333,66.601928,0.069187,0.037763
0.998000,0.214444,28.924292,0.049258,0.026130,0.998667,0.113444,65.181635,0.062150,0.011205,0.998222,0.218778,89.308197,0.074619,0.033149
0.998111,0.212111,30.567968,0.049547,0.025264,0.998444,0.113444,65.181635,0.062150,0.011021,0.998222,0.218778,89.956150,0.074855,0.032732
0.998111,0.212111,30.447164,0.049547,0.025559,0.998667,0.115778,65.041799,0.062066,0.011844,0.998222,0.218778,89.956150,0.074822,0.032727
0.998000,0.214222,28.813660,0.049181,0.026065,0.998222,0.127000,61.216423,0.059853,0.014614,0.998333,0.218444,88.965010,0.074186,0.032712
0.998111,0.212000,39.944902,0.052899,0.026054,0.998444,0.115667,65.041799,0.062066,0.011660,0.998222,0.218667,67.004808,0.069513,0.037007
0.998222,0.212000,31.764363,0.049934,0.024717,0.998667,0.115778,65.041799,0.062066,0.011844,0.998222,0.218667,94.664984,0.076846,0.032432
0.998111,0.214333,29.425093,0.049553,0.025657,0.998444,0.127000,61.216423,0.059853,0.014783,0.998333,0.218333,94.279605,0.076114,0.031758
0.998111,0.212111,30.447164,0.049547,0.025616,0.998667,0.115778,65.041799,0.062066,0.011844,0.998222,0.218778,89.308197,0.074600,0.033144
0.998000,0.214222,28.813660,0.049181,0.026045,0.998444,0.127000,61.216423,0.059853,0.014783,0.998333,0.218444,88.317057,0.074004,0.033133
0.998111,0.212000,39.107252,0.052821,0.026076,0.998222,0.124444,61.356259,0.059938,0.014430,0.998444,0.218444,63.186554,0.068313,0.038481
0.998222,0.212000,31.413804,0.049878,0.024619,0.998444,0.127000,61.216423,0.059853,0.014771,0.998333,0.218333,93.622502,0.075851,0.032257
0.998111,0.212111,30.567968,0.049547,0.025572,0.998444,0.113444,65.181635,0.062150,0.011021,0.998222,0.218778,89.308197,0.074619,0.033148
0.998000,0.214222,28.813660,0.049181,0.025988,0.998444,0.124556,61.356259,0.059938,0.014578,0.998333,0.218444,88.965010,0.074204,0.032716
0.998111,0.214333,29.666169,0.049641,0.025160,0.998444,0.127000,61.216423,0.059853,0.014634,0.998333,0.218333,94.279605,0.076114,0.031758
0.998111,0.212111,30.447164,0.049547,0.025653,0.998444,0.115778,65.041799,0.062066,0.011660,0.998222,0.218778,89.308197,0.074600,0.033148
0.998000,0.214222,29.345785,0.049367,0.025358,0.998444,0.124556,61.356259,0.059938,0.014430,0.998333,0.218333,94.279605,0.075676,0.032040
0.998222,0.212000,40.328557,0.053588,0.024855,0.998667,0.113333,65.181635,0.062150,0.011042,0.998222,0.218667,67.004808,0.069546,0.037062
0.998111,0.213111,30.181007,0.049426,0.025757,0.998444,0.124556,61.356259,0.059938,0.014451,0.998333,0.218444,88.317057,0.074004,0.033133
0.998222,0.212000,31.503792,0.049801,0.025389,0.998444,0.113667,65.181635,0.062144,0.011021,0.998222,0.218667,95.322087,0.077079,0.032473
0.998000,0.214333,37.410570,0.052540,0.026281,0.998667,0.113556,65.181635,0.062144,0.011205,0.998222,0.218778,63.186554,0.068548,0.037685
0.998000,0.214333,38.821036,0.052982,0.025603,0.998444,0.113333,65.181635,0.062150,0.011021,0.998222,0.218667,67.004808,0.069546,0.037061
0.998222,0.212000,31.764363,0.049891,0.024717,0.998667,0.115778,65.041799,0.062066,0.011681,0.998222,0.218667,95.322087,0.077098,0.032033
0.998111,0.212000,39.238182,0.052934,0.025554,0.998444,0.115667,65.041799,0.062066,0.011660,0.998222,0.218778,63.186554,0.068515,0.038189
0.998111,0.212111,30.447164,0.049547,0.025616,0.998667,0.113444,65.181635,0.062150,0.011042,0.998222,0.218778,89.308197,0.074619,0.033144
0.998111,0.212000,40.106342,0.053266,0.025457,0.998444,0.111000,69.132512,0.062569,0.010779,0.998222,0.219333,67.004808,0.069546,0.037025
0.998000,0.214222,29.035875,0.049259,0.025962,0.998667,0.113444,65.181635,0.062150,0.011205,0.998222,0.218778,89.308197,0.074619,0.033149
0.998000,0.214222,29.035875,0.049182,0.025962,0.998444,0.124556,61.356259,0.059938,0.014430,0.998333,0.218444,88.317057,0.074004,0.033133
0.998111,0.214333,29.314461,0.049500,0.025870,0.998556,0.117333,65.181635,0.061628,0.012009,0.998333,0.218444,93.622502,0.076381,0.032432
0.998111,0.214333,29.666169,0.049641,0.025160,0.998444,0.124556,61.356259,0.059938,0.014578,0.998333,0.218333,93.622502,0.075851,0.032257
0.998222,0.212111,30.678600,0.049683,0.025460,0.998444,0.113444,65.181635,0.062150,0.011021,0.998222,0.218778,89.308197,0.074619,0.033144
0.998000,0.214222,28.924292,0.049229,0.025830,0.998444,0.124556,61.356259,0.059938,0.014430,0.998333,0.218444,88.965010,0.074204,0.032712
0.998000,0.214222,28.924292,0.049229,0.025848,0.998444,0.124556,61.356259,0.059938,0.014430,0.998333,0.218444,88.317057,0.074004,0.033133
0.998000,0.214444,28.924292,0.049228,0.026025,0.998222,0.124556,61.356259,0.059938,0.014410,0.998333,0.218444,88.317057,0.074004,0.033128
0.998111,0.212000,39.238182,0.052934,0.025554,0.998444,0.115667,65.041799,0.062066,0.011660,0.998222,0.218778,62.783674,0.068314,0.038576
0.998111,0.214333,29.754139,0.049582,0.025768,0.998667,0.113444,65.181635,0.062150,0.011042,0.998222,0.218667,95.322087,0.077121,0.032033
0.998222,0.212000,40.258402,0.053416,0.025104,0.998222,0.124444,61.356259,0.059938,0.014430,0.998333,0.218333,67.004808,0.069388,0.037365
0.998000,0.214444,28.813660,0.049180,0.026167,0.998444,0.127000,61.216423,0.059853,0.014634,0.998333,0.218444,88.965010,0.074186,0.032711
0.998222,0.212000,31.889258,0.050093,0.024717,0.998667,0.113444,65.181635,0.062150,0.011042,0.998222,0.218667,94.664984,0.076849,0.032430
0.998000,0.214333,37.410570,0.052542,0.026252,0.998667,0.113333,65.181635,0.062150,0.011205,0.998222,0.218778,62.783674,0.068328,0.038029
0.998111,0.214333,29.425093,0.049553,0.025694,0.998222,0.124556,61.356259,0.059938,0.014410,0.998333,0.218333,94.279605,0.076117,0.031758
0.998222,0.212000,31.503792,0.049801,0.025351,0.998667,0.115778,65.041799,0.062066,0.011844,0.998222,0.218667,94.664984,0.076846,0.032426
0.998111,0.214333,29.425093,0.049553,0.025694,0.998222,0.124556,61.356259,0.059938,0.014410,0.998333,0.218333,94.279605,0.076117,0.031758
0.998222,0.212000,31.303172,0.049799,0.024716,0.998222,0.124556,61.356259,0.059938,0.014430,0.998333,0.218333,94.279605,0.076117,0.031755
0.998111,0.214333,29.425093,0.049553,0.025657,0.998444,0.124556,61.356259,0.059938,0.014578,0.998333,0.218333,94.279605,0.076117,0.031753
0.998111,0.214333,29.555537,0.049554,0.025299,0.998222,0.124556,61.356259,0.059938,0.014410,0.998333,0.218333,93.622502,0.075851,0.032253
0.998111,0.212111,30.567968,0.049547,0.025534,0.998667,0.113444,65.181635,0.062150,0.011205,0.998222,0.218778,89.308197,0.074619,0.033148
0.998111,0.212000,40.167117,0.053386,0.024745,0.998444,0.126889,61.216423,0.059853,0.014771,0.998333,0.218333,67.004808,0.069367,0.037306
0.998222,0.212111,30.678600,0.049683,0.025115,0.998667,0.113444,65.181635,0.062150,0.011205,0.998222,0.218778,89.956150,0.074855,0.032727
0.998111,0.212111,30.567968,0.049544,0.025073,0.998444,0.124556,61.356259,0.059938,0.014451,0.998333,0.218444,88.965010,0.074204,0.032716
0.998000,0.214333,37.345977,0.052461,0.026489,0.998222,0.126889,61.216423,0.059853,0.014614,0.998333,0.218444,62.783674,0.068048,0.038870
0.998000,0.214222,28.924292,0.049259,0.025990,0.998667,0.115778,65.041799,0.062066,0.011681,0.998222,0.218778,89.308197,0.074600,0.033144
0.998111,0.212111,30.336532,0.049487,0.025588,0.998444,0.127000,61.216423,0.059853,0.014771,0.998333,0.218444,88.965010,0.074186,0.032712
0.998000,0.214222,29.035875,0.049230,0.025549,0.998222,0.127000,61.216423,0.059853,0.014614,0.998333,0.218444,88.965010,0.074186,0.032712
0.998222,0.212000,39.329467,0.053248,0.025060,0.998444,0.126889,61.216423,0.059853,0.014655,0.998333,0.218444,62.783674,0.068048,0.038869
0.998000,0.214222,29.035875,0.049213,0.025654,0.998556,0.119556,65.041799,0.061559,0.012649,0.998333,0.218556,88.965010,0.074421,0.032760
0.998111,0.214333,29.995215,0.049670,0.025309,0.998444,0.115778,65.041799,0.062066,0.011660,0.998222,0.218667,95.322087,0.077098,0.032032
0.998111,0.214333,29.995215,0.049670,0.025309,0.998444,0.113444,65.181635,0.062150,0.011021,0.998222,0.218667,95.322087,0.077121,0.032033
0.998222,0.212000,31.413804,0.049878,0.024619,0.998444,0.127000,61.216423,0.059853,0.014655,0.998333,0.218333,94.279605,0.076114,0.031759
0.998111,0.214333,29.637060,0.049546,0.025877,0.998444,0.113444,65.181635,0.062150,0.011021,0.998222,0.218667,95.322087,0.077121,0.032033
0.998111,0.212111,30.447164,0.049543,0.025463,0.998444,0.127000,61.216423,0.059853,0.014655,0.998333,0.218444,88.317057,0.074004,0.033133
0.998000,0.214222,28.813660,0.049211,0.026187,0.998667,0.113444,65.181635,0.062150,0.011205,0.998222,0.218778,89.308197,0.074619,0.033148
0.998111,0.212111,30.567968,0.049544,0.025340,0.998444,0.127000,61.216423,0.059853,0.014655,0.998333,0.218444,88.317057,0.074004,0.033133
0.998000,0.214222,29.035875,0.049230,0.025512,0.998444,0.127000,61.216423,0.059853,0.014783,0.998333,0.218444,88.965010,0.074186,0.032715
0.998111,0.212000,40.036187,0.053214,0.025565,0.998444,0.126889,61.216423,0.059853,0.014655,0.998333,0.218333,66.601928,0.069166,0.037698
0.998111,0.212111,30.567968,0.049547,0.025264,0.998444,0.115778,65.041799,0.062066,0.011660,0.998222,0.218778,89.956150,0.074822,0.032732
0.998111,0.214333,38.917883,0.053192,0.025467,0.998444,0.113333,65.181635,0.062150,0.011021,0.998222,0.218667,66.601928,0.069326,0.037453
0.998111,0.212000,39.944902,0.052896,0.025839,0.998444,0.124444,61.356259,0.059938,0.014451,0.998333,0.218333,66.601928,0.069187,0.037763
0.998111,0.214333,38.917883,0.053192,0.025430,0.998667,0.113333,65.181635,0.062150,0.011205,0.998222,0.218667,67.004808,0.069546,0.037068
0.998111,0.214222,29.146507,0.049367,0.025742,0.998222,0.124556,61.356259,0.059938,0.014410,0.998333,0.218444,88.317057,0.074004,0.033132
0.998222,0.212000,31.042601,0.049763,0.025387,0.998222,0.127000,61.216423,0.059853,0.014635,0.998333,0.218333,93.622502,0.075851,0.032257
0.998000,0.214333,38.512566,0.052876,0.026139,0.998444,0.126889,61.216423,0.059853,0.014783,0.998333,0.218333,67.004808,0.069367,0.037299
0.998111,0.214333,29.878136,0.049583,0.025373,0.998667,0.113444,65.181635,0.062150,0.011205,0.998222,0.218667,94.664984,0.076849,0.032427
0.998222,0.212000,40.495275,0.053744,0.024855,0.998667,0.115667,65.041799,0.062066,0.011844,0.998222,0.218667,67.004808,0.069513,0.037014
0.998222,0.212111,30.678600,0.049680,0.024962,0.998444,0.127000,61.216423,0.059853,0.014771,0.998333,0.218444,88.965010,0.074186,0.032716
0.998000,0.214222,28.924292,0.049259,0.025990,0.998667,0.113444,65.181635,0.062150,0.011205,0.998222,0.218778,89.308197,0.074619,0.033149
0.998000,0.214333,38.821036,0.052982,0.025566,0.998667,0.113333,65.181635,0.062150,0.011042,0.998222,0.218667,67.004808,0.069546,0.037057
0.998222,0.212000,31.153233,0.049798,0.025253,0.998444,0.124556,61.356259,0.059938,0.014566,0.998333,0.218333,93.622502,0.075851,0.032253
0.998222,0.212000,31.153233,0.049798,0.025214,0.998444,0.124556,61.356259,0.059938,0.014566,0.998333,0.218333,93.622502,0.075851,0.032257
0.998000,0.214222,28.813660,0.049181,0.026027,0.998444,0.127000,61.216423,0.059853,0.014783,0.998333,0.218444,88.965010,0.074186,0.032716
0.998111,0.214222,29.146507,0.049396,0.025847,0.998667,0.113444,65.181635,0.062150,0.011042,0.998222,0.218778,89.308197,0.074619,0.033148
0.998000,0.214222,28.813660,0.049211,0.026170,0.998667,0.115778,65.041799,0.062066,0.011681,0.998222,0.218778,89.956150,0.074822,0.032732
0.998222,0.212111,30.678600,0.049680,0.025307,0.998222,0.124556,61.356259,0.059938,0.014430,0.998333,0.218444,88.317057,0.074004,0.033133
0.998000,0.214333,38.512566,0.052876,0.026139,0.998444,0.124444,61.356259,0.059938,0.014430,0.998333,0.218333,67.004808,0.069388,0.037373
0.998111,0.214333,29.314461,0.049517,0.025766,0.998222,0.124556,61.356259,0.059938,0.014410,0.998333,0.218333,94.279605,0.076117,0.031759
0.998000,0.214222,28.924292,0.049229,0.025830,0.998444,0.127000,61.216423,0.059853,0.014634,0.998333,0.218444,88.965010,0.074186,0.032711
0.998111,0.212000,40.036187,0.053217,0.025757,0.998667,0.115667,65.041799,0.062066,0.011844,0.998222,0.218667,67.004808,0.069513,0.037014
0.998111,0.212000,39.238182,0.052931,0.025415,0.998222,0.124444,61.356259,0.059938,0.014430,0.998333,0.218444,62.783674,0.068079,0.038892
0.998222,0.212000,31.153233,0.049798,0.025290,0.998222,0.127000,61.216423,0.059853,0.014635,0.998333,0.218333,93.622502,0.075851,0.032256
0.998111,0.212000,39.238182,0.052931,0.025377,0.998444,0.124444,61.356259,0.059938,0.014566,0.998333,0.218444,62.783674,0.068079,0.038891
0.998111,0.214333,29.637060,0.049546,0.025840,0.998667,0.113444,65.181635,0.062150,0.011042,0.998222,0.218667,95.322087,0.077121,0.032033
0.998222,0.212111,30.678600,0.049680,0.025269,0.998444,0.126889,61.216423,0.059853,0.014655,0.998333,0.218444,88.317057,0.074004,0.033132
0.998222,0.212000,31.153233,0.049798,0.025290,0.998222,0.124556,61.356259,0.059938,0.014430,0.998333,0.218333,94.279605,0.076117,0.031759
0.998111,0.214333,29.555537,0.049554,0.025261,0.998444,0.127000,61.216423,0.059853,0.014634,0.998333,0.218333,93.622502,0.075851,0.032257
0.998111,0.214333,30.216059,0.049734,0.025141,0.998444,0.113667,65.181635,0.062144,0.011021,0.998222,0.218667,100.163015,0.078801,0.032343
0.998111,0.214333,29.666169,0.049641,0.025160,0.998444,0.124556,61.356259,0.059938,0.014430,0.998333,0.218333,94.279605,0.076117,0.031759
0.998111,0.214333,29.754139,0.049582,0.025768,0.998667,0.115778,65.041799,0.062066,0.011844,0.998222,0.218667,94.664984,0.076846,0.032432
0.998222,0.212000,31.503792,0.049801,0.025389,0.998444,0.115778,65.041799,0.062066,0.011660,0.998222,0.218667,94.664984,0.076846,0.032427
0.998000,0.214333,37.645582,0.052925,0.025465,0.998444,0.124444,61.356259,0.059938,0.014578,0.998333,0.218444,62.783674,0.068079,0.038892
0.998000,0.214333,38.821036,0.052982,0.025603,0.998444,0.113333,65.181635,0.062150,0.011021,0.998222,0.218667,67.004808,0.069546,0.037062
0.998000,0.214333,37.645582,0.052925,0.025465,0.998444,0.126889,61.216423,0.059853,0.014783,0.998444,0.218444,63.186554,0.068240,0.038467
0.998222,0.212000,31.413804,0.049878,0.024656,0.998222,0.127000,61.216423,0.059853,0.014635,0.998333,0.218333,93.622502,0.075851,0.032257
0.998000,0.214333,37.345977,0.052490,0.026580,0.998667,0.115667,65.041799,0.062066,0.011681,0.998222,0.218778,62.783674,0.068314,0.038580
0.998111,0.212000,40.231711,0.053389,0.024898,0.998667,0.113333,65.181635,0.062150,0.011042,0.998222,0.218667,66.601928,0.069326,0.037453
0.998111,0.212111,30.447164,0.049543,0.025463,0.998444,0.124556,61.356259,0.059938,0.014451,0.998333,0.218444,88.317057,0.074004,0.033133
0.998111,0.214333,29.754139,0.049582,0.025768,0.998667,0.113444,65.181635,0.062150,0.011042,0.998222,0.218667,95.322087,0.077121,0.032033
0.998111,0.212111,30.336532,0.049491,0.025741,0.998667,0.115778,65.041799,0.062066,0.011681,0.998222,0.218778,89.956150,0.074822,0.032732
0.998000,0.214222,29.035875,0.049230,0.025857,0.998222,0.124556,61.356259,0.059938,0.014410,0.998333,0.218444,88.317057,0.074004,0.033133
0.998000,0.214333,38.512566,0.052905,0.026243,0.998667,0.115667,65.041799,0.062066,0.011844,0.998222,0.218667,66.601928,0.069312,0.037400
0.998000,0.214333,37.645582,0.052928,0.025465,0.998444,0.126889,61.216423,0.059853,0.014783,0.998444,0.218444,63.186554,0.068240,0.038452
0.998222,0.212000,31.386713,0.049766,0.025447,0.998667,0.115778,65.041799,0.062066,0.011844,0.998222,0.218667,95.322087,0.077098,0.032033
0.998111,0.214333,29.754139,0.049582,0.025768,0.998667,0.113444,65.181635,0.062150,0.011205,0.998222,0.218667,94.664984,0.076849,0.032432
0.998111,0.214333,29.995215,0.049670,0.025272,0.998667,0.115778,65.041799,0.062066,0.011681,0.998222,0.218667,94.664984,0.076846,0.032427
0.998000,0.214333,38.426879,0.052561,0.026336,0.998444,0.124444,61.356259,0.059938,0.014578,0.998333,0.218333,67.004808,0.069388,0.037367
0.998111,0.214333,29.637060,0.049546,0.025840,0.998667,0.115889,65.041799,0.062062,0.011929,0.998222,0.218667,95.322087,0.077098,0.032028
0.998111,0.212000,39.015967,0.052755,0.026146,0.998222,0.124444,61.356259,0.059938,0.014430,0.998444,0.218444,63.186554,0.068313,0.038505
0.998000,0.214333,37.559895,0.052610,0.025794,0.998222,0.126889,61.216423,0.059853,0.014614,0.998444,0.218444,63.186554,0.068240,0.038476
0.998111,0.214333,29.637060,0.049546,0.025840,0.998667,0.115778,65.041799,0.062066,0.011681,0.998222,0.218667,95.322087,0.077098,0.032033
0.998222,0.212111,30.678600,0.049680,0.024962,0.998444,0.124556,61.356259,0.059938,0.014451,0.998333,0.218444,88.965010,0.074204,0.032715
0.998222,0.212000,39.329467,0.053248,0.025060,0.998444,0.124444,61.356259,0.059938,0.014451,0.998444,0.218444,63.186554,0.068313,0.038501
0.998000,0.214222,29.035875,0.049230,0.025857,0.998222,0.127000,61.216423,0.059853,0.014614,0.998333,0.218444,88.317057,0.074004,0.033128
0.998000,0.214222,28.813660,0.049211,0.026225,0.998444,0.113444,65.181635,0.062150,0.011021,0.998222,0.218778,89.308197,0.074619,0.033143
0.998111,0.212000,39.177407,0.052871,0.025880,0.998667,0.113333,65.181635,0.062150,0.011205,0.998222,0.218778,63.186554,0.068548,0.037684
0.998000,0.214222,28.924292,0.049259,0.025990,0.998667,0.113444,65.181635,0.062150,0.011042,0.998222,0.218778,89.308197,0.074619,0.033144
0.998111,0.212000,40.106342,0.053266,0.025419,0.998667,0.113333,65.181635,0.062150,0.011205,0.998222,0.218667,67.004808,0.069546,0.037061
0.998000,0.214222,29.035875,0.049230,0.025512,0.998444,0.127000,61.216423,0.059853,0.014783,0.998333,0.218444,88.965010,0.074186,0.032716
0.998111,0.212000,40.167117,0.053343,0.024898,0.998556,0.119444,65.041799,0.061559,0.012734,0.998333,0.218444,67.004808,0.069498,0.037014
0.998222,0.212111,30.678600,0.049680,0.025307,0.998222,0.124556,61.356259,0.059938,0.014430,0.998333,0.218444,88.317057,0.074004,0.033128
0.998222,0.212111,30.678600,0.049683,0.025115,0.998667,0.115778,65.041799,0.062066,0.011681,0.998222,0.218778,89.956150,0.074822,0.032731
0.998111,0.214333,29.995215,0.049670,0.025309,0.998444,0.115778,65.041799,0.062066,0.011660,0.998222,0.218667,94.664984,0.076846,0.032432
0.998111,0.212000,39.944902,0.052899,0.025978,0.998667,0.115667,65.041799,0.062066,0.011844,0.998222,0.218667,66.601928,0.069312,0.037407
0.998111,0.212111,30.336532,0.049491,0.025758,0.998667,0.113333,65.181635,0.062150,0.011042,0.998222,0.218778,89.308197,0.074619,0.033149
0.998111,0.214333,29.425093,0.049553,0.025694,0.998222,0.127000,61.216423,0.059853,0.014614,0.998333,0.218333,94.279605,0.076114,0.031759
0.998222,0.212000,31.764363,0.049934,0.024755,0.998444,0.115778,65.041799,0.062066,0.011660,0.998222,0.218667,95.322087,0.077098,0.032033
0.998111,0.214222,29.146507,0.049367,0.025397,0.998444,0.127000,61.216423,0.059853,0.014783,0.998333,0.218444,88.965010,0.074186,0.032716
0.998222,0.212111,30.925241,0.049724,0.024836,0.998444,0.127000,61.216423,0.059853,0.014655,0.998333,0.218444,88.965010,0.074186,0.032712
0.998111,0.214333,29.666169,0.049641,0.025198,0.998222,0.124556,61.356259,0.059938,0.014410,0.998333,0.218333,93.622502,0.075851,0.032252
0.998222,0.212000,31.303172,0.049799,0.024679,0.998444,0.124556,61.356259,0.059938,0.014566,0.998333,0.218333,93.622502,0.075851,0.032256
0.998000,0.214222,28.813660,0.049211,0.026225,0.998444,0.113444,65.181635,0.062150,0.011021,0.998222,0.218778,89.308197,0.074619,0.033149
0.998111,0.212000,39.015967,0.052755,0.026070,0.998444,0.124444,61.356259,0.059938,0.014566,0.998333,0.218444,62.783674,0.068079,0.038891
0.998111,0.214222,29.146507,0.049396,0.025847,0.998667,0.115778,65.041799,0.062066,0.011681,0.998222,0.218778,89.308197,0.074600,0.033144
0.998111,0.212111,30.336532,0.049491,0.025741,0.998667,0.113444,65.181635,0.062150,0.011205,0.998222,0.218778,89.956150,0.074855,0.032731
0.998222,0.212111,30.678600,0.049683,0.025422,0.998667,0.113444,65.181635,0.062150,0.011205,0.998222,0.218778,89.308197,0.074619,0.033149
0.998111,0.212000,39.238182,0.052931,0.025377,0.998444,0.126889,61.216423,0.059853,0.014771,0.998444,0.218444,63.186554,0.068240,0.038468
0.998111,0.214333,29.425093,0.049553,0.025657,0.998444,0.124556,61.356259,0.059938,0.014430,0.998333,0.218333,93.622502,0.075851,0.032253
0.998000,0.214333,37.715737,0.052954,0.025607,0.998667,0.113333,65.181635,0.062150,0.011042,0.998222,0.218778,62.783674,0.068328,0.038049
0.998111,0.212000,39.080561,0.052807,0.025872,0.998667,0.113333,65.181635,0.062150,0.011042,0.998222,0.218778,62.783674,0.068328,0.038044
0.998111,0.214333,29.314461,0.049517,0.025728,0.998444,0.127000,61.216423,0.059853,0.014634,0.998333,0.218333,94.279605,0.076114,0.031758
0.998111,0.214333,29.555537,0.049554,0.025299,0.998222,0.124556,61.356259,0.059938,0.014410,0.998333,0.218333,93.622502,0.075851,0.032253
0.998111,0.214333,29.995215,0.049670,0.025272,0.998667,0.113444,65.181635,0.062150,0.011042,0.998222,0.218667,95.322087,0.077121,0.032027
0.998222,0.212000,31.303172,0.049799,0.024679,0.998444,0.127000,61.216423,0.059853,0.014771,0.998333,0.218333,93.622502,0.075851,0.032257
0.998000,0.214222,29.035875,0.049211,0.026142,0.998444,0.115778,65.041799,0.062066,0.011660,0.998222,0.218778,89.308197,0.074600,0.033149
0.998222,0.212000,40.258402,0.053585,0.024702,0.998444,0.126889,61.216423,0.059853,0.014771,0.998333,0.218333,66.601928,0.069166,0.037698
0.998222,0.212111,30.678600,0.049571,0.025419,0.998444,0.127000,61.216423,0.059853,0.014655,0.998333,0.218444,88.317057,0.074004,0.033128
0.998111,0.214333,29.878136,0.049583,0.025373,0.998667,0.115778,65.041799,0.062066,0.011844,0.998222,0.218667,94.664984,0.076846,0.032430
0.998111,0.212111,30.336532,0.049487,0.025588,0.998444,0.124556,61.356259,0.059938,0.014451,0.998333,0.218444,88.965010,0.074204,0.032716
0.998222,0.212000,31.413804,0.049878,0.024656,0.998222,0.127000,61.216423,0.059853,0.014635,0.998333,0.218333,94.279605,0.076114,0.031759
0.998222,0.212000,31.042601,0.049763,0.025310,0.998444,0.124556,61.356259,0.059938,0.014566,0.998333,0.218333,93.622502,0.075851,0.032257
0.998222,0.212111,30.678600,0.049683,0.025115,0.998667,0.113444,65.181635,0.062150,0.011205,0.998222,0.218778,89.956150,0.074855,0.032732
0.998222,0.212000,31.042601,0.049763,0.025349,0.998444,0.127556,61.216423,0.059729,0.014743,0.998333,0.218333,94.279605,0.076114,0.031746
0.998111,0.214333,38.847727,0.053163,0.025287,0.998444,0.126889,61.216423,0.059853,0.014634,0.998333,0.218333,67.004808,0.069367,0.037294
0.998000,0.214222,28.813660,0.049181,0.026082,0.998222,0.127000,61.216423,0.059853,0.014614,0.998333,0.218444,88.317057,0.074004,0.033133
0.998222,0.212000,39.329467,0.053248,0.025098,0.998222,0.126889,61.216423,0.059853,0.014635,0.998333,0.218444,62.783674,0.068048,0.038873
0.997000,0.200222,17.089937,0.046061,0.028641,0.997556,0.061778,61.505933,0.060775,0.003873,0.996667,0.116889,54.319720,0.065709,0.013897
0.996222,0.116778,16.599475,0.048750,0.007779,0.996222,0.115444,46.527189,0.043996,0.013556,0.997111,0.111889,53.100640,0.065375,0.013768
0.997222,0.089111,42.983210,0.062858,0.003162,0.996000,0.070000,55.950588,0.053472,0.005318,0.997889,0.123444,44.212161,0.064605,0.013981
0.997444,0.105889,44.715763,0.062087,0.005737,0.995889,0.077889,52.604927,0.050495,0.005227,0.998000,0.135889,44.430255,0.063929,0.018063
0.996889,0.203222,7.552025,0.043121,0.034523,0.997667,0.084333,65.041799,0.062211,0.008532,0.996556,0.118111,59.772559,0.067581,0.013722
0.996333,0.116889,16.995328,0.048207,0.007647,0.997667,0.056333,65.041799,0.062852,0.004055,0.996556,0.117889,54.537814,0.065744,0.013874
0.996222,0.115333,17.910006,0.048571,0.007685,0.996444,0.097889,52.564226,0.050045,0.009687,0.996889,0.113111,65.105048,0.072508,0.012269
0.996667,0.135889,16.802880,0.047368,0.013554,0.996444,0.096333,52.604927,0.050399,0.008837,0.996889,0.113444,65.433555,0.072755,0.012222
0.996667,0.134444,18.389276,0.047821,0.011710,0.996333,0.122222,55.950588,0.052888,0.017007,0.997333,0.124889,56.703458,0.066456,0.014419
0.996333,0.116889,17.089937,0.048149,0.007638,0.997778,0.081556,65.181635,0.062301,0.008023,0.996556,0.117667,54.319720,0.065738,0.013833
0.995778,0.094889,6.864819,0.045185,0.006867,0.996556,0.121444,55.991289,0.052905,0.016178,0.996667,0.116222,55.422300,0.065603,0.013912
0.997000,0.200333,16.873371,0.046122,0.029302,0.996222,0.115556,46.520388,0.043996,0.013297,0.997667,0.122333,59.484766,0.068021,0.014049
0.996778,0.134556,18.014162,0.047445,0.011681,0.997333,0.052000,61.216423,0.060751,0.003324,0.997333,0.140556,54.319720,0.064422,0.020178
0.997778,0.183222,41.724178,0.054518,0.020206,0.995778,0.153444,46.527189,0.043365,0.029683,0.997778,0.120333,46.924074,0.065441,0.013434
0.997000,0.200222,16.637203,0.046336,0.029060,0.996778,0.086000,55.991289,0.053401,0.006735,0.996889,0.115778,61.782891,0.070676,0.012520
0.996667,0.134556,18.014162,0.047606,0.011570,0.997556,0.064667,61.216423,0.060624,0.004242,0.997222,0.127000,54.319720,0.065198,0.015183
0.996889,0.203222,5.577732,0.043095,0.035162,0.997556,0.050444,61.356259,0.060850,0.002771,0.997111,0.127000,64.647081,0.071507,0.014340
0.997000,0.199889,18.389276,0.046309,0.027968,0.996111,0.078556,52.564226,0.050452,0.006183,0.996778,0.114222,56.921551,0.067257,0.013078
0.996667,0.134667,17.489456,0.047596,0.013201,0.995889,0.078000,52.604927,0.050495,0.005305,0.996889,0.114444,61.529782,0.070743,0.012518
0.996000,0.124444,6.641164,0.043825,0.012686,0.997778,0.081667,65.181635,0.062301,0.008013,0.997333,0.141778,56.521199,0.064481,0.020721
0.996667,0.134889,18.315069,0.047725,0.011845,0.996556,0.086778,55.950588,0.053389,0.008639,0.997556,0.138667,56.921551,0.065511,0.018986
0.997111,0.199667,17.858797,0.046206,0.028424,0.997111,0.040444,61.356259,0.060972,0.001821,0.997222,0.140444,66.655320,0.070821,0.017772
0.996667,0.134444,17.868217,0.047599,0.011576,0.996222,0.122111,55.950588,0.052888,0.017116,0.996667,0.115778,53.657009,0.065654,0.013431
0.996667,0.135778,17.592168,0.047733,0.012358,0.996333,0.126556,55.950588,0.052052,0.017817,0.996889,0.114778,56.921551,0.067242,0.013061
0.995889,0.124778,5.725791,0.044158,0.013100,0.996444,0.096333,52.604927,0.050399,0.008849,0.996889,0.114667,63.193905,0.071181,0.012660
0.995889,0.124333,6.864819,0.044722,0.012307,0.996444,0.096889,52.564226,0.050356,0.009192,0.997333,0.124222,55.422300,0.065076,0.015289
0.996222,0.116778,17.434902,0.048185,0.007699,0.997556,0.050444,61.356259,0.060850,0.002765,0.997444,0.140667,57.847365,0.065585,0.019526
0.996333,0.142000,5.716908,0.043766,0.017493,0.996556,0.121444,55.991289,0.052905,0.016148,0.997556,0.138667,68.201299,0.070048,0.017345
0.995444,0.094556,7.531585,0.045779,0.006600,0.995778,0.088444,49.566307,0.046079,0.009109,0.997667,0.123667,55.084025,0.065266,0.015600
0.996778,0.203333,5.725791,0.043190,0.034923,0.996444,0.096889,52.564226,0.050356,0.009198,0.997222,0.124000,63.193905,0.070115,0.014014
0.997000,0.200222,16.642978,0.046060,0.029044,0.996444,0.121444,55.991289,0.052905,0.016259,0.996889,0.115556,62.102153,0.070922,0.012474
0.997111,0.200111,16.871312,0.046075,0.029134,0.997333,0.052000,61.216423,0.060751,0.003339,0.996556,0.114222,66.655320,0.073984,0.012499
0.996222,0.116667,17.429127,0.048531,0.007637,0.996556,0.121556,55.991289,0.052905,0.016133,0.997333,0.124889,56.703458,0.066480,0.014419
0.995889,0.095222,6.456486,0.045042,0.007022,0.996444,0.096889,52.564226,0.050356,0.009302,0.996778,0.115000,58.846745,0.067376,0.013359
0.995778,0.086222,17.429127,0.049940,0.004225,0.996444,0.069222,55.991289,0.053484,0.004826,0.997333,0.125222,56.921551,0.066478,0.014463
0.996222,0.116667,17.429127,0.048743,0.007635,0.996444,0.096333,52.604927,0.050399,0.008761,0.996889,0.114222,56.921551,0.067235,0.013107
0.996667,0.135889,16.802880,0.047227,0.013487,0.997333,0.050444,61.356259,0.060850,0.002827,0.997444,0.140444,66.655320,0.070921,0.017480
0.996000,0.085889,17.592168,0.049985,0.004017,0.996444,0.096889,52.564226,0.050356,0.009192,0.997222,0.123667,56.921551,0.066476,0.014426
0.996333,0.115222,18.403904,0.048549,0.007285,0.997222,0.040444,61.356259,0.060972,0.001808,0.996556,0.116556,57.629272,0.067338,0.013481
0.996222,0.117000,16.852416,0.048637,0.008145,0.996556,0.086778,55.950588,0.053389,0.008685,0.996889,0.115778,61.782891,0.070655,0.012549
0.996667,0.135889,17.089937,0.047434,0.012301,0.997667,0.054667,65.181635,0.062932,0.004060,0.996667,0.117889,54.319720,0.065709,0.013897
0.996111,0.116889,16.536855,0.048849,0.008199,0.995778,0.096889,46.527189,0.044078,0.009913,0.997111,0.112111,53.100640,0.065375,0.013768
0.996333,0.141889,6.383673,0.043654,0.017795,0.997444,0.045778,65.041799,0.062946,0.002840,0.996667,0.117222,64.966343,0.073116,0.013132
0.997222,0.089444,41.873937,0.062584,0.003134,0.995889,0.078444,52.564226,0.050452,0.006198,0.998000,0.136333,41.836320,0.062816,0.018655
0.997000,0.200222,17.580847,0.046027,0.028424,0.997556,0.052000,61.216423,0.060751,0.003263,0.997222,0.126778,57.629272,0.066518,0.014808
0.996556,0.141889,6.383673,0.043476,0.017768,0.997778,0.081667,65.181635,0.062301,0.008013,0.997000,0.127778,64.966343,0.072029,0.014280
0.996333,0.141889,6.871455,0.043622,0.017736,0.997667,0.045778,65.041799,0.062946,0.002763,0.997333,0.141444,69.127113,0.071500,0.017669
0.996222,0.115333,18.014162,0.048763,0.007278,0.996333,0.133333,52.564226,0.049891,0.019116,0.996778,0.114333,53.438915,0.065578,0.013454
0.997000,0.200333,17.089937,0.046017,0.028649,0.996444,0.121444,55.991289,0.052905,0.016259,0.996667,0.115778,53.438915,0.065603,0.013431
0.996000,0.124111,6.864819,0.044557,0.012304,0.996333,0.133000,52.604927,0.049929,0.018883,0.997333,0.124000,58.846745,0.066520,0.014758
0.997000,0.199889,18.377955,0.046222,0.027993,0.996556,0.086778,55.950588,0.053389,0.008639,0.997444,0.138667,56.703458,0.065497,0.018981
0.996222,0.117000,16.852416,0.048360,0.008259,0.996444,0.096889,52.564226,0.050356,0.009281,0.997333,0.123889,61.210520,0.069489,0.013916
0.996222,0.116556,17.434902,0.048569,0.007695,0.996444,0.096333,52.604927,0.050399,0.008721,0.997556,0.137667,56.921551,0.065511,0.018971
0.996333,0.116667,17.001103,0.048302,0.007674,0.996333,0.133333,52.564226,0.049891,0.019073,0.997444,0.137667,53.438915,0.064316,0.019513
0.997000,0.200333,16.642978,0.046026,0.029249,0.996333,0.132889,52.604927,0.049929,0.018843,0.997556,0.137667,61.529782,0.068075,0.017509
0.996333,0.142222,6.456486,0.044128,0.016907,0.996444,0.069222,55.991289,0.053484,0.004846,0.996667,0.116444,55.422300,0.065595,0.013952
0.996667,0.134667,17.698894,0.047533,0.013110,0.997333,0.050444,61.356259,0.060850,0.002827,0.997222,0.126889,62.663696,0.070881,0.014242
0.996000,0.124444,6.006506,0.043664,0.013450,0.997556,0.064667,61.216423,0.060624,0.004304,0.997222,0.126444,69.127113,0.073424,0.013905
0.996667,0.134667,17.821172,0.047695,0.013039,0.996111,0.078000,52.604927,0.050495,0.005236,0.997556,0.137778,65.105048,0.069104,0.017204
0.997000,0.200222,16.852416,0.046256,0.029053,0.996556,0.086778,55.950588,0.053389,0.008645,0.997222,0.125333,62.102153,0.069800,0.013858
0.996222,0.116667,16.995328,0.048438,0.007676,0.996333,0.133333,52.564226,0.049891,0.019052,0.997556,0.137667,53.438915,0.064316,0.019519
0.996333,0.141889,6.383673,0.043799,0.017780,0.997556,0.052000,61.216423,0.060751,0.003278,0.996778,0.116000,64.647081,0.072752,0.013058
0.996222,0.115556,17.687219,0.048330,0.007795,0.997556,0.050444,61.356259,0.060850,0.002785,0.996667,0.116000,62.982958,0.072385,0.012910
0.997000,0.058444,43.569801,0.064120,0.001482,0.996444,0.069222,55.991289,0.053484,0.004827,0.997778,0.136889,41.618226,0.062816,0.018689
0.996333,0.142000,6.641164,0.043627,0.016688,0.997667,0.084333,65.041799,0.062211,0.008532,0.996556,0.118111,56.303105,0.065716,0.014314
0.997000,0.200333,17.434902,0.046272,0.028517,0.996556,0.086778,55.950588,0.053389,0.008639,0.997333,0.125111,56.703458,0.066441,0.014450
0.996667,0.135778,17.089937,0.047713,0.012351,0.996778,0.086000,55.991289,0.053401,0.006815,0.997333,0.125333,53.438915,0.065059,0.014825
0.996667,0.135778,17.434902,0.047510,0.012436,0.996333,0.132889,52.604927,0.049929,0.018862,0.997556,0.137667,56.703458,0.065497,0.018864
0.996333,0.116778,17.523736,0.048299,0.007647,0.997556,0.062778,61.356259,0.060716,0.003973,0.997222,0.126889,57.847365,0.066317,0.015195
0.997000,0.199889,17.862443,0.046219,0.027942,0.995889,0.078556,52.564226,0.050452,0.006242,0.996778,0.114556,53.657009,0.065646,0.013471
0.995778,0.124444,6.864819,0.044937,0.012295,0.996222,0.070000,55.950588,0.053472,0.005341,0.996778,0.116444,55.640394,0.065624,0.013981
0.995889,0.124778,5.393054,0.044020,0.013574,0.996667,0.089889,55.991289,0.052912,0.006727,0.997333,0.124667,63.193905,0.070163,0.014037
0.997444,0.106111,43.209194,0.061534,0.005906,0.997556,0.062778,61.356259,0.060716,0.004013,0.996778,0.114889,42.717125,0.063789,0.013380
0.997111,0.199778,17.936649,0.045919,0.028124,0.997556,0.093444,61.216423,0.059990,0.008873,0.997333,0.140444,54.319720,0.064422,0.020065
0.996667,0.135778,16.802880,0.047490,0.013487,0.996222,0.069222,55.991289,0.053484,0.004886,0.997556,0.138667,66.058012,0.069879,0.017041
0.997000,0.200111,17.080750,0.046056,0.029137,0.997556,0.052000,61.216423,0.060751,0.003263,0.997444,0.140333,66.983826,0.071012,0.017376
0.997111,0.199778,17.963371,0.046077,0.028097,0.997667,0.045778,65.041799,0.062946,0.002768,0.997000,0.128000,54.319720,0.065220,0.015160
0.996333,0.142111,5.393054,0.043819,0.017965,0.996111,0.078556,52.564226,0.050452,0.006167,0.997333,0.124111,63.513167,0.070339,0.013971
0.997000,0.199889,18.014162,0.046212,0.027967,0.996444,0.096333,52.604927,0.050399,0.008837,0.996778,0.114556,53.438915,0.065592,0.013471
0.997889,0.180222,45.045098,0.056107,0.018174,0.996222,0.132889,52.604927,0.049929,0.018966,0.997333,0.111778,44.212161,0.065226,0.012593
0.996222,0.115333,17.767326,0.048613,0.007753,0.996556,0.121444,55.991289,0.052905,0.016178,0.996889,0.115556,61.782891,0.070662,0.012499
0.996222,0.115000,17.821172,0.048610,0.007542,0.996556,0.086778,55.950588,0.053389,0.008644,0.997333,0.125000,66.058012,0.071616,0.013573
0.996667,0.135889,17.084162,0.047295,0.012284,0.997778,0.084333,65.041799,0.062211,0.008470,0.996556,0.117667,54.319720,0.065716,0.013833
0.997222,0.089222,41.873937,0.062797,0.003102,0.995556,0.064778,52.604927,0.050595,0.003649,0.997889,0.136333,41.618226,0.062816,0.018689
0.997000,0.199889,17.750104,0.046292,0.028603,0.996111,0.078000,52.604927,0.050495,0.005236,0.997222,0.124000,61.210520,0.069489,0.013916
0.996222,0.115222,18.014162,0.048624,0.007292,0.996333,0.133000,52.604927,0.049929,0.018863,0.997222,0.123667,53.657009,0.065120,0.014773
0.995778,0.124444,5.384171,0.044176,0.013592,0.996222,0.070000,55.950588,0.053472,0.005328,0.997556,0.138667,68.201299,0.069733,0.017784
0.996222,0.115222,17.862443,0.048586,0.007437,0.996556,0.121444,55.991289,0.052905,0.016127,0.997556,0.138667,53.438915,0.064320,0.019512
0.996667,0.135778,17.434902,0.047450,0.012459,0.996222,0.133333,52.564226,0.049891,0.019132,0.997556,0.137667,56.703458,0.065497,0.018864
0.997000,0.199889,18.025483,0.046317,0.028022,0.996111,0.078556,52.564226,0.050452,0.006174,0.997556,0.137778,53.657009,0.064316,0.019651
0.996667,0.134667,17.838394,0.047532,0.012917,0.996444,0.096333,52.604927,0.050399,0.008837,0.996778,0.113444,65.105048,0.072529,0.012247
0.996333,0.142000,5.716908,0.043895,0.017460,0.995889,0.078556,52.564226,0.050452,0.006227,0.997333,0.124000,67.248335,0.071558,0.013743
0.995889,0.124667,5.716908,0.044136,0.013120,0.996444,0.096889,52.564226,0.050356,0.009181,0.997556,0.137667,63.513167,0.068199,0.017982
0.996222,0.124444,6.015388,0.043550,0.013459,0.997667,0.054667,65.181635,0.062932,0.004003,0.996556,0.115778,69.127113,0.075716,0.012494
0.997000,0.199889,18.598714,0.046238,0.028632,0.996222,0.115444,46.527189,0.044000,0.013423,0.997111,0.111444,63.208998,0.070563,0.012538
0.996667,0.134556,17.483682,0.047719,0.013060,0.996556,0.086778,55.950588,0.053389,0.008768,0.996778,0.115778,62.102153,0.070937,0.012495
0.997444,0.105778,44.812609,0.062346,0.005609,0.996111,0.077889,52.604927,0.050495,0.005181,0.997333,0.112000,44.212161,0.065220,0.012638
0.996667,0.134444,18.320844,0.047670,0.011709,0.997556,0.062778,61.356259,0.060716,0.004071,0.996667,0.116556,57.629272,0.067338,0.013481
0.996667,0.134667,17.927229,0.047714,0.013021,0.996111,0.078556,52.564226,0.050452,0.006173,0.997556,0.137778,65.105048,0.069104,0.017204
0.995889,0.124667,6.456486,0.044235,0.012830,0.996333,0.122111,55.950588,0.052888,0.016987,0.997556,0.138667,55.422300,0.064316,0.020287
0.996333,0.115222,17.838394,0.048250,0.007672,0.996333,0.133333,52.564226,0.049891,0.019137,0.996778,0.113222,65.105048,0.072531,0.012203
0.996667,0.203333,6.456486,0.043349,0.034635,0.995556,0.056667,55.950588,0.053633,0.003653,0.996667,0.116444,55.640394,0.065646,0.013955
0.997000,0.200222,17.517961,0.045883,0.028722,0.997556,0.090889,61.356259,0.060083,0.008675,0.997444,0.140556,57.629272,0.065585,0.019430
0.997333,0.085667,44.715763,0.062953,0.002916,0.996556,0.086778,55.950588,0.053389,0.008598,0.998000,0.136667,44.212161,0.063929,0.018148
0.996333,0.142000,6.641164,0.043800,0.016582,0.997444,0.040667,69.272348,0.063720,0.002824,0.997111,0.128444,56.303105,0.065389,0.015671
0.997778,0.180333,44.704952,0.056121,0.018321,0.995889,0.055778,55.991289,0.053650,0.003632,0.997000,0.112333,52.772841,0.070719,0.011711
0.997000,0.199889,17.868217,0.046315,0.027976,0.996444,0.096889,52.564226,0.050356,0.009193,0.997333,0.123889,53.438915,0.065054,0.014825
0.996000,0.124556,5.568849,0.043711,0.013461,0.997556,0.093333,61.216423,0.059990,0.008862,0.996667,0.115778,64.966343,0.072921,0.013092
0.997778,0.183111,41.651526,0.055191,0.019655,0.996111,0.077889,52.604927,0.050495,0.005173,0.998000,0.136333,48.969090,0.065743,0.016485
0.996667,0.135889,17.063527,0.047450,0.013568,0.996111,0.078556,52.564226,0.050452,0.006173,0.997444,0.137778,65.433555,0.069298,0.017101
0.996444,0.116667,17.517961,0.048107,0.007645,0.997778,0.084333,65.041799,0.062211,0.008470,0.996556,0.117333,57.847365,0.067467,0.013440
0.996333,0.142000,5.384171,0.043720,0.017963,0.996222,0.069222,55.991289,0.053484,0.004886,0.997556,0.138667,67.872793,0.069838,0.017556
0.997333,0.106000,44.052745,0.062000,0.006000,0.995778,0.096667,46.527189,0.044081,0.009833,0.997889,0.134444,40.436400,0.062347,0.019077
0.997000,0.200333,16.536855,0.046111,0.028730,0.996556,0.121000,56.034572,0.052913,0.015873,0.996778,0.115778,53.438915,0.065637,0.013431
0.996333,0.115111,18.466789,0.048479,0.007291,0.996222,0.132889,52.604927,0.049929,0.018921,0.997556,0.137667,56.703458,0.065497,0.018875
0.997000,0.199778,17.838394,0.046406,0.028298,0.996556,0.086778,55.950588,0.053389,0.008645,0.997333,0.125000,65.729506,0.071398,0.013639
0.995778,0.124333,6.864819,0.044784,0.012314,0.995444,0.064889,52.604927,0.050595,0.003664,0.997333,0.124333,55.422300,0.065076,0.015310
0.997111,0.199667,17.858797,0.046013,0.028378,0.997667,0.084444,65.041799,0.062211,0.008522,0.997000,0.127000,66.983826,0.072940,0.013870
0.996222,0.116889,16.852416,0.048491,0.008184,0.996778,0.086000,55.991289,0.053401,0.006720,0.997556,0.138667,62.102153,0.068200,0.017600
0.996000,0.086556,17.001103,0.049759,0.004233,0.996778,0.086000,55.991289,0.053401,0.006816,0.997556,0.138667,53.657009,0.064320,0.019585
0.997000,0.199889,18.389276,0.046240,0.027903,0.996778,0.086000,55.991289,0.053401,0.006816,0.997333,0.125111,56.703458,0.066465,0.014450
0.996111,0.115333,18.025483,0.048785,0.007292,0.996111,0.078556,52.564226,0.050452,0.006167,0.997222,0.124000,53.438915,0.065076,0.014814
0.996111,0.116778,16.797106,0.048289,0.008353,0.996111,0.078556,52.564226,0.050452,0.006173,0.997444,0.137778,65.105048,0.069104,0.017205
0.997333,0.088889,42.897687,0.062604,0.003248,0.996444,0.096222,52.604927,0.050399,0.008680,0.998000,0.136000,51.819877,0.066844,0.016355
0.997000,0.199889,18.389276,0.046302,0.027995,0.996222,0.070000,55.950588,0.053472,0.005260,0.997778,0.152556,56.703458,0.064897,0.022608
0.997000,0.199889,18.466789,0.046164,0.027986,0.996333,0.132889,52.604927,0.049929,0.018843,0.997556,0.137667,56.703458,0.065337,0.019243
0.996778,0.134444,17.951277,0.047423,0.011666,0.997778,0.084444,65.041799,0.062211,0.008459,0.997000,0.127778,54.319720,0.065220,0.015130
0.996667,0.135778,17.580847,0.047872,0.012371,0.995556,0.065556,52.564226,0.050556,0.003730,0.996778,0.114222,56.921551,0.067257,0.013081
0.996333,0.142000,5.725791,0.044008,0.017451,0.996444,0.096889,52.564226,0.050356,0.009214,0.996889,0.113889,67.248335,0.073452,0.012280
0.996000,0.124444,6.641164,0.044046,0.012690,0.997556,0.062778,61.356259,0.060710,0.003978,0.997444,0.140667,56.303105,0.064422,0.020774
0.997556,0.109333,43.407932,0.062172,0.006274,0.996222,0.070000,55.950588,0.053472,0.005263,0.997889,0.123444,44.212161,0.064583,0.014005
0.996667,0.135778,17.429127,0.047781,0.012394,0.996222,0.070000,55.950588,0.053472,0.005337,0.996889,0.115667,56.921551,0.067257,0.013078
0.996667,0.135889,16.852416,0.047520,0.013380,0.996556,0.121556,55.991289,0.052905,0.016154,0.997333,0.125111,62.102153,0.069800,0.013817
0.996667,0.134444,18.389276,0.047870,0.011718,0.996333,0.133444,52.564226,0.049891,0.019066,0.997333,0.123444,56.921551,0.066469,0.014420
0.996111,0.086667,16.642978,0.049280,0.004515,0.996444,0.121444,55.991289,0.052905,0.016206,0.997556,0.138667,62.102153,0.068200,0.017511
0.996333,0.116778,16.995328,0.048360,0.007617,0.996222,0.122222,55.950588,0.052888,0.017065,0.997333,0.125111,53.438915,0.065076,0.014773
0.996333,0.142000,6.456486,0.044099,0.016724,0.996556,0.086778,55.950588,0.053389,0.008638,0.997556,0.138667,58.846745,0.065528,0.019758
0.996667,0.135778,17.592168,0.047779,0.012368,0.996556,0.086778,55.950588,0.053389,0.008645,0.997333,0.125111,56.921551,0.066454,0.014450
0.996000,0.124556,5.384171,0.043787,0.013535,0.996222,0.122222,55.950588,0.052888,0.017065,0.997333,0.125000,68.201299,0.072338,0.013615
0.995889,0.124444,5.716908,0.044292,0.013091,0.996444,0.069222,55.991289,0.053484,0.004841,0.996778,0.114889,68.201299,0.074416,0.012150
0.996111,0.116556,17.580847,0.048647,0.007645,0.996111,0.078000,52.604927,0.050495,0.005231,0.997556,0.137778,56.921551,0.065511,0.019006
0.996778,0.135889,17.147048,0.047408,0.012258,0.997333,0.052000,61.216423,0.060751,0.003324,0.997111,0.127000,54.319720,0.065220,0.015160
0.996222,0.116667,17.592168,0.048735,0.007606,0.996778,0.086000,55.991289,0.053401,0.006753,0.996889,0.115667,56.921551,0.067260,0.013107
0.997000,0.200333,17.429127,0.046091,0.028587,0.995889,0.078000,52.604927,0.050495,0.005291,0.997444,0.137778,56.703458,0.065497,0.019007
0.996333,0.116778,17.080750,0.048376,0.008111,0.996556,0.121556,55.991289,0.052905,0.016154,0.997333,0.124778,66.058012,0.071594,0.013554
0.996222,0.117111,16.840740,0.048358,0.008132,0.997111,0.040444,61.356259,0.060972,0.001821,0.996667,0.116000,62.982958,0.072385,0.012910
0.996667,0.134556,17.927229,0.047484,0.012872,0.996222,0.122111,55.950588,0.052888,0.017067,0.997444,0.138667,66.058012,0.069894,0.016929
0.996222,0.115222,17.767326,0.048698,0.007779,0.996778,0.086000,55.991289,0.053401,0.006713,0.997333,0.125333,62.102153,0.069778,0.013881
0.996111,0.115111,18.466789,0.048955,0.007256,0.995556,0.064889,52.604927,0.050595,0.003648,0.997222,0.123778,56.703458,0.066463,0.014448
0.996667,0.134667,17.750104,0.047550,0.013269,0.996333,0.132889,52.604927,0.049929,0.018842,0.997556,0.137667,61.210520,0.067872,0.017612
0.996667,0.134444,17.868217,0.047672,0.011754,0.996444,0.096333,52.604927,0.050399,0.008804,0.997444,0.137667,53.438915,0.064316,0.019620
0.997000,0.199778,17.717791,0.046337,0.028304,0.995556,0.088444,49.566307,0.046074,0.009199,0.997667,0.123111,64.161962,0.071026,0.013664
0.997444,0.109778,42.983210,0.062021,0.006378,0.996111,0.078444,52.564226,0.050452,0.006158,0.997222,0.112111,44.212161,0.065242,0.012610
0.995889,0.124333,5.725791,0.044114,0.013123,0.996556,0.086778,55.950588,0.053389,0.008735,0.997556,0.138667,68.201299,0.070033,0.017434
0.996667,0.134667,17.821172,0.047681,0.012915,0.996111,0.078000,52.604927,0.050495,0.005245,0.996889,0.113444,65.105048,0.072529,0.012260
0.995889,0.086222,16.970655,0.049927,0.004233,0.995556,0.096778,46.527189,0.044077,0.009872,0.997889,0.136222,56.315721,0.065318,0.019371
0.995889,0.124333,6.383673,0.043794,0.013405,0.997333,0.052000,61.216423,0.060751,0.003324,0.997444,0.140444,64.647081,0.069277,0.018449
0.995889,0.086111,17.429127,0.049832,0.004217,0.996222,0.069222,55.991289,0.053484,0.004885,0.997333,0.125222,56.703458,0.066487,0.014439
0.997000,0.199889,18.377955,0.046392,0.027857,0.996111,0.078556,52.564226,0.050452,0.006173,0.997333,0.123778,56.921551,0.066476,0.014439
0.997000,0.200333,17.434902,0.045997,0.028473,0.996222,0.133000,52.604927,0.049929,0.018943,0.997333,0.123444,56.921551,0.066469,0.014419
0.997000,0.200333,17.089937,0.046404,0.028417,0.995556,0.065556,52.564226,0.050556,0.003746,0.997333,0.124000,53.438915,0.065054,0.014844
0.996778,0.134444,17.769962,0.047398,0.012848,0.997667,0.056333,65.041799,0.062852,0.004113,0.996556,0.115444,66.655320,0.074293,0.012487
0.996111,0.115222,18.025483,0.048714,0.007392,0.996111,0.078000,52.604927,0.050495,0.005236,0.997444,0.137778,53.438915,0.064316,0.019652
0.996333,0.115111,18.466789,0.048062,0.007351,0.997667,0.081667,65.181635,0.062301,0.008076,0.997333,0.141778,57.847365,0.065662,0.019508
0.996667,0.134444,17.769962,0.047446,0.012849,0.997667,0.054667,65.181635,0.062932,0.003968,0.997111,0.127222,66.655320,0.073092,0.013887
0.996111,0.116667,17.434902,0.048743,0.007635,0.996111,0.078556,52.564226,0.050452,0.006172,0.997333,0.123778,56.703458,0.066441,0.014463
0.996111,0.084667,18.466789,0.049597,0.003475,0.997667,0.054667,65.181635,0.062932,0.004025,0.997111,0.127889,57.847365,0.066646,0.014808
0.996667,0.135889,16.802880,0.047336,0.013477,0.997222,0.040444,61.356259,0.060972,0.001808,0.997333,0.140444,66.655320,0.070921,0.017480
0.996667,0.134444,18.409678,0.047593,0.011814,0.997556,0.062778,61.356259,0.060710,0.003978,0.997444,0.140667,57.847365,0.065585,0.019506
0.996111,0.084333,18.466789,0.049978,0.003485,0.996333,0.133111,52.604927,0.049923,0.019012,0.997333,0.123444,56.703458,0.066456,0.014419
0.997000,0.199667,17.769962,0.046197,0.028312,0.997444,0.045778,65.041799,0.062946,0.002825,0.997111,0.127222,66.655320,0.072766,0.013910
0.996667,0.134667,17.750104,0.047461,0.013075,0.997556,0.052000,61.216423,0.060751,0.003267,0.997444,0.140444,62.982958,0.069409,0.018139
0.996667,0.134667,17.767326,0.047457,0.013254,0.996333,0.132889,52.604927,0.049929,0.018862,0.997556,0.137667,61.529782,0.068075,0.017509
0.997444,0.110000,41.518910,0.060846,0.006871,0.997556,0.062778,61.356259,0.060716,0.004036,0.997556,0.125556,42.499031,0.063259,0.014894
0.997889,0.180222,45.045098,0.056183,0.018213,0.996000,0.070000,55.950588,0.053472,0.005319,0.998000,0.136667,44.430255,0.063929,0.018130
0.996000,0.124000,7.531585,0.044131,0.012603,0.997444,0.045778,65.041799,0.062946,0.002824,0.997222,0.141667,56.303105,0.064314,0.020978
0.996222,0.116778,16.797106,0.048015,0.008191,0.997444,0.045778,65.041799,0.062946,0.002840,0.996667,0.115444,66.983826,0.074496,0.012474
0.997000,0.199667,17.489456,0.046187,0.028540,0.997667,0.054667,65.181635,0.062932,0.003968,0.997111,0.127889,62.982958,0.071400,0.014242
0.995778,0.124444,6.456486,0.044538,0.012780,0.995444,0.064889,52.604927,0.050595,0.003664,0.997333,0.124333,59.064838,0.066518,0.014807
0.996333,0.142222,6.456486,0.043718,0.016968,0.996444,0.121444,55.991289,0.052905,0.016207,0.997556,0.138667,55.422300,0.064320,0.020287
0.997556,0.105778,43.666647,0.062087,0.005559,0.996444,0.096778,52.564226,0.050356,0.009146,0.998000,0.136000,41.836320,0.062816,0.018641
0.996333,0.117000,17.158369,0.048116,0.007661,0.997556,0.093444,61.216423,0.059990,0.008872,0.997444,0.140444,54.319720,0.064422,0.020075
0.997778,0.183111,41.788176,0.055261,0.019504,0.996556,0.086778,55.950588,0.053389,0.008644,0.997333,0.114333,41.836320,0.063699,0.013006
0.996667,0.135889,17.158369,0.047450,0.012264,0.997556,0.064667,61.216423,0.060624,0.004304,0.997222,0.127000,54.319720,0.065198,0.015183
0.995778,0.084889,17.483682,0.049992,0.004080,0.996222,0.070000,55.950588,0.053472,0.005336,0.996889,0.115778,62.102153,0.070915,0.012536
0.997000,0.199889,17.489456,0.046060,0.028641,0.996333,0.133333,52.564226,0.049891,0.019074,0.997556,0.137667,61.210520,0.067872,0.017612
0.997000,0.200222,17.001103,0.045974,0.028641,0.997556,0.090778,61.356259,0.060083,0.008686,0.996667,0.116667,54.319720,0.065694,0.013862
0.996333,0.141556,7.531585,0.044019,0.016173,0.997444,0.093444,61.216423,0.059990,0.008923,0.997444,0.140444,59.772559,0.065562,0.020019
0.996667,0.203222,6.641164,0.043121,0.034672,0.997556,0.064667,61.216423,0.060624,0.004242,0.997444,0.140556,56.521199,0.064422,0.020774
0.996333,0.142000,6.864819,0.044295,0.015893,0.996556,0.086778,55.950588,0.053389,0.008768,0.996778,0.116444,55.422300,0.065592,0.013952
0.996667,0.135778,17.592168,0.047673,0.012372,0.995889,0.078000,52.604927,0.050495,0.005290,0.997222,0.123778,56.703458,0.066463,0.014439
0.996667,0.135889,17.001103,0.047323,0.012334,0.997556,0.090889,61.356259,0.060083,0.008654,0.997222,0.126889,54.537814,0.065241,0.015129
0.995889,0.124667,6.456486,0.044455,0.012766,0.996778,0.086222,55.991289,0.053395,0.006896,0.996778,0.116444,55.422300,0.065595,0.013952
0.997889,0.180222,45.045098,0.056228,0.018189,0.996556,0.086778,55.950588,0.053389,0.008701,0.997889,0.123000,44.430255,0.064587,0.013950
0.995444,0.094667,6.864819,0.045572,0.006867,0.995556,0.064889,52.604927,0.050595,0.003648,0.997333,0.124333,59.064838,0.066540,0.014786
0.997000,0.199889,17.868217,0.046173,0.027955,0.996333,0.133000,52.604927,0.049929,0.018864,0.997222,0.123667,53.657009,0.065120,0.014773
0.996333,0.142000,6.864819,0.044269,0.015952,0.995889,0.079222,52.604927,0.050190,0.005717,0.997556,0.137556,55.640394,0.064316,0.020385
0.996111,0.084778,17.847121,0.049224,0.003781,0.997444,0.090889,61.356259,0.060083,0.008724,0.997444,0.140333,66.983826,0.071082,0.017287
0.996667,0.203333,6.864819,0.043417,0.034207,0.996778,0.086000,55.991289,0.053401,0.006748,0.996889,0.116444,59.064838,0.067400,0.013388
0.996444,0.117000,17.084162,0.048223,0.007638,0.997556,0.090778,61.356259,0.060083,0.008684,0.996444,0.116667,54.319720,0.065716,0.013834
0.996222,0.116667,17.089937,0.048609,0.007695,0.996444,0.096889,52.564226,0.050356,0.009187,0.997556,0.137667,53.657009,0.064316,0.019625
0.996667,0.135778,17.089937,0.047774,0.012344,0.996111,0.078556,52.564226,0.050452,0.006167,0.997222,0.124000,53.657009,0.065120,0.014814
0.996667,0.136000,16.642978,0.047490,0.013560,0.995889,0.078000,52.604927,0.050495,0.005304,0.996889,0.114444,61.529782,0.070721,0.012547
0.997000,0.199778,17.951277,0.046063,0.028050,0.997333,0.049333,61.505933,0.060920,0.002827,0.997222,0.127222,54.537814,0.065262,0.015159
0.997778,0.183111,41.518910,0.054389,0.020140,0.997444,0.045778,65.041799,0.062946,0.002825,0.997333,0.126333,42.499031,0.063395,0.014703
0.996444,0.116889,17.001103,0.047965,0.007704,0.997667,0.054667,65.181635,0.062932,0.003968,0.997222,0.141778,54.537814,0.064481,0.020178
0.996667,0.135778,16.995328,0.047891,0.012292,0.996222,0.070000,55.950588,0.053472,0.005341,0.996778,0.116000,53.657009,0.065624,0.013500
0.996222,0.116667,17.429127,0.048694,0.007635,0.996556,0.086778,55.950588,0.053389,0.008685,0.996889,0.115667,56.703458,0.067214,0.013107
0.996667,0.134889,17.862443,0.047371,0.011701,0.997667,0.056333,65.041799,0.062845,0.004020,0.997333,0.141667,54.319720,0.064422,0.020180
0.996000,0.086778,16.995328,0.049277,0.004225,0.997667,0.043778,65.181635,0.063050,0.002763,0.997111,0.128111,54.319720,0.065219,0.015183
0.997000,0.199889,17.838394,0.045973,0.028474,0.996222,0.132889,52.604927,0.049929,0.018923,0.997556,0.137667,65.433555,0.069314,0.016965
0.996222,0.116556,17.434902,0.048599,0.007622,0.996444,0.096333,52.604927,0.050399,0.008754,0.996778,0.114222,56.703458,0.067236,0.013078
0.996333,0.142222,6.456486,0.044093,0.016898,0.996444,0.096333,52.604927,0.050399,0.008727,0.997333,0.124222,55.422300,0.065054,0.015312
0.996000,0.086111,17.523736,0.049437,0.004055,0.997556,0.050444,61.356259,0.060850,0.002765,0.997444,0.140667,57.629272,0.065585,0.019525
0.996111,0.116667,17.429127,0.048689,0.007622,0.996444,0.069222,55.991289,0.053484,0.004831,0.997222,0.125222,56.703458,0.066487,0.014439
0.995889,0.124000,6.864819,0.044559,0.012364,0.996556,0.121444,55.991289,0.052905,0.016127,0.997556,0.138667,59.064838,0.065565,0.019652
0.995778,0.124667,5.716908,0.044194,0.013161,0.996111,0.078556,52.564226,0.050452,0.006168,0.997556,0.137778,63.513167,0.068199,0.017989
0.995778,0.085111,17.868217,0.050167,0.003815,0.996111,0.078556,52.564226,0.050452,0.006172,0.997333,0.124000,53.438915,0.065054,0.014837
0.997000,0.200222,16.637203,0.046110,0.029143,0.996556,0.121444,55.991289,0.052905,0.016201,0.996778,0.115556,62.102153,0.070944,0.012450
0.997000,0.200333,17.592168,0.046319,0.028404,0.996111,0.078000,52.604927,0.050495,0.005250,0.996889,0.114222,56.921551,0.067235,0.013107
0.996444,0.142000,5.384171,0.043528,0.017900,0.996444,0.121556,55.991289,0.052905,0.016213,0.997222,0.125000,68.201299,0.072360,0.013594
0.996667,0.135778,17.580847,0.047641,0.012358,0.996333,0.133000,52.604927,0.049929,0.018883,0.997333,0.123444,56.703458,0.066450,0.014419
0.997111,0.061000,41.518910,0.062895,0.001771,0.997556,0.051889,61.216423,0.060752,0.003277,0.996778,0.115000,42.499031,0.063753,0.013406
0.996333,0.141889,6.871455,0.043576,0.017710,0.997667,0.054667,65.181635,0.062932,0.004025,0.997333,0.141556,69.127113,0.071681,0.017661
0.996667,0.135778,17.434902,0.047701,0.012388,0.996333,0.133333,52.564226,0.049891,0.019117,0.996889,0.114000,56.921551,0.067242,0.013061
0.997000,0.200333,17.429127,0.046165,0.028526,0.996444,0.096889,52.564226,0.050356,0.009303,0.996889,0.114222,56.921551,0.067257,0.013078
0.996667,0.134444,18.377955,0.047958,0.011728,0.996444,0.096333,52.604927,0.050399,0.008727,0.997222,0.123667,56.921551,0.066476,0.014426
0.997000,0.199667,17.483682,0.046121,0.028571,0.997778,0.081556,65.181635,0.062301,0.008023,0.996667,0.116778,62.663696,0.072506,0.012890
0.996333,0.141556,7.531585,0.044273,0.016165,0.997556,0.062778,61.356259,0.060716,0.004013,0.996778,0.117333,59.990652,0.067483,0.013785
0.996667,0.203333,6.456486,0.043303,0.034591,0.996778,0.086000,55.991289,0.053401,0.006719,0.997333,0.125667,58.846745,0.066523,0.014789
0.996667,0.134444,18.478110,0.047732,0.011653,0.996222,0.132889,52.604927,0.049929,0.018988,0.996889,0.114000,56.921551,0.067264,0.013037
0.997000,0.199778,17.750104,0.046404,0.028439,0.996778,0.086000,55.991289,0.053401,0.006754,0.996889,0.115778,62.102153,0.070915,0.012524
0.997556,0.109444,43.184926,0.062022,0.006304,0.996778,0.086000,55.991289,0.053401,0.006710,0.997556,0.123222,52.444334,0.068985,0.013130
0.996222,0.115222,17.862443,0.048753,0.007321,0.996444,0.096889,52.564226,0.050356,0.009214,0.996667,0.114556,53.657009,0.065646,0.013471
0.996111,0.115556,17.483682,0.048590,0.007959,0.995556,0.064889,52.604927,0.050595,0.003643,0.997333,0.124000,61.210520,0.069489,0.013925
0.996000,0.124333,6.383673,0.043689,0.013403,0.997667,0.054667,65.181635,0.062932,0.003963,0.997333,0.141667,64.647081,0.069551,0.018490
0.996111,0.116889,17.089937,0.048736,0.007632,0.996000,0.070000,55.950588,0.053472,0.005396,0.996778,0.116000,53.438915,0.065570,0.013500
0.997111,0.200222,17.001103,0.046073,0.028648,0.997667,0.045778,65.041799,0.062946,0.002783,0.996444,0.117889,54.537814,0.065744,0.013874
0.997333,0.085778,43.505207,0.062722,0.003620,0.997556,0.090778,61.356259,0.060083,0.008706,0.996889,0.114667,42.499031,0.063736,0.013393
0.996000,0.124778,5.384171,0.043824,0.013628,0.996444,0.096889,52.564226,0.050356,0.009187,0.997444,0.137667,63.513167,0.068199,0.017966
0.996667,0.135889,16.852416,0.047673,0.013457,0.996556,0.086778,55.950588,0.053389,0.008633,0.997556,0.138667,61.782891,0.067996,0.017704
0.996111,0.115222,17.862443,0.048755,0.007437,0.996222,0.070000,55.950588,0.053472,0.005323,0.997556,0.138667,53.438915,0.064316,0.019585
0.996667,0.135778,16.797106,0.047525,0.013411,0.996000,0.070000,55.950588,0.053472,0.005381,0.997333,0.125111,65.729506,0.071420,0.013616
0.996667,0.135889,16.852416,0.047531,0.013446,0.996333,0.122111,55.950588,0.052888,0.016987,0.997556,0.138667,61.782891,0.067996,0.017614
0.997000,0.199667,17.687219,0.046190,0.028527,0.997667,0.054667,65.181635,0.062932,0.003968,0.997111,0.127889,62.663696,0.071198,0.014242
0.996333,0.117111,16.840740,0.048177,0.008270,0.996222,0.133444,52.564226,0.049891,0.019146,0.997333,0.123667,61.529782,0.069691,0.013854
0.997111,0.058444,43.569801,0.064074,0.001495,0.996778,0.086000,55.991289,0.053401,0.006711,0.997778,0.136889,41.618226,0.062816,0.018689
0.996111,0.116556,17.434902,0.048651,0.007695,0.996111,0.078000,52.604927,0.050495,0.005231,0.997556,0.137778,56.921551,0.065511,0.019006
0.996222,0.115444,17.483682,0.048368,0.008075,0.996444,0.096333,52.604927,0.050399,0.008721,0.997556,0.137667,61.529782,0.068075,0.017610
0.996000,0.124333,6.456486,0.044284,0.012786,0.996333,0.133000,52.604927,0.049929,0.018863,0.997222,0.124000,58.846745,0.066542,0.014737
