inflow_amp,inflow_freq,inflow_phase,evap_rate
0.0081319651,4212.2958324692,450.5787191815,1.0457245457
0.0043375605,4322.9285501955,419.9648987325,0.9302255353
0.0029379951,4580.2902936201,441.0406493979,1.0508049878
0.0065236486,4219.2742469774,429.0920604178,0.8883945256999999
0.0003232697,4298.5928576253,443.71771241629995,0.9737245335
0.0044674984000000004,4451.8529969392,451.6587674814,0.9839754087
0.0073064874,4262.0156500881,458.9430408264,1.062873692
0.0051469595,4535.7411451676,425.2214404839,1.0099266292
0.0065980724,4558.531661980301,425.6875908598,0.9453089170000001
0.0027498944,4344.3688489435,446.61768146440005,0.8307684017
0.0091104355,4175.0544788718,436.58806565599997,1.0783314163
0.0066894197,4393.2655380728,452.8642014457,1.0870736553
0.0074072941000000005,4305.2536822338,434.2289419856,1.1302890456
0.0023408613,4470.9719759629,422.1988157443,1.0718375029
0.007680594000000001,4555.3278508132,426.52003034129996,1.0785940735
0.0013959270000000001,4580.1241401911,448.2369322322,1.1379336368000001
0.0015161263000000001,4249.5405441335,445.0143126274,0.8775109605
0.0030822191,4184.6672755668,434.5606782717,0.8560267511
0.009588926,4543.0105681308005,441.09932679089997,1.0018404841
0.0045548131,4199.6907856453,427.8228652432,1.1878601405
0.0007612533,4269.9226194629,428.0751844803,1.0356437574
0.009496248,4540.096174283401,430.5604558664,1.1660340718000002
0.0085275964,4230.2971790694,439.1969890039,1.1337332315000002
0.0002585174,4573.9794527258,425.7519848224,1.0239040384
0.009595177199999999,4211.0221343251005,455.3282824847,1.0320367149
0.0062609517000000005,4517.4541891032,454.54629240559996,1.1953783483
0.0046114123,4438.5165431080995,420.3689736264,0.8593999067
0.0064452022,4401.665241474,425.63587416580003,0.8656753687000001
0.0041911677,4203.8903548204,450.4315449365,1.0189627866
0.0022320371,4276.359372342999,418.2893190214,1.0821605686
0.0093707692,4204.3402975797,428.70255991449994,0.907439523
0.0054241024,4562.4901956298,420.5035590752,1.1048772827
0.0048515692,4578.2879688428,423.3164072923,0.8354415726000001
0.0097278313,4337.1406961422,442.51302626370006,1.0972972338
0.0070534724,4581.659863504699,432.5610984232,0.9176761239
0.0018112948,4370.9538184444,457.3262068304,1.1979672432
0.0045260924,4176.8194253736,424.76947138,1.1668971904
0.0043962182,4377.0833118273995,438.18919050230005,0.9045865914
0.0069971133,4323.1937961022995,451.84830541300005,0.8483915868999999
0.0045442081,4177.2614370621,439.4664948733,1.0963456315
0.0060604820999999994,4556.6635777637,419.24199520620004,0.8137646040000001
0.0006833364,4578.9428873611,437.57030935809996,1.182477376
0.0097541909,4326.0774699864005,420.4234839806,1.0623568583
0.0067000751,4522.1767360227,453.8008790083,1.0014118028
0.0043402304,4303.2704865343,422.97190578769994,0.8532503134999999
0.0063508897,4254.2055129633,422.6488926282,0.9446652153
0.0037153734000000002,4394.6261413389,447.6858158586,0.8554446873999999
0.0083793602,4479.2170552126,418.5993059802,0.9360543742
0.0035580825,4350.8731029999,452.91581528230006,1.1956684583
0.007521523299999999,4380.3337609584005,423.6580047325,0.8177717356
0.007264880699999999,4538.8799987465,432.9671832245,0.9971008074
0.0055197225,4182.7599735251,458.2245760314,1.1097919279000001
0.0081261454,4330.5600335278,453.69818195930003,0.9403560717
2.8851799999999997e-05,4556.2983833988,417.40425619120003,0.9239008427
0.0043200428999999995,4275.3584651846995,418.83109275379996,1.1586798648
0.0013861507,4214.6853294639,436.6346894165,0.988264075
0.0007721394000000001,4538.3068751773,449.36887721849996,1.087741064
0.005509359300000001,4460.0518372742,440.4072253247,0.8853444603
0.0063452549,4401.4200636744,430.0026086613,0.8219479878
0.009637234599999999,4496.9334729471,437.6572252095,0.997576012
0.0023347256,4296.4461438383005,422.1637086989,0.8141532533
0.0051055644,4224.7601594351,422.4796677211,0.9980093065000001
0.007562366700000001,4248.9034270613,421.76957074449996,0.9079704727
0.0078501782,4247.6781220571,451.88797598540003,1.1967900053
0.0045657119,4516.3730038199,425.52925366669996,0.8395719517
0.0082230355,4571.002473486,420.3154890579,1.1262355387
0.000437575,4210.3127134497,444.54539712879995,0.9623128287999999
0.0046768343,4486.9586761069,455.1175075086,0.9878794059
0.0003611556,4547.6747001175,430.97742693099997,0.9678503095000001
0.0031840921000000004,4244.321272118,422.0742903854,1.0682709974
0.006396423199999999,4298.0163187086,435.5091653983,1.1030411207
0.006126394300000001,4513.1899029927,452.66782924800003,1.1516637376999999
0.0092460389,4500.2737270756,429.4342726821,0.8526730711
0.009870396600000001,4576.1686775691,424.13452199910006,1.1987218646
0.0056810897,4217.5857531681,417.47962369190003,0.8327539037999999
0.0068502987,4240.8235445759,455.2949044418,1.1252586993
0.0071106563000000005,4316.9070529846995,444.0924163769,0.8923784256
0.0023608839,4306.1536128348,433.7260622558,1.1444911135
0.0010882486,4533.1583703153,445.2390507528,0.8625040418000001
0.0009979610000000001,4381.4946219374,458.5855904553,0.8169562089
0.0057316111,4583.5821995429,432.72940394449995,1.1174944983
0.0032740849,4452.4123259021,427.9544393992,1.1849277434
0.0033065487,4561.5582649831,429.4786875859,0.980347952
0.0051720298,4515.7742821267,437.3265147075,1.1764808867
0.0021760585,4373.5899355585,458.34272553709997,0.8415767716
0.0035956056,4445.8797499595,420.07669070660006,1.094992227
0.006831351899999999,4231.7683645067,447.28136128650004,1.152775147
0.0039332266999999995,4328.204140316,450.4990254455,0.9011057159
0.0040885883,4501.2414467728995,434.0863435964,0.8401109539
0.0035875509000000004,4527.8849313496,423.52555289,0.8081370140999999
0.0005131732,4397.6978643756,457.983550299,1.0941639308
0.0031951536,4549.1743864937,436.0506786386,0.887044095
0.0058813502000000005,4211.7339219754995,427.6512547045,1.187043268
0.0067630048,4188.195102138,435.7324200912,1.049970018
0.0017350401,4448.8548803241,448.5759399486,0.9005352521
0.0084946985,4560.2341489697,422.9144524133,1.1361581623
0.0028089152,4388.3177607065,431.2096618425,0.9928797387999999
0.0079446144,4267.3512043439005,442.9390826014,1.1240962073
0.0058295445,4495.2610144955,439.3935401621,0.8612137388
0.004451469,4312.4061155431,442.39665399769996,1.0364547964
0.0008683289,4334.0142835484,431.8673258073,0.935978073
0.0017617784,4246.5869798761,436.91932343940005,1.0489307291
0.0054015377,4372.2691512154,426.6195293697,0.9115665288
0.008905927099999999,4356.9171704984,429.4206683768,0.8462097726000001
0.0090074921,4423.1520786219,436.44644085410005,0.9947322444
0.0022050802,4523.0041250439,438.22924686839997,1.0325280124
0.0050837469,4223.7285790445,442.2010970529,1.0758630381
0.0001647161,4509.0403695384,458.7504687512,1.0777271893
0.0051883311,4504.598188766699,435.2645878811,1.0388602877
0.0082748028,4492.0639867668,438.34641482940003,1.1685706706999999
0.0030652528000000004,4193.130546239,417.7574794809,0.9827459151000001
0.009523209,4323.8577447689,457.246961996,0.9817451058
0.0087933902,4294.0370398510995,446.3097506603,0.8040351643000001
0.0084032738,4339.084858934601,441.5694816321,0.9712110681
0.0062117251,4568.9754923329,441.01778873949996,0.9859105932
0.0042211248,4304.1426166264,418.4293296295,1.1983432118000001
0.0029501372,4532.9716590451,446.4411844666,0.8471675609999999
0.0072817535,4424.1183847461,457.67205573949997,1.0404472665
0.0082537694,4173.568907713,443.0749298528,1.1435138447
0.0079807861,4272.1527243902,452.50400786489996,1.1677601895999998
0.0053578827,4589.1282037898,447.6395576764,0.95629922
0.0087144228,4572.4077271721,457.45218939209997,1.1455641814
0.00048594230000000005,4475.5065031462,429.5850212393,0.8933993211
0.0011939597,4268.1014185957,425.4533479964,1.0663223424
0.007221757,4581.2535883395,433.8220320351,1.1320384015
0.0020613805,4588.715255252,429.3320824761,0.8668086825
0.0034284012,4440.7080353456,437.44128790580004,0.9014605767
0.0003138173,4536.451853322,429.61756964010004,0.9752076365000001
0.0086472866,4443.0622873998,434.6990367656,1.1125607561
0.005669326999999999,4526.7963856282,423.235788581,0.869465815
0.0046480101,4332.6631083955,443.8262507476,0.9907834723000001
0.0012534797999999999,4216.6939210025,423.1893334383,1.1934048837
0.0010795405,4457.4509648032,451.36951658550004,1.0342360881000001
0.0093312929,4505.3419920793,455.8373071057,0.9284095092
0.0002252864,4572.2224261695,438.4335450853,0.9885124359
0.0088252929,4229.7568818331,453.2014698523,0.9315160243
0.0023222325,4503.6123799282,432.302896029,1.1753121870999998
0.003532778,4300.057296928499,443.8401056751,0.8021623465000001
0.0012865875,4564.0290003496,457.5448781725,0.8962083895
0.0048995598,4238.9279844742,454.95391237309997,1.1605395818000002
0.007961321,4267.863912011,447.5310459014,1.0153389231
0.0026765390000000003,4173.2556239302,431.9712910512,0.8807791184999999
0.0027248329,4186.3552253872995,450.9161584438,0.9667829
0.005466349499999999,4251.6613420053,446.9390928631,1.0350545027
0.0026407921000000003,4227.9233289377,418.4211324687,1.0369584915
0.0077004028000000006,4328.9342588313,443.00444579730004,1.058186186
0.0066731774,4390.3881369654,457.0737631413,0.8978068843000001
0.0071044457,4252.4754353941,451.9400459655,0.9851832289
0.0013679209,4414.0563304624,422.2320566043,0.8987335736
0.0022185681,4473.9578565986,433.0033778552,1.0947257055
0.006640131,4197.9461936973,456.6690750339,1.007254917
0.0082173695,4228.998465119001,418.68277533419996,0.8884337405
0.0001456513,4207.1296780467,424.9089679814,1.0704422739
0.0038987725,4343.3381024396995,422.4346429368,1.0522391566
0.004578935300000001,4301.2738723555,447.763543093,0.8339647641
0.0057077904,4496.4596406606,450.35284155830004,0.9430338733
0.0040911298,4306.3464234412,447.01950245989997,0.9890821522
0.0063251051,4447.2495596827,434.66049529339995,1.1094196565
0.007166726,4544.1304676389,446.08062722510005,1.0883918234999999
0.003361108,4352.6051089477005,433.411378115,1.0745550578
0.0037853188,4292.4818370879,426.4061494801,1.188807883
0.0065332394999999995,4421.681583181599,435.9550781607,1.1024549476
0.004288233,4208.1608649421005,446.1535750291,0.8650205003
0.004822005,4491.1460490623995,443.70695775080003,0.9466523320999999
0.00038394510000000005,4530.3935877261,429.9615275965,1.0696571382
0.0090722553,4331.6917225857005,443.6591446604,1.0039729934000001
0.0025206774,4266.0377113501,449.04992719029997,0.9229131201
0.0036967481,4314.2958278955,430.221853934,0.8538706979999999
0.0052691843,4175.603163508,447.4231104386,1.0894572227
0.0088849784,4379.9871879511,420.0239024836,1.0987565132
0.005010923,4356.2432002123,451.9573943211,0.8831390689
0.0053184302,4310.9464881553995,454.5767391447,1.0062742948
0.0092119332,4585.5980106659,434.4149561882,1.0399590673
0.0060913634999999995,4463.5818598203,432.0493979348,0.9875944912000001
0.0050639153,4266.8803994749,422.5794924241,1.0337322158
0.0024667262,4246.77707947,428.4553546176,1.111625003
0.0010256695,4242.9864783656,441.99295493989996,1.1819105947
0.0038619775,4356.7446187901005,458.12525752510004,1.0225029423
0.0084696025,4327.6123866391,441.87846380919996,0.8799963219
0.006986760600000001,4221.672356062701,437.7484029216,0.8292867794
0.0053831585,4319.6917946355,452.3685571769,0.8049540086
0.0036406992,4225.4106011514,426.1384019899,0.9188145115999999
0.0073556737,4437.9937888718,444.4746370588,0.9106664735
0.0099595733,4367.760140196,422.1161098516,1.0512287623999998
0.0051156793,4500.782660132199,419.46128750919996,1.1250002000000001
0.0091840681,4345.4922589614,425.8001690635,0.8053421751000001
0.0029023820000000002,4365.5655803719,436.5216762139,1.1077872986
0.0060266003000000005,4222.1344928068,443.36471627660006,1.1198008903
0.0036842666999999996,4488.4288192324,432.76550043099996,1.0229565114
0.0089929874,4588.2446799841,435.7197423004,0.8035319357999999
0.0042552399,4179.214891524,456.9701950333,1.0049692215000001
0.0086567064,4225.138725662,437.1822700389,0.8492694355
0.0017597963,4398.2296649135,439.1074718414,1.0207669009
0.0030191238,4273.9103049187,422.70458806889997,1.1147326139
0.0028411006,4461.2490473996995,455.04723728269994,1.1012181889000001
0.0027783196000000002,4181.8153205298995,426.042460432,1.0636371644
0.0025127498999999998,4507.5298714201,453.54245313300004,1.103574091
0.0010627103999999998,4461.7008958996,455.78983590949997,0.934932526
0.009615019399999999,4381.8508106417,442.26080221349997,1.1067032873
0.0089670413,4351.2615425462,425.574275936,0.9259657593999999
0.0008156567999999999,4412.4346895567,458.82668195660005,1.0223615657
0.0075159201,4392.0605434907,454.3896589181,1.1410397949
0.0014931917999999999,4223.166855569099,454.4287910902,1.1734581462
0.0011488568,4466.4601415788,457.2010797551,0.9209063051999999
0.0096966551,4189.1228888454,417.10278785599996,1.0147610873000001
0.0078704099,4200.026854730801,431.00816477940003,1.0276308534999998
0.005024412,4208.8235477247,438.8097861997,1.1046294704000001
0.0097906131,4204.7904872748995,425.9892634246,1.1592958119
0.0035186441999999997,4179.5995738607,429.15714998190003,0.8784970820999999
0.005744465799999999,4233.5635406946,445.9590488051,0.8183601565
0.0016965692999999999,4229.2031828845,419.9390718688,1.030316662
0.0068074603,4439.7239067683,428.0267681296,1.0670558190000001
0.0054363886,4327.9239259029,420.9653853461,0.8164211884
0.008895234200000001,4280.3027135667,445.77352642089994,0.9792388315
0.0002846559,4309.1502340454,435.53060803129995,0.9781115354000001
0.0080344788,4231.2125617946995,445.83624243839995,1.0531429927
0.0026889927,4349.5862089015,443.44588217949996,1.0164979231
0.009128848,4392.9961017148,454.6631409863,0.9069478313
0.004802671,4286.4560926421,432.68840508430003,1.0750347663
0.0085714676,4292.1265858832,436.2900671739,0.9893466284
0.0042627366,4498.5256775728,448.1241735768,0.8817829979999999
0.007191595,4259.9300253769,442.1443518504,0.8272314926000001
0.0074674674,4258.8577192111,437.93769988220004,1.1557106123999998
0.0064622182,4518.9927557391,432.8763443781,0.9225998301
0.0061773737,4430.3378916091,417.31526220300003,0.8004319616
0.009302385500000001,4351.8968843695,444.2893589979,0.9134988283
0.0088390684,4270.4843841267,450.9531895741,1.0468084348
0.0068268655,4206.6130261258,419.8634417787,1.0926712189
0.0049873111999999995,4410.9998876053005,444.3958907409,1.0136244196
0.0054892128000000005,4290.989627349,451.16480083190004,1.0659045854
0.0018079189000000002,4522.5582835488,449.56559959559996,1.1403614053
0.0095013771,4195.1109758853,429.3778214203,0.8230099287
0.0051540758,4379.4456858661,443.97845948879996,1.1844210387
0.0033339257,4531.9191137264,438.0350577114,0.8320208342000001
0.003562229,4562.9882210781,430.3533984752,1.0150676911
0.00591225,4561.9182332481,449.8521256546,0.8521908376999999
0.0047714439,4296.942155899001,458.3727022463,0.9688996454000001
0.0047890892999999995,4483.5133019683,452.03996919760004,0.9346513354000001
0.0087496612,4428.5738139377,432.81357739519996,0.9206960778
0.00064865,4353.7325748325,455.4646929774,1.0774355547
0.0077990515,4313.0189875140995,423.5785757549,0.9396325226000001
0.0036338222999999998,4467.9078117001,422.9583757769,0.8214327368000001
0.009468157,4519.7818376265,452.3219090999,0.9716443365999999
0.006485912,4290.8002490325,433.9303142937,0.8244434334999999
0.006379017900000001,4399.8890870156,420.94474116099997,0.8466986881999999
0.0044825181,4275.4918477449,436.5573195104,1.1512933892000001
0.004928475999999999,4408.0918468575,429.1084234635,0.9778041482
0.0058313463,4412.0999756103,430.87137750510004,1.0955630049
0.0038815372999999997,4502.4296163219,442.18589757809997,1.0700384645999999
0.0077454149,4367.3499953267,449.279416543,1.1347522066
0.0013201751999999999,4494.4199711957,447.5580004867,1.0729402889
0.006254960899999999,4180.8280474571,418.0489916573,0.84408629
0.0059366093,4218.3257335356,441.1857306261,1.1641674788
0.0063009275,4559.7215453964,421.3250906293,1.1781461287000001
0.0047672484,4336.7039569238,430.39429611019995,1.1331030493
0.007923189399999999,4490.8648065702,417.24725440779997,0.9245350108
0.003319258,4369.6106310671,433.5382135171,0.9477956998
0.0021816068,4256.2111100784,453.94300000830003,1.0664157579
0.0043052587,4334.469179302,458.1842994397,0.8416080320999999
0.0025405391,4449.2064633237,452.7030913422,0.8280793589
0.006515527199999999,4454.7606336757,428.9973227567,1.1167783598999999
0.0037653563,4534.0180246818,454.28514944370005,1.1673350765000001
0.0072101959999999994,4384.1455364017,437.7165624279,0.8993190606
0.005369471999999999,4282.1487002065005,439.6297832263,0.8646489387999999
0.0023571957,4558.9735785701005,449.3852533027,1.0855223424
0.0065576285,4387.0524642501005,448.0037594029,0.8898545151999999
0.0036193740000000003,4481.2681860501,446.7202839486,0.8489146589
0.0077582287,4208.5250258551005,419.79037911669997,0.8927417554000001
0.009842274100000001,4486.0599181589005,444.7849949757,1.0832731522
0.0075395067,4386.2287424675,423.4631262629,1.1550305034000001
0.0032319778000000003,4413.3184503173,437.0539454835,1.0123780587
0.0099992665,4441.00172511,423.9007522906,0.8205108081
0.0063657592,4293.2497117155,424.0307809139,0.8100767109999999
0.0070315778,4264.797809984099,432.28250142900004,1.0624175301
0.00062092,4318.1016886015,444.579019001,0.9915505406
0.0050019435,4478.0774080943,419.40092041260004,0.9828410234
0.0039804465,4375.101447394601,419.6562709777,1.0872770515
0.0038425464,4587.8471744823,426.196124424,1.1357112486
0.0090894311,4454.522490899601,454.4703767948,1.0993317595999998
0.0065721697,4481.4910824964,426.42320548870003,1.1295980075
0.0029798171,4344.0733171441,418.1293344702,1.0173764705
4.08208e-05,4235.19577119,450.7898130172,1.1508180794
0.0070114838,4374.3441321714,438.47084942160006,0.8210363621
0.0034647748999999998,4280.7428845282,446.5401740282,0.9659151431999999
0.0034852365000000002,4417.3803584959005,433.4585284744,1.1391891245999999
0.0085820623,4309.8374614566,451.2844995713,0.8578199867
0.0033946805,4396.9600969685,420.62273530050004,0.8736546902
0.0053239015,4279.3027567457,437.99665561989997,1.107535027
0.0009837628999999999,4281.1015568111,434.5091258048,1.1493559491
0.0026261696,4478.799033845,437.2391585961,1.0600324576
0.0050508276,4276.0757742993,418.80359513220003,0.9395013667000001
0.0077171755,4284.0445243312,458.0065845316,0.9539866328000001
0.0057196961,4227.7031018279995,437.09183911739996,0.9812411245999999
0.0035429353,4528.4081255381,453.0682983064,1.0178750202
0.000605315,4583.9120048708,453.4256526939,0.9123716315000001
0.0034503889000000003,4545.8441216095,439.663793934,0.8528094269
0.0061305006999999995,4320.5072086304,440.3108349401,1.1690587517
0.0038173097,4254.9729273282,420.55986209599996,1.0055091431
0.0045130834,4345.980671648,434.8883440057,1.1084081408
0.0062059491,4293.6627478986,428.53571716269994,0.8631400411
0.0033865625,4347.4808954692,445.2827059315,0.8990570186
0.0038066681,4246.1274951615005,427.0353028272,1.0274963577
0.0012680457,4479.4904955489,447.3486565603,1.0567002107999999
0.006791085,4582.4613779811,418.74517916900004,0.9328993287999999
0.0048802405,4279.622248668,422.61460136989996,1.1153539727
0.006017315200000001,4554.300943589,421.6244430324,0.9061689305
0.0027117814,4241.891171496501,450.4631382271,0.8116341528000001
0.0091721037,4509.3519332111,432.343058775,1.1399933486
0.0026997824,4220.0975446369,448.2783298532,0.8558214217
0.0019153804,4308.8015005602,443.2478821587,1.0360934324
0.0087016236,4412.8875339495,431.62093605480004,1.148086074
0.0012925375999999998,4191.889755852,439.80265226769995,0.8192831842
0.0048314595,4521.7490620291,433.13469354690005,0.987147685
0.0050971188,4220.6435178011,433.99350324489996,0.8640893545
0.0032531714,4431.1133419886,423.81876166769996,0.8930097263
0.0036762885,4268.7992741639,418.95037816580003,0.8431245591
0.0092351803,4582.2672955129,441.4077549383,0.8585948529
0.001986012,4319.8813830499,432.21441225089995,1.0385298479
0.0058547194,4548.6014544577,417.847205821,1.1649331524
0.0039904203,4445.6547463412,438.2680951779,0.8397411358
0.008666095799999999,4571.364344982199,430.1024088065,1.147485785
0.0001739316,4527.5321837449,441.3909875165,0.9391991673000001
0.0068431134,4321.0736032836,428.9620857302,0.8653400091
0.0030993482,4305.70697672,455.3632307717,0.9141208895
0.0047117214000000004,4392.555155560301,429.69563514879997,0.8202913624
0.005591445,4309.3469333044,420.8398140539,1.0248147663
0.0024082174,4373.3179062904,420.14411855059996,0.9081073067000001
0.005456078299999999,4366.6707035113,450.21919141029997,0.9318822233
0.0046000889,4330.8954956449,449.08856806910006,1.1707227755
0.0023143642000000002,4260.2061390089,417.1468384715,1.0976975266
0.0015207784,4352.9561047628,457.916497278,1.0534026023
0.0041850528,4495.8876310921005,458.9052727669,1.0487746762999999
0.000632392,4535.1625654067,442.0641499661,0.9409662837
0.005561296800000001,4476.6153936548,433.6280758661,1.0918561781
0.0091621101,4492.3029264889,451.59125031879995,1.1530126563
0.0079365432,4292.6532826437,448.94160311449997,0.8475571419
0.0007178317,4433.5045474502,428.6665368151,0.9709772725
0.0046384302,4545.1559868775,457.7524663978,0.9514846570000001
0.0074838286,4415.052106747,434.2105965891,1.1373219225
0.0005519532,4346.3673119917,423.1332693943,1.0505048529
0.0045364653000000005,4510.9429560255,421.34101300279997,0.8348243426
0.0021949336,4529.133970323,452.16853741589995,1.1325151376
0.0079063775,4359.4016448655,443.4959095332,0.8357266401000001
0.0044355223,4577.3955747412,425.0173286059,0.9763504403000001
0.0015060202,4359.3505964525,433.645750405,0.8154131129000001
0.0013778934,4563.5278943456,452.13523429919996,1.161503725
0.0084260308,4424.092612248401,456.7162830019,0.8964903475
0.0015596956,4187.5258426361,417.8356004278,1.0726825698
0.0028623904,4175.7979539983,429.78461194,1.0597311304
0.0011091383999999999,4346.7796605517,426.553875224,0.9272351442
0.0006753635000000001,4282.956135871,451.4261918723,0.9461519419
0.0002756962,4213.4800563297995,425.35777907410005,1.1082987564
0.009766731800000001,4470.2421856663,442.4642355713,1.1874784284
0.0005431555,4388.677930886,421.27351975610003,0.9798032759
0.00021805470000000002,4340.7451744605,454.0726471583,1.0563105572
0.0074499499,4274.9470146947,427.5610867294,0.8751730605
0.0036533712,4202.6013600247,420.88709179209997,0.8236378473
0.0093495955,4516.5293191051005,424.26720887830004,0.9804725018000001
5.075600000000001e-05,4568.3714120958,439.5930714194,1.1052118462
0.0035740218,4281.6470866962,427.267943806,0.8148534559999999
0.0002326273,4399.5274547467,448.19994855830004,1.0372381956
0.0047432143,4418.0765254484,421.4290182483,0.9647255245999999
0.0002080654,4565.1260821936,439.83357321330004,1.1898327658
0.0025314467,4441.7410774035,418.5341827497,1.0548415822
0.0014240521,4327.2068595386,419.56072839940003,0.8076543692
0.0019572870000000003,4259.2409236298,447.46193886080005,1.18870898
0.0023842015,4360.534688577,425.07414215309996,0.9451765048
0.007376667,4274.5345632794,443.20725257559997,1.13425117
0.0084486043,4458.5633575176,438.86391461610003,0.9016111402
0.0016144533,4188.6802435031,449.4598855015,1.0296636205
0.0049056187,4177.673009674199,430.29415084050004,1.194971095
0.0089745836,4385.0856916358,445.2181935781,0.8814806189
0.005197458,4202.3148613114,431.1898001625,1.1101260706
0.0095776163,4550.205544676,454.1843791229,1.1486973934
0.0022666076999999997,4217.2869741355,451.2485270927,1.1310740715
0.0053928349,4332.603134449199,439.1517354543,0.9041075078
0.009829203199999999,4355.002320134799,441.3502472125,0.954289475
0.0096066851,4541.8995753127,438.1036682091,1.0524818536
3.4406700000000004e-05,4523.995148346,441.968054384,0.8637263423
0.0022476567,4333.5250316271995,424.37546491669997,1.1111026984999999
0.0070055464,4575.3025313381,425.9833209897,1.1539679294
0.005472376899999999,4565.9758715849,425.11168745239996,0.9377320204
0.0020326957,4261.0182854831,427.0740502068,0.8776508078
0.0018656921,4389.8853628322995,443.7647891908,1.0345908847
0.0056549566,4432.723938600001,433.3137721514,1.0817831755
0.0031704695,4586.5820123743,424.40651884230004,1.0830340926000002
0.0009415150999999999,4537.6200610236,453.0016517966,1.1762254023
0.0085100751,4512.7417684172,435.1008005022,1.0211216633
0.0090673258,4532.6297357129,438.07682025699995,1.0199697357
0.0010090116,4544.7073388581,441.5762525171,0.8763428309
0.0049905895,4574.3219690102005,428.8938913037,0.9217004045999999
0.0072529261,4396.2182440179995,425.701275993,1.0477024745999999
0.005523877,4197.3498106188,450.6190467913,0.9255515436
0.0082669366,4523.295572537,439.3503473199,0.9954163483
0.0062387269999999995,4576.1059391731,458.2461441439,0.8090847924
0.0052326772,4459.276447037,421.0532950872,0.9593465382999999
0.0067308928,4289.244858640201,436.44197785989996,0.8516515584000001
0.0060434453,4496.2780726305,433.8988591161,1.0641732294
0.0010307065,4524.5900592240005,435.3258337954,0.8719010323
0.0027038803,4211.2563924409005,448.62268155879997,1.1187359816
0.0048149065000000005,4250.9855143514005,451.5017087479,1.1943592255
0.0068971449,4315.8498332243,450.7552077998,0.8712722237999999
0.0075801665,4363.2335359219,458.63260273739996,1.0740420337
0.0031133831,4188.0111222121,421.8952205997,0.869873522
0.0068867538,4325.352791688,457.1843255722,0.9268966711
0.006422563199999999,4220.9266583237,434.54371738739997,0.8800644076
0.0014843026999999999,4321.4427474394,424.5322064073,0.8497621351000001
0.0025963007,4355.8430511211,435.2815624754,0.9684862215000001
0.006866132099999999,4295.6532516694,444.59781976269994,0.8570655911
0.0084192241,4369.94362588,440.90540702339996,0.9867394889
0.0080600089,4506.0620122604,433.1875818139,0.9365211182
0.0080852976,4377.533735313,447.0773252607,0.8754659988
0.0035027525,4407.542681801,455.72053960050005,1.1500533028
0.0099465113,4253.2949634675,437.68416238300006,1.1318811182
0.008248289399999999,4339.3541539866,432.4217937621,0.9634438688
0.0052476801,4322.1101339991,441.25744904019996,1.1653167668000002
0.0031343686,4448.42137654,422.7129440243,0.8622515654
0.0023064502,4406.2963554771,420.22387993120003,1.1798429027
0.0081846323,4189.6801030367,440.0939588533,0.8487552773
0.0040223682,4233.1439070325,423.2796367139,0.9050386412
0.0058135038,4331.859842017199,442.30041528230004,1.1225723571
0.0052755441000000005,4353.309479126,433.3669303486,0.8711347578
0.0094337193,4204.9506116276,435.135431014,0.8126562584
0.0017204019,4451.5571887896,446.5910048841,1.0557562581
0.0046214626,4585.0884860168,429.030310503,1.0846629855
0.0024276843,4284.8712260453,431.3980353819,1.0928648756000001
0.00214059,4395.1846938773,436.8635620562,0.9321349515999999
0.006729181999999999,4295.2915722079,445.10025852620004,1.196147948
0.005693210600000001,4433.9604090026005,425.25115922559996,1.0687180024
0.0004402087,4416.0469504681,456.35148916459997,0.9596961426999999
0.0016275010000000002,4460.5800589061,458.5046815599,1.0495069298
0.0087706575,4589.5516076688,424.20671988550004,0.9775531141
0.0069046862,4288.0470780721,449.63401757400004,1.1275711355
0.0082895396,4389.0685352486,433.7644590136,0.9920080684
0.0056169317,4422.7056594183005,450.16370759230006,0.8940416774
0.0031292731,4227.4051759223,442.0819495275,0.8158373687
0.0007506555,4272.6266274802,457.81444363599996,0.9902477961
0.0064779217,4493.1634327545,445.85847974449996,0.923483229
0.0050423455,4372.6665240341,453.37383044300003,1.1497876978000001
0.0017969775,4190.441633542,454.34095688760004,1.1921591364
0.0043674738000000005,4209.906105437,445.64253071699994,0.8328662715999999
0.0005866297,4359.9449790129,456.8529450517,0.997821462
0.0098394839,4310.5099693479,439.7478366914,1.1418097539
0.0060357651,4479.8616306625,452.5636969371,1.1192462274
0.009891153599999999,4450.1721296611995,430.02519213449995,0.8407373073000001
0.0011896613,4579.4345137681,445.5648704029,1.1278402515000001
0.0011369357,4473.4312207436,430.6119813971,0.8234576346
0.0092704934,4363.5971015416,442.33099994180003,0.8634873398999999
0.0021238523,4209.7779741643,448.6642789544,1.1835012043000002
0.0099328917,4415.3597199367,453.83622383230005,0.9433051245
0.005903239100000001,4349.7938636679,422.8386427824,0.8946440854000001
0.0090264869,4529.8199271588,436.1139232525,1.0083100601000001
0.0021133899,4410.56285823,451.1248367498,1.1296630797
0.0068708858,4475.2531063183005,435.78034891519997,1.1369037463
0.0091533842,4570.3745103465,444.96647633410004,1.157380492
0.0094468084,4368.7811592048,441.714296646,1.1904165648
0.0056461251,4523.731985014099,452.10440339900003,1.0609496208
0.0007227303999999999,4304.7279364119,427.1821255017,0.9948356209999999
0.0071790179,4232.8450683427,423.04032331980005,0.8505751108
0.0075033884999999995,4537.7766163359,440.11866358519995,0.8436982045999999
0.0093684899,4361.0374112718,424.6744565003,1.0863155123000001
0.0057223262,4527.2278561773,445.6447836993,0.9326582738
0.0007839004,4384.678939382899,423.87741273449996,1.1438988974
0.0097035071,4432.0508825653005,420.05543882269995,0.953554241
0.0052960533999999995,4477.2513202477,451.4699095879,1.0733440779
0.0028382341,4439.442781191699,447.18973994519996,0.9028019634000001
0.004238383,4581.0953094307,441.3012082682,1.1664666240000001
0.00041509410000000005,4225.9957253676,456.585696494,0.8660000020999999
0.0075773931000000004,4399.4435451351,455.190863875,0.8010253848000001
0.0001883482,4565.5504253071,419.2104025357,1.0252295588
0.0040536363,4244.8950199006,439.6984846003,0.8344622342
0.0037365827000000002,4354.3252334268,446.8038950572,0.8974381828
0.0026166831,4201.3498629639,456.5610072932,0.9729588723999999
0.0015691964,4265.5611088185,446.32250133660006,1.0644450887999999
0.009747533499999999,4205.9299370458,431.48864608680003,0.9487386661
0.0081423615,4510.5020420726005,443.58699699949995,1.1994152446
0.005259826400000001,4271.0436972539,433.227470166,1.1903369621
0.0030518014,4198.5548552043,421.7158959416,1.0913222909
0.001307497,4584.0491375049,443.31639374879995,1.142090227
0.00024355360000000002,4324.5003551452,421.16511159550004,0.8874547317
0.009130551800000001,4414.5894963745,435.8947889166,0.9994037425
4.1204e-06,4436.4845837879,447.8322146807,0.8000154976999999
0.0012166555,4559.1812128046,432.95475191639997,1.1170016617
0.0078672109,4172.4108697025,438.79441715720003,0.9181819202
0.0015790782,4344.7935041769,438.314477711,1.0008402741
0.0008453473,4474.8639404051,432.108767069,0.8686241990000001
0.0026376058,4294.776580419601,421.80533626650003,1.0142583084
0.0006923567999999999,4307.7778411648,439.96900189900003,0.8046674533
0.0037998837,4418.6905030539,418.2501368221,0.8285684015000001
0.0090925787,4383.0069020322,417.42430874660005,0.8291797476
0.0047571935,4545.2543521728,435.8532906753,1.1203450766
0.0084385624,4402.1738518547,429.21040628260005,1.0865889736
0.0020284316,4552.7855970813,458.7137076392,0.9098712943
0.006057984200000001,4317.2704677051,428.56795787410005,0.9618324469
0.0094012545,4383.7107155318,438.1614032547,0.9998760032999999
0.0032044003999999997,4554.9261700188,430.7006063987,1.0107568899
0.0009149275,4435.1584711213,458.84336135120003,1.0956107458
0.0061456893999999995,4462.8721888141,439.5311226526,1.1637000367
8.75966e-05,4549.6186696033,426.58669379099996,1.1971437965
0.0018514747000000001,4258.6868310423,452.97633489419997,1.1382646189
0.0096669718,4243.7445895796,453.6379837279,1.1814870523
0.0041786906,4277.450299638,453.1148130304,1.1129915216
0.005495991800000001,4318.6485210589,444.44035724739996,1.1588998406
0.0095589801,4426.9902377866,458.1050661118,0.9186579737999999
0.0080741047,4434.942105035901,450.0770479638,1.0445052644
0.0014637629999999999,4493.7752323151,426.6626970099,0.9241021579
0.00555457,4287.0167806498,440.23117418839996,1.1207890804
0.0009360801,4209.4479756989,426.4536695986,1.0242926926
0.0018384437,4317.703113639001,445.70762495910003,1.0737211442
0.0097819302,4419.7295329311,425.4856293697,1.0858824713
0.0096530416,4212.4820701867,418.13476508620005,0.8545643341
0.0071396176,4245.3616175932,434.3102104243,0.8677663245
0.007784445500000001,4219.8217104197,447.31421055019996,1.0192379967
0.0025596336999999998,4535.4721027089,417.9635078521,1.0675973691
0.0059812741,4429.8994895879,428.1677799289,1.0573466489
0.0024823366,4551.9719366024,426.9663214286,0.8086941901000001
0.0041087973,4191.152212963,417.61389946059995,1.0708098496
0.0016449395000000002,4297.4725568944,448.96722499419997,0.9498986581000001
0.0062975863,4420.3082298132,420.7522842796,0.8131918489
0.0012248408,4405.5430502012,449.92656910110003,1.1702787375
0.0083337677,4182.5102626162,455.85721305059997,1.0851685093999999
0.0011621119999999999,4477.9512328887,427.500748669,1.1927747119
0.0007939867999999999,4463.868442517,418.31881318309996,1.1532239495
0.0016767295999999998,4468.4420378191,427.8888466169,1.0480444379
0.009983652800000001,4213.0890003313,455.6460715571,0.9577491515000001
0.0057625108,4489.39238417,456.00917580910004,0.9130434537000001
0.00037551209999999997,4383.4975282509995,456.1766744065,0.978438351
0.0093893696,4465.8431589778,417.1925736444,1.1545392469
0.0021559104999999998,4487.803934431,424.0825859343,1.0261596546
0.0073975388,4504.8833234344,419.1079642614,0.8724113881000001
0.0021685116,4371.2314837169,417.0334157972,1.0042750462999999
0.0032125495,4425.6649339403,442.8528098812,0.9213003819
0.0034302020000000003,4461.3390879067,440.50468447410003,1.1699854157
0.0009012374000000001,4351.7850428114,417.3771423237,1.1857001559
0.00932974,4243.346496608499,437.4968139382,0.8026055846
0.005899082,4389.6805889271,437.4062948588,1.1597511127
0.0016509625,4531.7066790748995,433.58589265230006,1.0585969551999999
0.0040739387,4459.0354254713,435.60923508300004,0.9520036243000001
0.0098522282,4386.039573264799,446.3856800028,1.1631179946999999
0.0084880692,4348.0758072637,446.94736398019995,0.8074003502
0.006699111999999999,4526.1444721919,456.23057891860003,1.0989249936
0.0086001248,4407.2142127865,425.94253487419996,1.1426964147
0.0085948012,4271.7171470359,439.476308413,0.8862816703
0.0073456797,4514.8534317123995,424.2272305081,0.9421005532
0.0002966521,4560.7316453375,443.1466540718,0.9744426587999999
0.0013574685,4287.2993305103,431.5920863985,0.8106639048000001
0.006949663399999999,4194.1723065529995,440.9587162714,1.1306327557
0.0079747078,4557.2366265974,429.9250413469,0.8729283781999999
0.0083452914,4261.4775455559,457.84541512230004,0.9155162031999999
0.009010912900000001,4221.3754568588,453.24916134989996,0.8259242325
0.009680174599999999,4248.0486262758,447.8946152739,0.8108401929000001
0.0061987948999999995,4486.5362222584,440.14714838120005,0.8723890437999999
0.0099082624,4263.4277655438,455.4151749359,0.8839263458
0.0062828047,4506.9831241336,434.0285477956,1.1491823542
0.0018201348,4205.5024011267,426.9414687755,0.909004665
0.00030091950000000003,4444.5672834686,442.6871677356,1.1807306027
0.0020113395,4265.2240430028005,456.1899592069,0.9196462216
0.004015260200000001,4553.2676370505,448.5116980005,0.9546174465
0.006632754,4425.8222923824,430.1146753068,1.0202606388
0.0005750587000000001,4442.3854971366,424.4356361838,0.8300744881000001
0.0095621831,4563.7684489757,433.48347438089996,0.9001870548
0.008040026,4331.0117575153,418.8700218093,0.8582865997
0.0020802074,4539.4550732513,428.40117285360003,1.0028622459
0.0001572759,4499.1224991019,439.85651283949994,0.9282737052
0.0001256437,4491.6633848119,441.2234529669,1.0217821394
0.0017134835,4313.0558678415,452.6084360775,1.1000263506
0.0017447084,4299.6407922856,450.52479036889997,1.1180298868
0.0033799308,4484.5846242025,454.7420108638,1.1680211979000001
0.0027649537,4550.7642606427,438.9786398889,1.0907233395
0.0080905631,4238.1485892695,452.02022350839997,1.0295487831999999
0.0088064264,4452.7770822397,427.3134931056,0.9938985145
0.0094205928,4448.3217302637,423.1009086769,1.0763674332
0.0074598204,4431.8773157815995,437.0135027847,0.9264005611
0.009545313100000001,4525.389882717001,438.4063424308,1.1058808548
0.0019254474,4250.4644874417,428.1839153668,0.9770747154
0.0097365363,4250.2087570103,455.75151743839996,0.9672296415999999
0.0029644658,4468.2728404332,453.46298880589995,1.0461076327
0.009645129399999999,4483.1725116421,421.4855121022,0.8901044809
0.0058422556,4315.4845950655,441.92204371379995,0.8820515715999999
0.006923963399999999,4576.8714936252,418.3547076902,0.9843939165000001
0.0049432513,4297.9094166134,417.0630982466,1.1744752096
0.0053092692,4257.1228717157,427.35918253330004,1.0134793467
0.0027392634999999998,4298.869660161599,447.2005517514,1.1728657489
0.0033273739,4566.3886185266,431.7444779991,0.8573230023999999
0.0050348659,4464.4784671883,434.8483016314,1.1719850069
0.0018844079000000001,4295.9284306469,434.14016995419996,1.0997795948
0.0068172571,4405.0447639097,431.50785795269996,0.8059860331
0.0028900707,4551.501213926,449.5187547912,1.1114612812
0.0056758713,4192.0207878086,457.41818267919996,1.0797237373000002
0.0028783476,4453.2910175713005,446.88080036,0.9483531782
0.0014386467999999999,4460.0076927924,420.2752879691,0.8297485721
0.0095374287,4587.0723999721995,455.57089002019995,1.1974171597
0.0075588776000000005,4290.2489658536,434.60141140400003,1.0441923702
0.0006592378999999999,4414.3894113666,435.41068409589997,1.0909357195
0.005971339399999999,4341.2204453281,442.41403809480005,1.1738692306
0.0070482301,4446.7660313864,431.29502482230004,1.1335612567
0.0098821553,4329.5206524653,448.38176436870003,0.8958342533
0.003221329,4273.5481616705,430.66229498800004,0.9192101203
0.0036266534000000002,4281.7462836315,428.8193636486,1.0117994344
0.0010595166000000001,4253.5025594234,421.6647519513,0.8756738257
0.0049522751,4485.182746927,431.80981750160004,0.8780210690000001
0.0070716041,4376.444445488401,419.73681609330004,1.0158400523
0.0007438367999999999,4480.388509012,450.88820190089996,1.0536150296
0.009228821600000001,4435.4653157386,418.4895880585,0.8363522561
0.0032480269,4226.2290823554995,441.5108744727,1.0331227686
0.0072719548,4570.2579016489,450.2870982465,0.8013408657
0.0057753476,4518.1041090085,432.49761403400004,1.0429303957
0.0028842821,4184.943533431,441.4632894489,0.8666128745
0.0070808136,4257.5086150068,425.0346778084,1.1842457091
0.0089244638,4382.7397567909,423.6837633542,1.0570467295000001
0.008028675,4508.4163328111,430.455651322,1.0722253938
0.0088509256,4234.8952902803,440.3886327261,1.1178059605
0.0022286675,4285.9157853038005,431.9454349538,0.8954230320000001
0.0004985986,4362.3462568493,444.13508251660005,0.8277664765
0.0012790517,4397.0422637397,457.9000218106,0.8858122562
0.0031420865000000003,4411.4932715648,419.3628624972,0.884830769
0.0014454256,4584.5000452766,446.1086751444,1.0334536758
0.003967663,4302.994324623301,428.09158065910003,0.9413513526999999
0.0078046189,4513.8375254818,448.35692724809996,0.9172532754
0.0069532026,4404.6774512803,446.83630473010004,1.1466047062
0.0091418889,4455.783726938,447.13246370519994,1.0247113288
0.0001197167,4537.1617018546,435.6602480944,1.1353993314
0.0046590040000000004,4249.8872416197,423.3697195207,1.1988153101999999
0.0022547257,4328.8742841393,443.5797096742,1.1061590741
0.0086295242,4391.3419898467,441.1161503204,0.9896869331
0.0036675582,4215.3555642682,424.0076992671,1.03171487
0.0015945493,4294.5892520237,429.81651535519995,0.9306910093999999
0.0041368567,4428.8070995542,423.8004493049,0.9670168276000001
0.005872308299999999,4196.5378476922,437.8303500981,0.9707072872
0.0075924537,4457.9488896054,431.04487447900004,1.1149672163
0.004403348499999999,4539.331736185,438.5940083406,1.0234786161
0.00040781599999999997,4400.5644545454,443.89370999790003,1.1565851786
0.0047319969,4471.7334818996005,436.7194080577,1.155322096
0.0074386752000000006,4498.2958197491,432.1722453962,1.1839901729
0.009926438499999999,4313.5271536222,443.4040994211,1.1756179566
0.0085407607,4361.4929041539,456.40959475050005,0.8906377184000001
0.0049184442,4453.5015090316,421.91432666620005,1.103985398
0.0026038594,4381.9460262118,448.42217484620005,0.8063624846999999
0.0077672512,4494.7602076397,447.93076085760003,0.9064788542000001
0.009036249,4368.4580234862,451.09856147989996,1.0379690618000001
0.0003371271,4541.759540975901,454.24891742290004,0.9846148274
0.0086389167,4283.2519339701,424.9718906129,1.1133705422
0.0012361236,4473.0968315124,449.2211972586,1.1743620754000001
0.006278460600000001,4543.7946502239,419.0074152604,1.0308817642
0.0088789024,4488.0223987711,443.92441648839997,0.9223160652
0.0016037763,4218.743527240999,452.4187663346,0.8500978889
0.0079129619,4200.4051970702,428.798918541,1.0451138932
0.005583268000000001,4285.8497841964,453.9797512548,1.1285777547
0.0023768189,4338.245246025,458.3110230388,0.9639074642000001
0.0070912867,4190.0527122006,448.4792082909,0.9600709315000001
0.009475012,4551.0558379535,445.08758811769997,0.9406754114
0.0046655515,4187.275212677,440.7553108696,0.9694935281999999
0.0032826987,4238.343420321599,454.3026008253,0.9298069393
0.0079505469,4391.0573044513,421.02297600400004,0.8187221046
0.0054154736,4264.575462829001,456.9999526986,1.0380234244
0.0032924379,4376.666571120901,417.58294844669996,0.8240786545000001
0.006747834300000001,4199.4177424578,419.33571468400004,0.9965466568000001
0.0080556161,4552.5484667531,438.72324345010003,0.8542689612000001
0.009260249,4316.2729144922,424.69453358650003,0.8893906536
0.0052885839,4571.6778708254,451.21612489769996,1.1894320090000001
0.0036000007,4322.3226580575,442.63346236300004,0.9612343517
0.0003549543,4573.2411974799,452.8174577189,1.0800565706
0.0010900741,4469.9226853925,440.6327434262,1.0755190704000002
0.0044782359,4418.3430741434,452.7661684605,0.8889819312999999
0.0038515127000000003,4398.1046280511,419.0937028525,0.874224045
0.0072309629,4424.8841276758,424.80326728160003,0.9518618876999999
0.0059275809,4235.752275933401,445.50665736220003,1.1808486327
0.007732229300000001,4350.5341766101,420.1530834929,0.9766872723000001
0.0098093384,4426.5949220617995,440.52920076559997,0.8251280998999999
0.0061605028,4366.100497695,452.64139984959996,0.9146556129000001
0.0041683842,4472.6708859653,425.8375551276,0.8825411106000001
0.0008036864,4300.8443275378995,449.7081899112,0.9260580411
0.001343484,4348.400272926,454.01531158809996,0.8998772089
0.001686625,4174.5528886543,456.45909120330003,0.8434511162999999
0.0082370115,4278.315177671,454.6997747268,1.0676580434
0.0069714009,4174.367054961,422.7903109369,1.1882385047
0.0066617008,4579.6809740946,419.7287095842,0.9683023447
0.0034999378,4444.856036176599,445.14480764660004,1.1936727243
0.0049732173,4375.742333262,455.9567202982,1.1862573285
0.0043769174,4516.8391311042,421.09548225230003,1.0161839309
0.0059484389,4358.3823196548,425.9031873019,1.0595383331000001
0.0040425827,4232.2170520103,433.8608692007,0.9158404998999999
0.0003465782,4451.1943085059,445.3785719758,0.9575779368999999
0.0031530260999999998,4561.3351793498,448.0634409383,1.1221554341
0.0056231602,4567.276766439099,451.7053057874,1.1784102121
0.0086183776,4183.5209630809995,439.98959255410006,0.8162148262000001
0.0005674797,4416.4710182372,457.12041154220003,1.0070064964
0.008301820500000001,4180.3892712140005,420.3597085223,1.0265077214
0.0063335638,4546.3533460098,427.69451098940004,1.1245920927
0.0004209706,4433.0740274163,446.7505050455,1.177120289
0.0084576694,4480.78319721,425.18109282629996,0.8733314390000001
0.0073113310999999995,4520.306801884601,429.2805034081,1.122867536
0.0046802368,4271.3386671481,431.70543633349996,0.8373831890000001
0.0005943674,4482.1724279302,440.6639643912,1.0434559753000001
0.0037785945000000003,4394.2317389284,449.1399175133,0.8909174112999999
0.0001019708,4476.9900549529,424.8339194279,0.9053143218999999
0.0066271616000000005,4457.703971641599,446.5108865867,0.8809797683
0.009059998,4201.075598604,455.0927507791,1.1429773799
0.0066521868,4364.5803735074,455.4932281732,0.9151873737999999
0.0086822688,4442.8289565957,430.6054289597,1.0168063453
0.0029976605,4573.0422389106,444.88173414269994,1.0182985837
0.0022965799,4325.8560628147,446.4550859322,1.0185081647
0.0017090285999999998,4263.9073248929,444.64184876400003,1.1611310518
0.0051301639,4247.1688809644,426.35507604660006,0.8917995729000001
0.0057582798,4421.4601483351,456.6223552263,1.0971714594
0.009778987099999999,4302.5510258047,450.13379552730004,1.0101504863
0.0022786927,4365.7074331433005,449.1901879933,0.9566302181
0.0086997697,4400.8391373761,447.398645441,0.8018293601
0.0061049063,4525.9758109606,431.5403923221,0.8599972883
0.008014077199999999,4181.1341915071,456.4825064318,1.0079721495
0.0061869802,4277.5857262393,454.9736589982,1.054063687
0.00783938,4408.240734285399,425.3944546843,0.838778439
0.0087830922,4506.6681776338,439.2582411999,0.9024113308
0.004036716599999999,4444.150441085901,427.1218421609,1.0938831829
0.0043136361,4256.9027092193,436.26223532949996,0.8591528037999999
0.0092586357,4190.7572299652,442.964630114,1.1090364489
0.0028151918,4422.0714413618,427.838247365,0.8791994223999999
1.15171e-05,4446.3237112592,436.38334495239997,1.1019578873
0.0055381839,4528.5711345962,434.3574390599,0.985316298
0.0062402501,4362.0114646872,419.628674592,0.826616177
0.0081521287,4455.416249401,420.8010094964,1.1043476449
0.0076918646,4469.3614941621,442.7928922651,0.9809919025
0.0085049479,4385.5141149123,437.1343875278,1.0554403747
0.0093505847,4434.2758611098,420.70914183419995,0.9571067945
0.0042933723,4540.3085307332,436.7726392083,0.8673692045
0.0091064635,4393.656778110801,439.2630866474,0.9290231681000001
0.000467193,4541.0585685842,426.26482227440005,0.9987577455
0.007381436,4427.0925282352,451.54448009839996,0.9508025648999999
0.0082938223,4371.8490338082,426.098827899,0.9493923834
0.0044957514,4354.5863055455,436.95225772599997,1.0007884423
0.0083258348,4231.1041042284005,444.07175118879996,0.9136523773
0.0035212809,4467.2507673458,422.2871407943,0.9627784109
0.0020038643,4202.8402630409,445.53996415660004,0.9734944142
0.0028275565000000003,4493.9150814098,438.5237003801,0.844435701
0.0037531621999999996,4203.3141058262,419.49296130870005,1.128341262
0.0038737134999999997,4456.9152717723,457.6013820289,0.9336619474
0.0073389365000000005,4466.7111946438,423.6299752017,0.8333284425
0.0011795335000000001,4302.0696781097995,449.7851041891,1.0714099006
0.002472811,4489.1876617351,430.7525602614,1.0694871303
0.0009297565,4546.6455464972,428.2552119686,0.8567692643000001
0.0089815211,4378.061568077,455.14305870910005,1.0064727417000001
0.0047219357,4503.3704504788,422.3998183625,0.8982277545999999
0.0030378849,4237.1486207506,421.5175014593,0.8611485743999999
0.0001929672,4278.5490961699,420.67449564080005,1.1913651282
0.0020475034,4308.321915731501,454.796781216,1.0112987412999999
0.0061189797999999995,4288.8179740545,428.29081959900003,1.1157189185
0.0041453444,4386.8941656305,419.0547418707,1.1364184419
0.0039769071000000005,4197.698778265,428.37519590910006,0.8867042934
0.008917731199999999,4195.7444311487,435.2087142197,0.9342101627
0.0029482615000000004,4304.3808189902,443.5035882353,1.1865077290000001
0.0049618956,4554.7934059373,450.0170054365,1.0827581971
0.0052218115,4364.2292891447,428.71924424019994,0.9631388909999999
0.0045976201,4278.819944697199,451.05696894449994,1.0126157923
0.0039588709000000005,4248.4716300378,440.70663745080003,0.9385906264
0.0018925404,4310.6215394151,455.62229528050005,1.0838707705
0.0053734117000000005,4536.2786635495,439.90050196199996,1.1561608864
0.0043567992,4548.5017296283,440.2797669817,1.0606617767
0.0055480579,4311.84713798,435.58659490959997,0.8420910031000001
0.007329885699999999,4567.5215074737,453.3280375559,1.0789381801
0.0058697876,4214.4098629651,421.61147347260004,1.008638405
0.0039203933,4234.2956083152,452.9047477528,1.1105141425
0.0042750099,4514.179303615,442.77639108150004,0.9926842884
0.007021978199999999,4391.732776453599,428.86223263529996,1.0769973187000002
9.88668e-05,4213.7560968728,423.0711576911,1.0033551268
0.0067702676,4338.520037579,437.4831573841,0.9308493842
0.0070627351,4530.8110926672,423.9547103442,0.9468039397
0.0079941439,4276.9710766667995,442.72990868410005,0.9696942805
0.0074783836,4476.1742655038,457.7235339464,0.9383542508
0.0058065731,4195.6262480734,431.2656496115,0.8134777323000001
0.0029222249,4577.9589988353,426.2093325205,0.8549476023999999
0.0067867763,4193.8928961409,442.5494377839,1.0045237781999998
0.0010120873,4283.6302202629995,424.8652441587,1.0967486294
0.0096298023,4240.3541910287,421.5590501874,0.8702069831999999
0.0021356714,4437.6721884754,417.71684065129995,0.9959482723
0.0052161567,4587.4009129129,458.99041205730003,1.0648095681
0.004068462100000001,4241.2260006846,418.08786196489996,1.0890590866
0.005440285,4510.1169722905,451.7588738002,0.8223097134999999
0.0020907673,4289.7366011498,440.4670818886,0.8939718734000001
0.0076603786,4514.4927887489,450.3219495456,0.991011781
0.0098149081,4186.5161282946,448.7276052639,0.8147208834999999
0.0052090777,4373.080827186,452.2095083224,1.1656694723
0.006081390799999999,4291.6284669404995,446.67160028309996,0.8114243757999999
0.0037442231,4194.7092548107,436.8208806903,0.8691942974
6.264149999999999e-05,4518.5769941484,430.9376802986,0.9604019336
0.0076583222,4531.1778358931,434.9091890424,0.9295822337999999
0.0059630316,4233.8583966838005,443.2705938108,1.114363323
0.0019057424,4470.5398455174,431.087151836,1.0090423625
0.0093933768,4285.1119767135,456.37236512879997,1.0002187674
0.007147890400000001,4239.6352630292995,424.5036141339,0.8456611149
0.0084733298,4338.0323546146,429.52759758379995,0.9528428066
0.002569386,4201.5501322052005,445.9188453715,0.8096806047
0.004412525,4242.0998568871,423.7408328568,0.954807568
0.0041206542,4256.4301686107,418.6577641021,1.0503166878
0.0031016046,4172.730355938,426.7946189098,1.0794632541
0.008532611800000001,4395.4420126276,456.9001502365,0.9502142234000001
0.0009740838,4268.5988584756,450.65211847980004,1.0547694923
0.009286067,4474.4891612474,422.3442271824,0.9988948076
0.0019475142,4348.5356116911,432.62836599080003,0.9581486716
0.0072490906999999995,4500.0673451672,452.36102662769997,0.8390741835
0.0065022027,4497.5188240295,426.31928647129996,0.83641332
0.006755931999999999,4520.6835576246995,442.6037249557,0.9369651993000001
0.0077795046,4497.9799254176005,458.54234984839997,1.1831672118
0.0015490466,4436.9072129124,430.84070973879994,1.1600806724
0.008007038000000001,4375.6462925334,430.25464922410004,1.1457847362
0.0006148852,4255.2748815727,449.8055379739,1.0805347648
0.0074216132,4335.2901396845,441.7997487562,1.0418576357
0.0082088315,4406.754129742801,448.8543811398,1.1393505723000001
0.0019744066,4485.0142465482,456.0487295874,0.8840038356000001
0.005796381,4566.5215300195005,449.9786568756,0.9722661919
0.0007049121000000001,4363.0791783091,437.58883763849997,1.1645870583
0.0034077227,4263.1534693498,457.0480064324,1.0616908042
0.007816001500000001,4307.4623751967,436.6589112667,0.8121982413
0.0028541324,4239.4799762642,421.8452300363,0.947458879
0.0071856138,4485.7929704663,417.69911087980006,1.1214808696
0.002074194,4316.5996592491,434.29295797419996,0.8792477034
0.0016367285999999998,4306.897540924,457.3105182067,1.1568760452
0.0027825779,4429.1220448753,445.4729388525,0.8368836134000001
0.004709154,4222.5172315625,446.0312066456,0.9126923822
0.0004559443,4223.4200687328,425.2767479853,1.0353339393
0.0083611811,4387.3934546143,452.2578632176,1.1022718056999998
0.0064193388,4403.2952130156,438.6951810944,0.8832401806999999
0.0093112336,4420.4120410376,447.7091280298,1.0269164353
0.0026686285,4507.6621603254,444.1825798463,0.8607871159
0.0024392061,4284.4528557013,432.1550803317,0.8408930703
0.0091992769,4450.7855938711,427.4157146152,0.887818515
0.0042151543,4196.296964872,448.8922843176,1.1618982734
0.0069321226,4207.7579778068,447.6090992549,0.9821552554
0.0031621297,4325.0856541288,429.7416780743,0.8764620392
0.0051674577,4326.5861432192,441.8461351185,1.116250021
0.0094811223,4215.881020701,424.5744215678,0.8198026793000001
0.0011279092,4262.728185338,437.9012365129,0.8037555076999999
0.0087242931,4337.4347848368,431.1436515103,0.8341510529999999
0.0065851932,4336.3224440356,442.89408866559995,0.9507526104999999
0.0057860062,4230.7199269154,454.8666276724,1.1918112521
0.0041545686,4342.7827416933005,451.6277080541,1.0516052567
0.006965021700000001,4176.2570723732,421.2098423222,1.1387774275
0.0011505607000000001,4482.9450584644,440.78446253699997,0.9093511825
0.0037293107000000002,4420.8419108079,421.1180402693,0.9167297115
0.0019389366,4525.0446352206,427.464412078,0.9702953888
0.0089301386,4349.175301679699,456.7805514216,1.009484054
0.0014058456,4431.2705967132,422.8227838061,1.0288904393
0.0081997648,4269.4873643566,437.84113496690003,1.1190930349
0.0094564013,4355.2115065455,430.8116126525,0.9459893235
0.0038353941,4193.3904238081,448.77982917699995,0.9916007655
0.0099691027,4315.0783117603005,418.20193228529996,0.9526834705
0.0078229672,4515.2188005925,435.9925576778,0.8312658890000001
0.003472208,4185.4608924194,417.6708728025,0.9655173785
0.0087345042,4388.1505022207,449.5021824699,0.8617713339
0.0053328491,4410.1967649094,434.4608971733,0.8318673217
0.0039411283,4357.3180686564,426.874886146,1.1750783357999999
0.0076020193,4585.90061567,421.40283660730006,0.8028356851
0.0009634716999999999,4445.3975840499,449.942655056,0.9418771312
0.007678004699999999,4242.7089877515,454.1145173124,0.8309569477
0.0034409424,4218.193435192,435.1624125426,1.0108127496
0.0044250643,4558.1095403739,451.0001831435,1.0421140787
0.0015326792000000002,4471.4531935142995,420.6048895651,1.1506100964000001
0.0011122266,4301.7411105726005,448.7054536979,1.1793108667
0.0010429636,4335.6852294453,451.7959800384,0.8948572695999999
0.008951946700000001,4586.513873480901,427.590995047,1.0284576716
0.0061552848,4423.600189134099,449.0395852455,1.1235971728
0.0008574311999999999,4272.962772891,452.48664870470003,1.1823100395000001
0.0045078871,4260.667833619,449.7517257036,1.0413606383
0.0039017133000000003,4395.9244915863,427.79017323269994,1.1945279834
0.0064948753,4370.3631931202,419.578197929,0.8515958426000001
0.0005262347,4347.1172442931,441.6386404339,1.1217656344
0.0012044236,4245.5430888861,456.7338188758,0.9058462083
0.0018439791,4411.7196446124,450.834740744,0.8681838784
0.0073698024,4379.3303270337,417.9768581692,0.8068169103
0.0066157060999999994,4416.8937621769,429.6836657123,0.927784257
0.0042489639000000004,4330.0386516506,420.4784283169,0.9355877865000001
0.0090490034,4254.036767404699,448.8312018058,1.0843884904
0.0074115634,4402.8244003793,455.53266905699996,1.1005895492
0.0016613466,4180.2005320707,431.3324471653,1.0403628878
0.0021017263,4333.4278787687,434.77257430519995,0.9662355624
0.0027937498999999998,4512.022365487001,432.383651279,1.1122139407
0.0017707760999999998,4484.0673990936,446.2720243762,0.9584119888
0.0005381108999999999,4402.7146071317,447.9738584393,1.145155994
0.0042020487,4311.7565079054,445.4324491676,1.1068521183
0.008167751899999999,4342.4661917353005,435.4410718288,1.1265375412
0.0022805689,4508.7080931162,440.8524364875,1.162161235
0.0014198963,4255.5206329952,437.2636135556,0.9743673893000001
0.0083160485,4555.759462439601,432.5980019435,1.1351582872
0.0024486744,4341.7961576507005,456.11270983040004,1.1520936478000001
0.006228760600000001,4406.1106156188,444.2198436477,0.9834447786
0.0051250939,4206.2653962459,444.00663135519994,1.1256275188
0.0030018025,4533.9278291901,431.4116995974,0.8263076554000001
0.001313045,4178.1663702092,451.3459398796,1.1237711262999999
0.0063148397,4288.6143929281,433.0928401976,1.1712159058
0.0029894563000000002,4226.613315882601,435.0335850173,1.1692602911
0.0049349191,4343.7134730954995,435.0134329114,1.1779362555
0.0030251034,4319.045373672,436.0839154402,0.8601688931999999
0.0081109926,4320.953014664799,439.0635571227,0.8705168132
0.0048708874,4569.3717441253,417.52412442019994,1.0129652893
0.0078867253,4487.4841906224,444.7468059135,1.1210425794
0.006714154599999999,4378.9092988418,453.36757691180003,0.9960095726
0.0007397819999999999,4577.3244743841,440.21796360860003,1.1415223826
0.0086795813,4441.4841046238,430.50284688019997,0.9035975203
0.0076347287,4252.8386539199,457.5078854032,0.9085363143
0.0099147477,4340.4832662215995,419.14911281400003,1.1315118106
0.0008993022,4430.7786301052,430.4117757596,0.8225839007
0.0064333607,4569.5339705747,444.90008280589996,1.1291218775
0.008942008100000001,4553.8114458356,456.06298576449996,0.9438105993000001
0.009419631500000001,4481.7828188907,428.3167376129,0.9591745004000001
0.0018778554,4178.7175620169,454.5913774224,1.0902864857999999
0.0069150073,4339.936441547,440.584875703,1.1909341939
0.0059579998,4449.787970575,450.709642378,1.199641901
0.001242715,4358.8866160258,424.615129409,1.0259969584
0.009206723100000001,4454.047283477,440.0372432921,1.039299073
0.0037098946000000002,4542.54110779,432.85972771620004,1.0932563951
0.0095184422,4224.120136146,439.0235857697,1.0577001992
0.0083839369,4342.0894199605,449.2981288501,0.9862395672
0.0074997977000000006,4398.8145308112,453.73331408720003,1.0809236659
0.0076231967,4490.08167312,434.9481476121,0.8451618598
0.0014570791,4182.2916996301,454.9184042044,0.9642027024
0.006562401,4369.3508142939,431.87744797089994,0.8269145866
0.0019648654000000002,4184.338463954699,454.8025896892,0.9749508428
0.0024111606,4236.1216496248,453.7739265764,0.9022793139
0.0024958363,4517.9406912774,457.6219435667,0.9374657612
0.0071258911,4472.1317958376,422.0221932556,0.9441383757999999
0.0076175102,4512.5644476733005,448.0891381021,1.042484741
0.008869830300000001,4443.4688463395005,433.6819123053,1.0454276857
0.0008859537,4258.1947272456,417.2774575295,1.1721680665
0.0087576754,4425.2867390635,453.51305150940004,1.1009337097
0.0032656799,4409.5355507151,427.4356954106,0.8846984046999999
0.0045880886,4492.6892167407,429.2427032457,1.0466458489
0.0041102014,4183.6447364778005,444.3441728829,0.9249989322
0.0033519911,4403.7872920184,446.22778492879996,0.8252654698999999
0.0077224499,4374.7406038845,449.61163599019994,1.1578660875
0.0001315333,4469.0725002666995,453.8860140026,0.8510806601
0.0043881525,4409.4013812076,426.7129440533,0.916809653
0.0013381903,4251.5615154224,427.7486460207,1.0027598131
0.004865185300000001,4521.3161097345,431.69415625589994,0.9488549286
0.000877136,4574.9052942525,434.75005677800004,1.1791311884
0.0064033749,4490.1165621278005,423.38941048410004,0.8093353555
0.008812872,4228.4792450763,427.1457546874,0.9334982369
0.0023962657,4501.9057181665,445.32206843,1.0612778884
0.0056365842,4465.8845232192,426.8299258732,1.0214085405
0.0063821610999999995,4417.460069307101,419.3074477576,0.9553062761
0.008562012800000001,4216.4056273651,440.866653308,0.8188684154000001
0.003414512,4428.1656045071,453.12334243699996,1.0765801747
0.0019965952,4505.7082161992,458.68167403309997,1.171065321
0.0078434088,4540.8123000472,433.26901933949995,1.1540830235
0.0017886897,4511.4101845619,441.75018708050004,0.8174818451000001
0.0096706847,4534.3754507031,430.185039915,1.0815715933
0.0030438594,4237.7516834543,418.59070574599997,0.8455662166
0.0083590849,4567.9087853716,423.4742003943,0.9933711651999999
0.0014723984,4511.1421932738,432.5241305358,1.0282135996
0.0053443043999999995,4365.0957320062,428.48824011610003,1.1406923956000001
7.70751e-05,4550.3165198521,456.3004960295,0.9940330829999999
0.0008201523,4465.2524172509,437.3616332976,1.1775801859000001
0.009860493199999999,4427.765823303,424.3294307257,0.9038357221
0.0039174051,4574.7482790924,425.4000198138,1.0021192541
0.0048461075,4408.809852364,444.32249608760003,1.1855452449
0.0097182674,4357.7837493182,443.09418129489995,1.0884083865
0.007547551800000001,4543.3157038419,455.9163496156,0.911003627
0.007203347,4303.463711427,454.14972454720004,1.03159476
0.0083914041,4262.2851337368,435.36341585339994,0.9102554684
0.0025074545000000003,4367.3005400751,432.02187708739996,0.9724835752
0.0027523671999999996,4236.4187984956,439.30253863980005,0.9609683989
0.0081729277,4236.6192544024,426.7672480332,1.0635405886
0.0078963076,4287.7186706285,436.1645941672,0.8427294924
0.0033482278000000003,4501.3618703362,444.71046009879996,0.8476750551000001
0.0044405985,4456.411527743599,435.9187990842,1.1930277518999999
0.0005064294999999999,4270.43323255,421.9748973279,0.8971439859
0.0025834385999999997,4504.1151520254,427.21602704459997,1.0059928478
0.0029118303000000003,4464.759525169799,458.44197458919996,0.8745544073
0.0046989532,4178.0497379984,446.01292327550004,0.9427257520000001
0.005608806500000001,4404.1195944325,419.8508275551,1.1478671877
0.006546380300000001,4456.1768293266,438.94683383349997,1.0690252424
0.000265858,4547.8649709006,436.33173708510003,0.9650623798000001
0.0055758675,4419.4362548331,434.1345347683,0.9559022414
0.0064546324,4557.3466865686,447.7928556435,1.0410340702
0.0099734334,4186.0310388524,458.0672649092,1.0306358936
0.0071508826,4519.4013205890005,444.97653423099996,0.8912127527
0.0087632394,4583.1204165606,458.4733868687,0.9201634795
0.000475977,4560.5920465072995,457.36739604519994,1.1441079861
0.0076443696,4438.9547542888,453.6059897871,0.8378678851000001
0.0066092571999999995,4499.6580937644,422.3330886079,1.0922220482
0.007292015799999999,4323.9934786929,456.8774929064,1.1634880951
0.0020575834,4198.9957467077,427.9758079752,1.1138276258
0.0009568075,4462.4559867882,455.2231691793,0.8380700934
0.0026540566,4240.4044953854,436.9056432754,1.0437094036
0.0008335386,4435.9241907214,418.9284643469,1.0980626416
0.0030791246999999997,4300.3380040725,450.24901259989997,1.089807385
0.008840342900000001,4502.7530118269,438.5744893437,1.1581012306
0.0085528571,4437.424627954,436.216158566,0.9162827379
0.0047978367,4378.3477473793,429.8795626374,0.9756168352
0.000393721,4564.671415322,433.0778317739,1.0591207564
0.0038231928000000003,4266.6724191721005,447.03767434300005,1.0652688474
0.0015811062,4380.7161634034,444.8227697518,1.1268336847
0.0081037685,4447.6949298306,453.20555850989996,1.0475229194
0.009292996500000001,4529.3562345496,448.3044986374,1.1726848303
0.0059983539,4192.5653326719,441.6894405507,1.1461736175
0.0024584552,4334.9103965555,424.1784444955,0.8768488168
0.0025734642,4440.1662634058,445.7444053553,0.9791430501999999
0.0060005641,4547.2432648388,428.6303923099,1.1626245832
0.0050745002,4462.9925834075,438.88452854540003,0.911871622
0.0060739061,4314.251776466,422.50434730660004,1.1800871053
0.0006674011999999999,4214.9143172867,417.89376587190003,1.1468630629
0.0040001724,4361.388251637,438.6433973443,0.8066179843000001
