REL_W,RF_W,INPC_W,PFC_W,WCC_W,REL_D,RF_D,INPC_D,PFC_D,WCC_D,REL_F,RF_F,INPC_F,PFC_F,WCC_F,REL_R,RF_R,INPC_R,PFC_R,WCC_R
0.0,0.0,0.0,0.03720013673563782,0.0,0.0,0.24999718750351568,0.0,0.0,0.0,-0.1,0.0,0.0,0.0,-0.0408153921871602,0.0,0.24999718750351568,0.0,0.03720013673563782,0.0
0.0,0.0,0.0,0.058253403309806835,0.0,0.0,0.24999718750351568,0.0,0.0,-0.0031343161677623624,-0.1,0.0,0.0,0.0,-0.0408153921871602,0.0,0.24999718750351568,0.0,0.058253403309806835,-0.0031343161677623624
0.0,0.0,0.0,0.055659447829321744,0.0,0.08333333333333148,0.24999718750351568,0.0,0.0,-0.0031445256666801655,-0.1,0.33332833335833306,0.0,0.0,0.02926667353409108,0.08333333333333148,0.24999718750351568,0.0,0.055659447829321744,-0.0031445256666801655
0.0,0.0,0.0,0.055659447829321744,0.0,0.0,0.24999718750351568,0.0,0.0,-0.0031343161677623624,-0.1,0.0,0.0,0.0,-0.0408153921871602,0.0,0.24999718750351568,0.0,0.055659447829321744,-0.0031343161677623624
0.0,0.0,0.0,0.055659447829321744,0.0,0.08333333333333148,0.24999718750351568,0.0,0.0,-0.0031343161677623624,-0.1,0.0,0.0,0.0,-0.0408153921871602,0.08333333333333148,0.24999718750351568,0.0,0.055659447829321744,-0.0031343161677623624
0.0,0.0,0.0,0.055659447829321744,0.0,0.0,0.24999718750351568,0.0,0.0,0.0,-0.1,0.0,0.0,0.0,-0.0408153921871602,0.0,0.24999718750351568,0.0,0.055659447829321744,0.0
0.0,0.0,0.0,0.055659447829321744,0.0,0.0,0.24999718750351568,0.0,0.0,0.0114652672846818,-0.1,0.0,0.0,0.0,0.00861861758747386,0.0,0.24999718750351568,0.0,0.055659447829321744,0.0114652672846818
0.0,0.0,0.0,0.055659447829321744,0.0,0.0,0.24999718750351568,0.0,0.0,0.0114652672846818,-0.1,0.0,0.0,0.0,0.008607171880186367,0.0,0.24999718750351568,0.0,0.055659447829321744,0.0114652672846818
0.0,0.0,0.0,0.058253403309806835,0.0,0.0,0.24999718750351568,0.0,0.0,-0.0031445256666801655,-0.1,0.0,0.0,0.0,0.00861861758747386,0.0,0.24999718750351568,0.0,0.058253403309806835,-0.0031445256666801655
0.0,0.0,0.0,0.12758641491222786,0.0,0.0,0.24999718750351568,0.0,0.0,0.0,-0.1,0.0,0.0,0.0,-0.015211344985063316,0.0,0.24999718750351568,0.0,0.12758641491222786,0.0
0.0,0.0,0.0,-0.004323259134141681,0.0,0.08333333333333148,0.24999718750351568,0.0,0.0,0.0,-0.1,0.0,0.0,0.0,-0.0408153921871602,0.08333333333333148,0.24999718750351568,0.0,-0.004323259134141681,0.0
0.0,0.0,0.0,0.058253403309806835,0.0,0.0,0.24999718750351568,0.0,0.0,-0.0031343161677623624,-0.1,0.0,0.0,0.0,-0.0408153921871602,0.0,0.24999718750351568,0.0,0.058253403309806835,-0.0031343161677623624
0.0,0.0,0.0,0.055659447829321744,0.0,0.08333333333333148,0.24999718750351568,0.0,0.0,-0.0031445256666801655,-0.1,0.0,0.0,0.0,0.008424040563586633,0.08333333333333148,0.24999718750351568,0.0,0.055659447829321744,-0.0031445256666801655
0.0,0.0,0.0,0.055659447829321744,0.0,0.0,0.24999718750351568,0.0,0.0,0.0,-0.1,0.33332833335833306,0.0,0.0,0.02926667353409108,0.0,0.24999718750351568,0.0,0.055659447829321744,0.0
0.0,0.0,0.0,0.03720013673563782,0.0,0.0,0.24999718750351568,0.0,0.0,0.0114652672846818,-0.1,0.0,0.0,0.0,-0.041387677551534385,0.0,0.24999718750351568,0.0,0.03720013673563782,0.0114652672846818
0.0,0.0,0.0,0.03720013673563782,0.0,0.0,0.24999718750351568,0.0,0.0,0.0,-0.1,0.0,0.0,0.0,-0.0408153921871602,0.0,0.24999718750351568,0.0,0.03720013673563782,0.0
0.0,0.0,0.0,0.03720013673563782,0.0,0.0,0.24999718750351568,0.0,0.0,0.0114652672846818,-0.1,0.33332833335833306,0.0,0.0,0.0286829424624294,0.0,0.24999718750351568,0.0,0.03720013673563782,0.0114652672846818
0.0,0.0,0.0,0.058253403309806835,0.0,0.0,0.24999718750351568,0.0,0.0,-0.0031343161677623624,-0.1,0.0,0.0,0.0,-0.0408153921871602,0.0,0.24999718750351568,0.0,0.058253403309806835,-0.0031343161677623624
0.0,0.0,0.0,0.055659447829321744,0.0,0.0,0.24999718750351568,0.0,0.0,-0.0031343161677623624,-0.1,0.0,0.0,0.0,-0.0408153921871602,0.0,0.24999718750351568,0.0,0.055659447829321744,-0.0031343161677623624
0.0,0.0,0.0,0.055659447829321744,0.0,0.0,0.24999718750351568,0.0,0.0,0.0,-0.1,0.0,0.0,0.0,0.008607171880186367,0.0,0.24999718750351568,0.0,0.055659447829321744,0.0
0.0,0.0,0.0,-0.004323259134141681,0.0,0.08333333333333148,0.24999718750351568,0.0,0.0,0.0,-0.1,0.33332833335833306,0.0,0.0,0.02926667353409108,0.08333333333333148,0.24999718750351568,0.0,-0.004323259134141681,0.0
0.0,0.0,0.0,-0.004283042770103113,0.0,0.08333333333333148,0.24999718750351568,0.0,0.0,0.0,-0.1,0.0,0.0,0.0,0.00861861758747386,0.08333333333333148,0.24999718750351568,0.0,-0.004283042770103113,0.0
0.0,0.0,0.0,0.02871448392350859,0.0,0.0,0.24999718750351568,0.0,0.0,0.0114652672846818,-0.1,0.0,0.0,0.0,-0.041387677551534385,0.0,0.24999718750351568,0.0,0.02871448392350859,0.0114652672846818
0.0,0.0,0.0,0.03720013673563782,0.0,0.0,0.24999718750351568,0.0,0.0,0.0114652672846818,-0.1,0.33332833335833306,0.0,0.0,0.0286829424624294,0.0,0.24999718750351568,0.0,0.03720013673563782,0.0114652672846818
0.0,0.0,0.0,-0.004323259134141681,0.0,0.08333333333333148,0.24999718750351568,0.0,0.0,0.0,-0.1,0.0,0.0,0.0,-0.0408153921871602,0.08333333333333148,0.24999718750351568,0.0,-0.004323259134141681,0.0
0.0,0.0,0.0,0.055659447829321744,0.0,0.0,0.24999718750351568,0.0,0.0,0.0114652672846818,-0.1,0.0,0.0,0.0,0.00861861758747386,0.0,0.24999718750351568,0.0,0.055659447829321744,0.0114652672846818
0.0,0.0,0.0,-0.004323259134141681,0.0,0.0,0.24999718750351568,0.0,0.0,0.0114652672846818,-0.1,0.0,0.0,0.0,0.00803488651581218,0.0,0.24999718750351568,0.0,-0.004323259134141681,0.0114652672846818
0.0,0.0,0.0,0.055659447829321744,0.0,0.0,0.24999718750351568,0.0,0.0,0.0114652672846818,-0.1,0.0,0.0,0.0,-0.0408153921871602,0.0,0.24999718750351568,0.0,0.055659447829321744,0.0114652672846818
0.0,0.0,0.0,0.14646799782831646,0.0,0.08333333333333148,0.24999718750351568,0.0,0.0,-0.0031445256666801655,-0.1,0.33332833335833306,0.0,0.0,0.028866073779029135,0.08333333333333148,0.24999718750351568,0.0,0.14646799782831646,-0.0031445256666801655
0.0,0.0,0.0,0.03720013673563782,0.0,0.0,0.24999718750351568,0.0,0.0,0.0114652672846818,-0.1,0.0,0.0,0.0,-0.041387677551534385,0.0,0.24999718750351568,0.0,0.03720013673563782,0.0114652672846818
0.0,0.0,0.0,0.03720013673563782,0.0,0.0,0.24999718750351568,0.0,0.0,0.0,-0.1,0.33332833335833306,0.0,0.0,0.02926667353409108,0.0,0.24999718750351568,0.0,0.03720013673563782,0.0
0.0,0.0,0.0,0.055659447829321744,0.0,0.0,0.24999718750351568,0.0,0.0,0.0,-0.1,0.0,0.0,0.0,-0.0408153921871602,0.0,0.24999718750351568,0.0,0.055659447829321744,0.0
0.0,0.0,0.0,0.03720013673563782,0.0,0.0,0.24999718750351568,0.0,0.0,0.0,-0.1,0.0,0.0,0.0,-0.0408153921871602,0.0,0.24999718750351568,0.0,0.03720013673563782,0.0
0.0,0.0,0.0,0.055659447829321744,0.0,0.0,0.24999718750351568,0.0,0.0,-0.0031343161677623624,-0.1,0.0,0.0,0.0,-0.0408153921871602,0.0,0.24999718750351568,0.0,0.055659447829321744,-0.0031343161677623624
0.0,0.0,0.0,0.055659447829321744,0.0,0.0,0.24999718750351568,0.0,0.0,0.0114652672846818,-0.1,0.0,0.0,0.0,-0.0408153921871602,0.0,0.24999718750351568,0.0,0.055659447829321744,0.0114652672846818
0.0,0.0,0.0,0.055659447829321744,0.0,0.0,0.24999718750351568,0.0,0.0,-0.0031445256666801655,-0.1,0.0,0.0,0.0,0.00861861758747386,0.0,0.24999718750351568,0.0,0.055659447829321744,-0.0031445256666801655
0.0,0.0,0.0,0.03720013673563782,0.0,0.0,0.24999718750351568,0.0,0.0,0.0114652672846818,-0.1,0.0,0.0,0.0,-0.041387677551534385,0.0,0.24999718750351568,0.0,0.03720013673563782,0.0114652672846818
0.0,0.0,0.0,0.055659447829321744,0.0,0.0,0.24999718750351568,0.0,0.0,0.0114652672846818,-0.1,0.0,0.0,0.0,0.00861861758747386,0.0,0.24999718750351568,0.0,0.055659447829321744,0.0114652672846818
0.0,0.0,0.0,0.055659447829321744,0.0,0.0,0.24999718750351568,0.0,0.0,0.0,-0.1,0.0,0.0,0.0,-0.0408153921871602,0.0,0.24999718750351568,0.0,0.055659447829321744,0.0
0.0,0.0,0.0,-0.004323259134141681,0.0,0.0,0.24999718750351568,0.0,0.0,0.0114652672846818,-0.1,0.0,0.0,0.0,0.00803488651581218,0.0,0.24999718750351568,0.0,-0.004323259134141681,0.0114652672846818
0.0,0.0,0.0,0.055659447829321744,0.0,0.0,0.24999718750351568,0.0,0.0,0.0114652672846818,-0.1,0.33332833335833306,0.0,0.0,0.02926667353409108,0.0,0.24999718750351568,0.0,0.055659447829321744,0.0114652672846818
0.0,0.0,0.0,0.055659447829321744,0.0,0.08333333333333148,0.24999718750351568,0.0,0.0,-0.0031343161677623624,-0.1,0.0,0.0,0.0,-0.0408153921871602,0.08333333333333148,0.24999718750351568,0.0,0.055659447829321744,-0.0031343161677623624
0.0,0.0,0.0,0.055659447829321744,0.0,0.0,0.24999718750351568,0.0,0.0,0.0,-0.1,0.33332833335833306,0.0,0.0,0.02926667353409108,0.0,0.24999718750351568,0.0,0.055659447829321744,0.0
0.0,0.0,0.0,0.055659447829321744,0.0,0.0,0.24999718750351568,0.0,0.0,0.0,-0.1,0.0,0.0,0.0,-0.0408153921871602,0.0,0.24999718750351568,0.0,0.055659447829321744,0.0
0.0,0.0,0.0,0.055659447829321744,0.0,0.0,0.24999718750351568,0.0,0.0,-0.0031445256666801655,-0.1,0.0,0.0,0.0,0.00861861758747386,0.0,0.24999718750351568,0.0,0.055659447829321744,-0.0031445256666801655
0.0,0.0,0.0,0.055659447829321744,0.0,0.0,0.24999718750351568,0.0,0.0,-0.0031343161677623624,-0.1,0.0,0.0,0.0,-0.0408153921871602,0.0,0.24999718750351568,0.0,0.055659447829321744,-0.0031343161677623624
0.0,0.0,0.0,0.12758641491222786,0.0,0.0,0.24999718750351568,0.0,0.0,0.0114652672846818,-0.1,0.0,0.0,0.0,-0.015211344985063316,0.0,0.24999718750351568,0.0,0.12758641491222786,0.0114652672846818
0.0,0.0,0.0,0.055659447829321744,0.0,0.0,0.24999718750351568,0.0,0.0,0.0114652672846818,-0.1,0.0,0.0,0.0,-0.0408153921871602,0.0,0.24999718750351568,0.0,0.055659447829321744,0.0114652672846818
0.0,0.0,0.0,0.02871448392350859,0.0,0.08333333333333148,0.24999718750351568,0.0,0.0,0.0,-0.1,0.0,0.0,0.0,-0.0408153921871602,0.08333333333333148,0.24999718750351568,0.0,0.02871448392350859,0.0
0.0,0.0,0.0,0.058253403309806835,0.0,0.0,0.24999718750351568,0.0,0.0,-0.0031343161677623624,-0.1,0.0,0.0,0.0,-0.0408153921871602,0.0,0.24999718750351568,0.0,0.058253403309806835,-0.0031343161677623624
0.0,0.0,0.0,0.058253403309806835,0.0,0.0,0.24999718750351568,0.0,0.0,-0.0031343161677623624,-0.1,0.0,0.0,0.0,-0.0408153921871602,0.0,0.24999718750351568,0.0,0.058253403309806835,-0.0031343161677623624
0.0,0.0,0.0,0.058253403309806835,0.0,0.0,0.24999718750351568,0.0,0.0,-0.0031445256666801655,-0.1,0.33332833335833306,0.0,0.0,0.02926667353409108,0.0,0.24999718750351568,0.0,0.058253403309806835,-0.0031445256666801655
0.0,0.0,0.0,0.055659447829321744,0.0,0.08333333333333148,0.24999718750351568,0.0,0.0,-0.0031445256666801655,-0.1,0.33332833335833306,0.0,0.0,0.02926667353409108,0.08333333333333148,0.24999718750351568,0.0,0.055659447829321744,-0.0031445256666801655
0.0,0.0,0.0,0.12758641491222786,0.0,0.0,0.24999718750351568,0.0,0.0,0.0,-0.1,0.0,0.0,0.0,0.008401149149011647,0.0,0.24999718750351568,0.0,0.12758641491222786,0.0
0.0,0.0,0.0,0.058253403309806835,0.0,0.0,0.24999718750351568,0.0,0.0,-0.0031343161677623624,-0.1,0.0,0.0,0.0,-0.0408153921871602,0.0,0.24999718750351568,0.0,0.058253403309806835,-0.0031343161677623624
0.0,0.0,0.0,0.12758641491222786,0.0,0.0,0.24999718750351568,0.0,0.0,0.0,-0.1,0.0,0.0,0.0,0.008401149149011647,0.0,0.24999718750351568,0.0,0.12758641491222786,0.0
0.0,0.0,0.0,0.055659447829321744,0.0,0.0,0.24999718750351568,0.0,0.0,0.0114652672846818,-0.1,0.0,0.0,0.0,-0.0408153921871602,0.0,0.24999718750351568,0.0,0.055659447829321744,0.0114652672846818
0.0,0.0,0.0,0.055659447829321744,0.0,0.0,0.24999718750351568,0.0,0.0,0.0114652672846818,-0.1,0.0,0.0,0.0,-0.0408153921871602,0.0,0.24999718750351568,0.0,0.055659447829321744,0.0114652672846818
0.0,0.0,0.0,0.055659447829321744,0.0,0.0,0.24999718750351568,0.0,0.0,0.0,-0.1,0.0,0.0,0.0,0.00861861758747386,0.0,0.24999718750351568,0.0,0.055659447829321744,0.0
0.0,0.0,0.0,0.058253403309806835,0.0,0.0,0.24999718750351568,0.0,0.0,-0.0031343161677623624,-0.1,0.0,0.0,0.0,-0.0408153921871602,0.0,0.24999718750351568,0.0,0.058253403309806835,-0.0031343161677623624
0.0,0.0,0.0,0.03720013673563782,0.0,0.0,0.24999718750351568,0.0,0.0,0.0,-0.1,0.0,0.0,0.0,-0.0408153921871602,0.0,0.24999718750351568,0.0,0.03720013673563782,0.0
0.0,0.0,0.0,0.03720013673563782,0.0,0.0,0.24999718750351568,0.0,0.0,0.0114652672846818,-0.1,0.0,0.0,0.0,0.00803488651581218,0.0,0.24999718750351568,0.0,0.03720013673563782,0.0114652672846818
0.0,0.0,0.0,0.055659447829321744,0.0,0.08333333333333148,0.24999718750351568,0.0,0.0,-0.0031445256666801655,-0.1,0.0,0.0,0.0,0.008607171880186367,0.08333333333333148,0.24999718750351568,0.0,0.055659447829321744,-0.0031445256666801655
0.0,0.0,0.0,0.055659447829321744,0.0,0.0,0.24999718750351568,0.0,0.0,-0.0031343161677623624,-0.1,0.0,0.0,0.0,-0.0408153921871602,0.0,0.24999718750351568,0.0,0.055659447829321744,-0.0031343161677623624
0.0,0.0,0.0,-0.004283042770103113,0.0,0.0,0.24999718750351568,0.0,0.0,0.0114652672846818,-0.1,0.33332833335833306,0.0,0.0,0.0286829424624294,0.0,0.24999718750351568,0.0,-0.004283042770103113,0.0114652672846818
0.0,0.0,0.0,0.055659447829321744,0.0,0.0,0.24999718750351568,0.0,0.0,-0.0031445256666801655,-0.1,0.0,0.0,0.0,0.00861861758747386,0.0,0.24999718750351568,0.0,0.055659447829321744,-0.0031445256666801655
0.0,0.0,0.0,0.055659447829321744,0.0,0.08333333333333148,0.24999718750351568,0.0,0.0,-0.0031343161677623624,-0.1,0.0,0.0,0.0,-0.0408153921871602,0.08333333333333148,0.24999718750351568,0.0,0.055659447829321744,-0.0031343161677623624
0.0,0.0,0.0,0.055659447829321744,0.0,0.0,0.24999718750351568,0.0,0.0,-0.0031343161677623624,-0.1,0.0,0.0,0.0,-0.0408153921871602,0.0,0.24999718750351568,0.0,0.055659447829321744,-0.0031343161677623624
0.0,0.0,0.0,0.055659447829321744,0.0,0.08333333333333148,0.24999718750351568,0.0,0.0,-0.0031343161677623624,-0.1,0.0,0.0,0.0,-0.0408153921871602,0.08333333333333148,0.24999718750351568,0.0,0.055659447829321744,-0.0031343161677623624
0.0,0.0,0.0,0.03720013673563782,0.0,0.0,0.24999718750351568,0.0,0.0,0.0114652672846818,-0.1,0.0,0.0,0.0,-0.041387677551534385,0.0,0.24999718750351568,0.0,0.03720013673563782,0.0114652672846818
0.0,0.0,0.0,0.058253403309806835,0.0,0.0,0.24999718750351568,0.0,0.0,-0.0031445256666801655,-0.1,0.33332833335833306,0.0,0.0,0.02926667353409108,0.0,0.24999718750351568,0.0,0.058253403309806835,-0.0031445256666801655
0.0,0.0,0.0,0.055659447829321744,0.0,0.0,0.24999718750351568,0.0,0.0,0.0114652672846818,-0.1,0.0,0.0,0.0,0.008607171880186367,0.0,0.24999718750351568,0.0,0.055659447829321744,0.0114652672846818
0.0,0.0,0.0,0.03720013673563782,0.0,0.0,0.24999718750351568,0.0,0.0,0.0114652672846818,-0.1,0.0,0.0,0.0,-0.041387677551534385,0.0,0.24999718750351568,0.0,0.03720013673563782,0.0114652672846818
0.0,0.0,0.0,0.055659447829321744,0.0,0.0,0.24999718750351568,0.0,0.0,0.0,-0.1,0.0,0.0,0.0,-0.0408153921871602,0.0,0.24999718750351568,0.0,0.055659447829321744,0.0
0.0,0.0,0.0,0.14242625324244448,0.0,0.0,0.24999718750351568,0.0,0.0,-0.0031343161677623624,-0.1,0.0,0.0,0.0,-0.015405922008950542,0.0,0.24999718750351568,0.0,0.14242625324244448,-0.0031343161677623624
0.0,0.0,0.0,0.055659447829321744,0.0,0.0,0.24999718750351568,0.0,0.0,0.0114652672846818,-0.1,0.0,0.0,0.0,-0.0408153921871602,0.0,0.24999718750351568,0.0,0.055659447829321744,0.0114652672846818
0.0,0.0,0.0,0.055659447829321744,0.0,0.0,0.24999718750351568,0.0,0.0,0.0,-0.1,0.0,0.0,0.0,0.008607171880186367,0.0,0.24999718750351568,0.0,0.055659447829321744,0.0
0.0,0.0,0.0,0.03720013673563782,0.0,0.0,0.24999718750351568,0.0,0.0,0.0,-0.1,0.0,0.0,0.0,0.008607171880186367,0.0,0.24999718750351568,0.0,0.03720013673563782,0.0
0.0,0.0,0.0,0.055659447829321744,0.0,0.0,0.24999718750351568,0.0,0.0,-0.0031445256666801655,-0.1,0.0,0.0,0.0,0.008424040563586633,0.0,0.24999718750351568,0.0,0.055659447829321744,-0.0031445256666801655
0.0,0.0,0.0,0.03720013673563782,0.0,0.0,0.24999718750351568,0.0,0.0,0.0,-0.1,0.0,0.0,0.0,-0.0408153921871602,0.0,0.24999718750351568,0.0,0.03720013673563782,0.0
0.0,0.0,0.0,0.055659447829321744,0.0,0.08333333333333148,0.24999718750351568,0.0,0.0,-0.0031343161677623624,-0.1,0.0,0.0,0.0,-0.015234236399638302,0.08333333333333148,0.24999718750351568,0.0,0.055659447829321744,-0.0031343161677623624
0.0,0.0,0.0,-0.004323259134141681,0.0,0.08333333333333148,0.24999718750351568,0.0,0.0,0.0,-0.1,0.0,0.0,0.0,0.008607171880186367,0.08333333333333148,0.24999718750351568,0.0,-0.004323259134141681,0.0
0.0,0.0,0.0,-0.004283042770103113,0.0,0.0,0.24999718750351568,0.0,0.0,0.0114652672846818,-0.1,0.33332833335833306,0.0,0.0,0.0286829424624294,0.0,0.24999718750351568,0.0,-0.004283042770103113,0.0114652672846818
0.0,0.0,0.0,0.055659447829321744,0.0,0.0,0.24999718750351568,0.0,0.0,-0.0031343161677623624,-0.1,0.0,0.0,0.0,-0.0408153921871602,0.0,0.24999718750351568,0.0,0.055659447829321744,-0.0031343161677623624
0.0,0.0,0.0,0.03720013673563782,0.0,0.0,0.24999718750351568,0.0,0.0,0.0114652672846818,-0.1,0.0,0.0,0.0,-0.041387677551534385,0.0,0.24999718750351568,0.0,0.03720013673563782,0.0114652672846818
0.0,0.0,0.0,-0.004323259134141681,0.0,0.08333333333333148,0.24999718750351568,0.0,0.0,0.0,-0.1,0.0,0.0,0.0,0.00861861758747386,0.08333333333333148,0.24999718750351568,0.0,-0.004323259134141681,0.0
0.0,0.0,0.0,0.055659447829321744,0.0,0.0,0.24999718750351568,0.0,0.0,0.0,-0.1,0.0,0.0,0.0,-0.0408153921871602,0.0,0.24999718750351568,0.0,0.055659447829321744,0.0
0.0,0.0,0.0,0.055659447829321744,0.0,0.0,0.24999718750351568,0.0,0.0,0.0,-0.1,0.0,0.0,0.0,0.008607171880186367,0.0,0.24999718750351568,0.0,0.055659447829321744,0.0
0.0,0.0,0.0,0.055659447829321744,0.0,0.0,0.24999718750351568,0.0,0.0,0.0114652672846818,-0.1,0.0,0.0,0.0,0.008607171880186367,0.0,0.24999718750351568,0.0,0.055659447829321744,0.0114652672846818
0.0,0.0,0.0,0.055659447829321744,0.0,0.08333333333333148,0.24999718750351568,0.0,0.0,-0.0031343161677623624,-0.1,0.0,0.0,0.0,-0.0408153921871602,0.08333333333333148,0.24999718750351568,0.0,0.055659447829321744,-0.0031343161677623624
0.0,0.0,0.0,0.14242625324244448,0.0,0.0,0.24999718750351568,0.0,0.0,-0.0031343161677623624,-0.1,0.0,0.0,0.0,-0.015405922008950542,0.0,0.24999718750351568,0.0,0.14242625324244448,-0.0031343161677623624
0.0,0.0,0.0,-0.004283042770103113,0.0,0.0,0.24999718750351568,0.0,0.0,0.0114652672846818,-0.1,0.0,0.0,0.0,-0.041387677551534385,0.0,0.24999718750351568,0.0,-0.004283042770103113,0.0114652672846818
0.0,0.0,0.0,0.055659447829321744,0.0,0.08333333333333148,0.24999718750351568,0.0,0.0,-0.0031445256666801655,-0.1,0.33332833335833306,0.0,0.0,0.02926667353409108,0.08333333333333148,0.24999718750351568,0.0,0.055659447829321744,-0.0031445256666801655
0.0,0.0,0.0,0.058253403309806835,0.0,0.0,0.24999718750351568,0.0,0.0,-0.0031445256666801655,-0.1,0.33332833335833306,0.0,0.0,0.02926667353409108,0.0,0.24999718750351568,0.0,0.058253403309806835,-0.0031445256666801655
0.0,0.0,0.0,0.058253403309806835,0.0,0.0,0.24999718750351568,0.0,0.0,-0.0031445256666801655,-0.1,0.0,0.0,0.0,0.008607171880186367,0.0,0.24999718750351568,0.0,0.058253403309806835,-0.0031445256666801655
0.0,0.0,0.0,0.03720013673563782,0.0,0.0,0.24999718750351568,0.0,0.0,0.0,-0.1,0.0,0.0,0.0,-0.0408153921871602,0.0,0.24999718750351568,0.0,0.03720013673563782,0.0
0.0,0.0,0.0,0.03720013673563782,0.0,0.0,0.24999718750351568,0.0,0.0,0.0,-0.1,0.0,0.0,0.0,-0.0408153921871602,0.0,0.24999718750351568,0.0,0.03720013673563782,0.0
0.0,0.0,0.0,0.02871448392350859,0.0,0.08333333333333148,0.24999718750351568,0.0,0.0,0.0,-0.1,0.0,0.0,0.0,-0.0408153921871602,0.08333333333333148,0.24999718750351568,0.0,0.02871448392350859,0.0
0.0,0.0,0.0,0.055659447829321744,0.0,0.0,0.24999718750351568,0.0,0.0,0.0114652672846818,-0.1,0.0,0.0,0.0,0.008607171880186367,0.0,0.24999718750351568,0.0,0.055659447829321744,0.0114652672846818
0.0,0.0,0.0,-0.004283042770103113,0.0,0.0,0.24999718750351568,0.0,0.0,0.0114652672846818,-0.1,0.0,0.0,0.0,0.00803488651581218,0.0,0.24999718750351568,0.0,-0.004283042770103113,0.0114652672846818
0.0,0.0,0.0,0.055659447829321744,0.0,0.0,0.24999718750351568,0.0,0.0,0.0114652672846818,-0.1,0.0,0.0,0.0,0.00861861758747386,0.0,0.24999718750351568,0.0,0.055659447829321744,0.0114652672846818
0.0,0.0,0.0,0.055659447829321744,0.0,0.0,0.24999718750351568,0.0,0.0,0.0,-0.1,0.0,0.0,0.0,0.008607171880186367,0.0,0.24999718750351568,0.0,0.055659447829321744,0.0
0.0,0.0,0.0,0.055659447829321744,0.0,0.0,0.24999718750351568,0.0,0.0,0.0,-0.1,0.0,0.0,0.0,-0.0408153921871602,0.0,0.24999718750351568,0.0,0.055659447829321744,0.0
0.0,0.0,0.0,0.03720013673563782,0.0,0.0,0.24999718750351568,0.0,0.0,0.0114652672846818,-0.1,0.0,0.0,0.0,-0.041387677551534385,0.0,0.24999718750351568,0.0,0.03720013673563782,0.0114652672846818
0.0,0.0,0.0,0.055659447829321744,0.0,0.0,0.24999718750351568,0.0,0.0,0.0,-0.1,0.33332833335833306,0.0,0.0,0.02926667353409108,0.0,0.24999718750351568,0.0,0.055659447829321744,0.0
0.0,0.0,0.0,0.058253403309806835,0.0,0.0,0.24999718750351568,0.0,0.0,-0.0031445256666801655,-0.1,0.0,0.0,0.0,0.00861861758747386,0.0,0.24999718750351568,0.0,0.058253403309806835,-0.0031445256666801655
0.0,0.0,0.0,0.055659447829321744,0.0,0.0,0.24999718750351568,0.0,0.0,-0.0031343161677623624,-0.1,0.0,0.0,0.0,-0.0408153921871602,0.0,0.24999718750351568,0.0,0.055659447829321744,-0.0031343161677623624
0.0,0.0,0.0,0.03720013673563782,0.0,0.0,0.24999718750351568,0.0,0.0,0.0,-0.1,0.0,0.0,0.0,-0.0408153921871602,0.0,0.24999718750351568,0.0,0.03720013673563782,0.0
0.0,0.0,0.0,0.055659447829321744,0.0,0.08333333333333148,0.24999718750351568,0.0,0.0,-0.0031343161677623624,-0.1,0.0,0.0,0.0,-0.0408153921871602,0.08333333333333148,0.24999718750351568,0.0,0.055659447829321744,-0.0031343161677623624
0.0,0.0,0.0,0.055659447829321744,0.0,0.0,0.24999718750351568,0.0,0.0,0.0,-0.1,0.0,0.0,0.0,0.00861861758747386,0.0,0.24999718750351568,0.0,0.055659447829321744,0.0
0.0,0.0,0.0,0.055659447829321744,0.0,0.0,0.24999718750351568,0.0,0.0,-0.0031343161677623624,-0.1,0.0,0.0,0.0,-0.0408153921871602,0.0,0.24999718750351568,0.0,0.055659447829321744,-0.0031343161677623624
0.0,0.0,0.0,0.055659447829321744,0.0,0.0,0.24999718750351568,0.0,0.0,0.0,-0.1,0.0,0.0,0.0,-0.0408153921871602,0.0,0.24999718750351568,0.0,0.055659447829321744,0.0
0.0,0.0,0.0,0.055659447829321744,0.0,0.0,0.24999718750351568,0.0,0.0,0.0,-0.1,0.0,0.0,0.0,-0.0408153921871602,0.0,0.24999718750351568,0.0,0.055659447829321744,0.0
0.0,0.0,0.0,0.055659447829321744,0.0,0.0,0.24999718750351568,0.0,0.0,0.0114652672846818,-0.1,0.0,0.0,0.0,0.00861861758747386,0.0,0.24999718750351568,0.0,0.055659447829321744,0.0114652672846818
0.0,0.0,0.0,0.055659447829321744,0.0,0.0,0.24999718750351568,0.0,0.0,-0.0031343161677623624,-0.1,0.0,0.0,0.0,-0.0408153921871602,0.0,0.24999718750351568,0.0,0.055659447829321744,-0.0031343161677623624
0.0,0.0,0.0,0.12758641491222786,0.0,0.0,0.24999718750351568,0.0,0.0,0.0,-0.1,0.0,0.0,0.0,-0.015211344985063316,0.0,0.24999718750351568,0.0,0.12758641491222786,0.0
0.0,0.0,0.0,0.03720013673563782,0.0,0.0,0.24999718750351568,0.0,0.0,0.0,-0.1,0.0,0.0,0.0,-0.0408153921871602,0.0,0.24999718750351568,0.0,0.03720013673563782,0.0
0.0,0.0,0.0,0.055659447829321744,0.0,0.0,0.24999718750351568,0.0,0.0,0.0,-0.1,0.0,0.0,0.0,-0.0408153921871602,0.0,0.24999718750351568,0.0,0.055659447829321744,0.0
0.0,0.0,0.0,0.055659447829321744,0.0,0.0,0.24999718750351568,0.0,0.0,0.0,-0.1,0.0,0.0,0.0,-0.0408153921871602,0.0,0.24999718750351568,0.0,0.055659447829321744,0.0
0.0,0.0,0.0,0.055659447829321744,0.0,0.0,0.24999718750351568,0.0,0.0,-0.0031445256666801655,-0.1,0.0,0.0,0.0,0.00861861758747386,0.0,0.24999718750351568,0.0,0.055659447829321744,-0.0031445256666801655
0.0,0.0,0.0,0.02871448392350859,0.0,0.0,0.24999718750351568,0.0,0.0,0.0114652672846818,-0.1,0.0,0.0,0.0,-0.041387677551534385,0.0,0.24999718750351568,0.0,0.02871448392350859,0.0114652672846818
0.0,0.0,0.0,0.055659447829321744,0.0,0.0,0.24999718750351568,0.0,0.0,0.0,-0.1,0.33332833335833306,0.0,0.0,0.02926667353409108,0.0,0.24999718750351568,0.0,0.055659447829321744,0.0
0.0,0.0,0.0,0.058253403309806835,0.0,0.0,0.24999718750351568,0.0,0.0,-0.0031445256666801655,-0.1,0.0,0.0,0.0,0.00861861758747386,0.0,0.24999718750351568,0.0,0.058253403309806835,-0.0031445256666801655
0.0,0.0,0.0,0.055659447829321744,0.0,0.08333333333333148,0.24999718750351568,0.0,0.0,-0.0031445256666801655,-0.1,0.33332833335833306,0.0,0.0,0.02926667353409108,0.08333333333333148,0.24999718750351568,0.0,0.055659447829321744,-0.0031445256666801655
0.0,0.0,0.0,0.03720013673563782,0.0,0.0,0.24999718750351568,0.0,0.0,0.0114652672846818,-0.1,0.0,0.0,0.0,-0.041387677551534385,0.0,0.24999718750351568,0.0,0.03720013673563782,0.0114652672846818
0.0,0.0,0.0,0.055659447829321744,0.0,0.0,0.24999718750351568,0.0,0.0,0.0,-0.1,0.0,0.0,0.0,0.008607171880186367,0.0,0.24999718750351568,0.0,0.055659447829321744,0.0
0.0,0.0,0.0,0.12758641491222786,0.0,0.0,0.24999718750351568,0.0,0.0,0.0114652672846818,-0.1,0.33332833335833306,0.0,0.0,0.029049205095628867,0.0,0.24999718750351568,0.0,0.12758641491222786,0.0114652672846818
0.0,0.0,0.0,0.055659447829321744,0.0,0.08333333333333148,0.24999718750351568,0.0,0.0,-0.0031445256666801655,-0.1,0.33332833335833306,0.0,0.0,0.02926667353409108,0.08333333333333148,0.24999718750351568,0.0,0.055659447829321744,-0.0031445256666801655
0.0,0.0,0.0,0.12758641491222786,0.0,0.0,0.24999718750351568,0.0,0.0,0.0,-0.1,0.0,0.0,0.0,-0.015211344985063316,0.0,0.24999718750351568,0.0,0.12758641491222786,0.0
0.0,0.0,0.0,-0.004323259134141681,0.0,0.08333333333333148,0.24999718750351568,0.0,0.0,0.0,-0.1,0.0,0.0,0.0,0.008607171880186367,0.08333333333333148,0.24999718750351568,0.0,-0.004323259134141681,0.0
0.0,0.0,0.0,0.02871448392350859,0.0,0.0,0.24999718750351568,0.0,0.0,0.0114652672846818,-0.1,0.0,0.0,0.0,-0.041387677551534385,0.0,0.24999718750351568,0.0,0.02871448392350859,0.0114652672846818
0.0,0.0,0.0,0.05748929239307475,0.0,0.08333333333333148,0.24999718750351568,0.0,0.0,-0.0031343161677623624,-0.1,0.0,0.0,0.0,-0.015199899277775823,0.08333333333333148,0.24999718750351568,0.0,0.05748929239307475,-0.0031343161677623624
0.0,0.0,0.0,0.055659447829321744,0.0,0.08333333333333148,0.24999718750351568,0.0,0.0,-0.0031343161677623624,-0.1,0.0,0.0,0.0,-0.015234236399638302,0.08333333333333148,0.24999718750351568,0.0,0.055659447829321744,-0.0031343161677623624
0.0,0.0,0.0,0.058253403309806835,0.0,0.0,0.24999718750351568,0.0,0.0,-0.0031445256666801655,-0.1,0.0,0.0,0.0,0.008607171880186367,0.0,0.24999718750351568,0.0,0.058253403309806835,-0.0031445256666801655
0.0,0.0,0.0,0.055659447829321744,0.0,0.0,0.24999718750351568,0.0,0.0,0.0114652672846818,-0.1,0.0,0.0,0.0,-0.0408153921871602,0.0,0.24999718750351568,0.0,0.055659447829321744,0.0114652672846818
0.0,0.0,0.0,0.12758641491222786,0.0,0.0,0.24999718750351568,0.0,0.0,0.0,-0.1,0.0,0.0,0.0,-0.015211344985063316,0.0,0.24999718750351568,0.0,0.12758641491222786,0.0
0.0,0.0,0.0,0.055659447829321744,0.0,0.0,0.24999718750351568,0.0,0.0,0.0,-0.1,0.0,0.0,0.0,0.00861861758747386,0.0,0.24999718750351568,0.0,0.055659447829321744,0.0
0.0,0.0,0.0,-0.004283042770103113,0.0,0.08333333333333148,0.24999718750351568,0.0,0.0,0.0,-0.1,0.0,0.0,0.0,-0.0408153921871602,0.08333333333333148,0.24999718750351568,0.0,-0.004283042770103113,0.0
0.0,0.0,0.0,0.058253403309806835,0.0,0.0,0.24999718750351568,0.0,0.0,-0.0031343161677623624,-0.1,0.0,0.0,0.0,-0.0408153921871602,0.0,0.24999718750351568,0.0,0.058253403309806835,-0.0031343161677623624
0.0,0.0,0.0,0.14242625324244448,0.0,0.0,0.24999718750351568,0.0,0.0,-0.0031343161677623624,-0.1,0.0,0.0,0.0,-0.015405922008950542,0.0,0.24999718750351568,0.0,0.14242625324244448,-0.0031343161677623624
0.0,0.0,0.0,0.02871448392350859,0.0,0.0,0.24999718750351568,0.0,0.0,0.0114652672846818,-0.1,0.0,0.0,0.0,-0.041387677551534385,0.0,0.24999718750351568,0.0,0.02871448392350859,0.0114652672846818
0.0,0.0,0.0,0.055659447829321744,0.0,0.0,0.24999718750351568,0.0,0.0,-0.0031445256666801655,-0.1,0.33332833335833306,0.0,0.0,0.02926667353409108,0.0,0.24999718750351568,0.0,0.055659447829321744,-0.0031445256666801655
0.0,0.0,0.0,0.12758641491222786,0.0,0.0,0.24999718750351568,0.0,0.0,0.0114652672846818,-0.1,0.0,0.0,0.0,-0.015211344985063316,0.0,0.24999718750351568,0.0,0.12758641491222786,0.0114652672846818
0.0,0.0,0.0,-0.004323259134141681,0.0,0.0,0.24999718750351568,0.0,0.0,0.0114652672846818,-0.1,0.0,0.0,0.0,0.00803488651581218,0.0,0.24999718750351568,0.0,-0.004323259134141681,0.0114652672846818
0.0,0.0,0.0,-0.004283042770103113,0.0,0.0,0.24999718750351568,0.0,0.0,0.0114652672846818,-0.1,0.0,0.0,0.0,0.00803488651581218,0.0,0.24999718750351568,0.0,-0.004283042770103113,0.0114652672846818
0.0,0.0,0.0,0.03720013673563782,0.0,0.0,0.24999718750351568,0.0,0.0,0.0,-0.1,0.0,0.0,0.0,-0.0408153921871602,0.0,0.24999718750351568,0.0,0.03720013673563782,0.0
0.0,0.0,0.0,0.055659447829321744,0.0,0.08333333333333148,0.24999718750351568,0.0,0.0,-0.0031445256666801655,-0.1,0.0,0.0,0.0,0.00861861758747386,0.08333333333333148,0.24999718750351568,0.0,0.055659447829321744,-0.0031445256666801655
0.0,0.0,0.0,0.055659447829321744,0.0,0.0,0.24999718750351568,0.0,0.0,-0.0031445256666801655,-0.1,0.33332833335833306,0.0,0.0,0.02926667353409108,0.0,0.24999718750351568,0.0,0.055659447829321744,-0.0031445256666801655
0.0,0.0,0.0,0.058253403309806835,0.0,0.0,0.24999718750351568,0.0,0.0,-0.0031445256666801655,-0.1,0.0,0.0,0.0,0.008607171880186367,0.0,0.24999718750351568,0.0,0.058253403309806835,-0.0031445256666801655
0.0,0.0,0.0,0.055659447829321744,0.0,0.0,0.24999718750351568,0.0,0.0,-0.0031445256666801655,-0.1,0.33332833335833306,0.0,0.0,0.02926667353409108,0.0,0.24999718750351568,0.0,0.055659447829321744,-0.0031445256666801655
0.0,0.0,0.0,0.058253403309806835,0.0,0.0,0.24999718750351568,0.0,0.0,-0.0031445256666801655,-0.1,0.33332833335833306,0.0,0.0,0.02926667353409108,0.0,0.24999718750351568,0.0,0.058253403309806835,-0.0031445256666801655
0.0,0.0,0.0,0.055659447829321744,0.0,0.0,0.24999718750351568,0.0,0.0,-0.0031343161677623624,-0.1,0.0,0.0,0.0,-0.0408153921871602,0.0,0.24999718750351568,0.0,0.055659447829321744,-0.0031343161677623624
0.0,0.0,0.0,-0.004283042770103113,0.0,0.08333333333333148,0.24999718750351568,0.0,0.0,0.0,-0.1,0.0,0.0,0.0,-0.0408153921871602,0.08333333333333148,0.24999718750351568,0.0,-0.004283042770103113,0.0
0.0,0.0,0.0,-0.004283042770103113,0.0,0.08333333333333148,0.24999718750351568,0.0,0.0,0.0,-0.1,0.0,0.0,0.0,-0.0408153921871602,0.08333333333333148,0.24999718750351568,0.0,-0.004283042770103113,0.0
0.0,0.0,0.0,0.03720013673563782,0.0,0.0,0.24999718750351568,0.0,0.0,0.0114652672846818,-0.1,0.0,0.0,0.0,0.00803488651581218,0.0,0.24999718750351568,0.0,0.03720013673563782,0.0114652672846818
0.0,0.0,0.0,0.03720013673563782,0.0,0.0,0.24999718750351568,0.0,0.0,0.0,-0.1,0.0,0.0,0.0,0.00861861758747386,0.0,0.24999718750351568,0.0,0.03720013673563782,0.0
0.0,0.0,0.0,0.03720013673563782,0.0,0.0,0.24999718750351568,0.0,0.0,0.0114652672846818,-0.1,0.0,0.0,0.0,-0.041387677551534385,0.0,0.24999718750351568,0.0,0.03720013673563782,0.0114652672846818
0.0,0.0,0.0,-0.004283042770103113,0.0,0.08333333333333148,0.24999718750351568,0.0,0.0,0.0,-0.1,0.0,0.0,0.0,0.00861861758747386,0.08333333333333148,0.24999718750351568,0.0,-0.004283042770103113,0.0
0.0,0.0,0.0,0.12758641491222786,0.0,0.0,0.24999718750351568,0.0,0.0,0.0114652672846818,-0.1,0.33332833335833306,0.0,0.0,0.029049205095628867,0.0,0.24999718750351568,0.0,0.12758641491222786,0.0114652672846818
0.0,0.0,0.0,0.058253403309806835,0.0,0.0,0.24999718750351568,0.0,0.0,-0.0031343161677623624,-0.1,0.0,0.0,0.0,-0.0408153921871602,0.0,0.24999718750351568,0.0,0.058253403309806835,-0.0031343161677623624
0.0,0.0,0.0,0.055659447829321744,0.0,0.0,0.24999718750351568,0.0,0.0,0.0114652672846818,-0.1,0.0,0.0,0.0,0.00861861758747386,0.0,0.24999718750351568,0.0,0.055659447829321744,0.0114652672846818
0.0,0.0,0.0,0.055659447829321744,0.0,0.0,0.24999718750351568,0.0,0.0,0.0114652672846818,-0.1,0.33332833335833306,0.0,0.0,0.02926667353409108,0.0,0.24999718750351568,0.0,0.055659447829321744,0.0114652672846818
0.0,0.0,0.0,0.12758641491222786,0.0,0.0,0.24999718750351568,0.0,0.0,0.0,-0.1,0.33332833335833306,0.0,0.0,0.029049205095628867,0.0,0.24999718750351568,0.0,0.12758641491222786,0.0
0.0,0.0,0.0,0.1077597474412339,0.0,0.08333333333333148,0.24999718750351568,0.0,0.0,-0.0031343161677623624,-0.1,0.0,0.0,0.0,-0.015188453570488487,0.08333333333333148,0.24999718750351568,0.0,0.1077597474412339,-0.0031343161677623624
0.0,0.0,0.0,0.055659447829321744,0.0,0.0,0.24999718750351568,0.0,0.0,0.0114652672846818,-0.1,0.0,0.0,0.0,-0.0408153921871602,0.0,0.24999718750351568,0.0,0.055659447829321744,0.0114652672846818
0.0,0.0,0.0,0.03720013673563782,0.0,0.0,0.24999718750351568,0.0,0.0,0.0,-0.1,0.0,0.0,0.0,-0.0408153921871602,0.0,0.24999718750351568,0.0,0.03720013673563782,0.0
0.0,0.0,0.0,0.055659447829321744,0.0,0.0,0.24999718750351568,0.0,0.0,0.0114652672846818,-0.1,0.0,0.0,0.0,0.00861861758747386,0.0,0.24999718750351568,0.0,0.055659447829321744,0.0114652672846818
0.0,0.0,0.0,0.055659447829321744,0.0,0.0,0.24999718750351568,0.0,0.0,0.0,-0.1,0.0,0.0,0.0,0.008607171880186367,0.0,0.24999718750351568,0.0,0.055659447829321744,0.0
0.0,0.0,0.0,0.055659447829321744,0.0,0.0,0.24999718750351568,0.0,0.0,-0.0031445256666801655,-0.1,0.0,0.0,0.0,0.00861861758747386,0.0,0.24999718750351568,0.0,0.055659447829321744,-0.0031445256666801655
0.0,0.0,0.0,0.055659447829321744,0.0,0.0,0.24999718750351568,0.0,0.0,-0.0031445256666801655,-0.1,0.0,0.0,0.0,0.00861861758747386,0.0,0.24999718750351568,0.0,0.055659447829321744,-0.0031445256666801655
0.0,0.0,0.0,0.055659447829321744,0.0,0.0,0.24999718750351568,0.0,0.0,0.0,-0.1,0.0,0.0,0.0,-0.0408153921871602,0.0,0.24999718750351568,0.0,0.055659447829321744,0.0
0.0,0.0,0.0,-0.004283042770103113,0.0,0.08333333333333148,0.24999718750351568,0.0,0.0,0.0,-0.1,0.33332833335833306,0.0,0.0,0.02926667353409108,0.08333333333333148,0.24999718750351568,0.0,-0.004283042770103113,0.0
0.0,0.0,0.0,0.055659447829321744,0.0,0.0,0.24999718750351568,0.0,0.0,-0.0031343161677623624,-0.1,0.0,0.0,0.0,-0.015234236399638302,0.0,0.24999718750351568,0.0,0.055659447829321744,-0.0031343161677623624
0.0,0.0,0.0,0.03720013673563782,0.0,0.0,0.24999718750351568,0.0,0.0,0.0,-0.1,0.0,0.0,0.0,-0.0408153921871602,0.0,0.24999718750351568,0.0,0.03720013673563782,0.0
0.0,0.0,0.0,-0.004283042770103113,0.0,0.08333333333333148,0.24999718750351568,0.0,0.0,0.0,-0.1,0.0,0.0,0.0,0.00861861758747386,0.08333333333333148,0.24999718750351568,0.0,-0.004283042770103113,0.0
0.0,0.0,0.0,0.055659447829321744,0.0,0.08333333333333148,0.24999718750351568,0.0,0.0,-0.0031343161677623624,-0.1,0.0,0.0,0.0,-0.0408153921871602,0.08333333333333148,0.24999718750351568,0.0,0.055659447829321744,-0.0031343161677623624
0.0,0.0,0.0,0.12758641491222786,0.0,0.0,0.24999718750351568,0.0,0.0,0.0,-0.1,0.0,0.0,0.0,0.008401149149011647,0.0,0.24999718750351568,0.0,0.12758641491222786,0.0
0.0,0.0,0.0,0.055659447829321744,0.0,0.0,0.24999718750351568,0.0,0.0,0.0,-0.1,0.0,0.0,0.0,0.008607171880186367,0.0,0.24999718750351568,0.0,0.055659447829321744,0.0
0.0,0.0,0.0,0.03720013673563782,0.0,0.0,0.24999718750351568,0.0,0.0,0.0114652672846818,-0.1,0.0,0.0,0.0,0.00803488651581218,0.0,0.24999718750351568,0.0,0.03720013673563782,0.0114652672846818
0.0,0.0,0.0,-0.004323259134141681,0.0,0.08333333333333148,0.24999718750351568,0.0,0.0,0.0,-0.1,0.0,0.0,0.0,-0.0408153921871602,0.08333333333333148,0.24999718750351568,0.0,-0.004323259134141681,0.0
0.0,0.0,0.0,0.058253403309806835,0.0,0.0,0.24999718750351568,0.0,0.0,-0.0031343161677623624,-0.1,0.0,0.0,0.0,-0.0408153921871602,0.0,0.24999718750351568,0.0,0.058253403309806835,-0.0031343161677623624
0.0,0.0,0.0,0.055659447829321744,0.0,0.08333333333333148,0.24999718750351568,0.0,0.0,-0.0031343161677623624,-0.1,0.0,0.0,0.0,-0.0408153921871602,0.08333333333333148,0.24999718750351568,0.0,0.055659447829321744,-0.0031343161677623624
0.0,0.0,0.0,0.03720013673563782,0.0,0.0,0.24999718750351568,0.0,0.0,0.0114652672846818,-0.1,0.0,0.0,0.0,0.00803488651581218,0.0,0.24999718750351568,0.0,0.03720013673563782,0.0114652672846818
0.0,0.0,0.0,0.14242625324244448,0.0,0.0,0.24999718750351568,0.0,0.0,-0.0031445256666801655,-0.1,0.33332833335833306,0.0,0.0,0.028866073779029135,0.0,0.24999718750351568,0.0,0.14242625324244448,-0.0031445256666801655
0.0,0.0,0.0,0.055659447829321744,0.0,0.08333333333333148,0.24999718750351568,0.0,0.0,-0.0031343161677623624,-0.1,0.0,0.0,0.0,-0.0408153921871602,0.08333333333333148,0.24999718750351568,0.0,0.055659447829321744,-0.0031343161677623624
0.0,0.0,0.0,0.14646799782831646,0.0,0.08333333333333148,0.24999718750351568,0.0,0.0,-0.0031445256666801655,-0.1,0.0,0.0,0.0,0.008218017832411913,0.08333333333333148,0.24999718750351568,0.0,0.14646799782831646,-0.0031445256666801655
0.0,0.0,0.0,-0.004283042770103113,0.0,0.08333333333333148,0.24999718750351568,0.0,0.0,0.0,-0.1,0.33332833335833306,0.0,0.0,0.02926667353409108,0.08333333333333148,0.24999718750351568,0.0,-0.004283042770103113,0.0
0.0,0.0,0.0,0.058253403309806835,0.0,0.0,0.24999718750351568,0.0,0.0,-0.0031343161677623624,-0.1,0.0,0.0,0.0,-0.0408153921871602,0.0,0.24999718750351568,0.0,0.058253403309806835,-0.0031343161677623624
0.0,0.0,0.0,-0.004323259134141681,0.0,0.08333333333333148,0.24999718750351568,0.0,0.0,0.0,-0.1,0.0,0.0,0.0,0.00861861758747386,0.08333333333333148,0.24999718750351568,0.0,-0.004323259134141681,0.0
0.0,0.0,0.0,0.058253403309806835,0.0,0.0,0.24999718750351568,0.0,0.0,-0.0031445256666801655,-0.1,0.0,0.0,0.0,0.00861861758747386,0.0,0.24999718750351568,0.0,0.058253403309806835,-0.0031445256666801655
0.0,0.0,0.0,0.055659447829321744,0.0,0.0,0.24999718750351568,0.0,0.0,0.0,-0.1,0.0,0.0,0.0,-0.0408153921871602,0.0,0.24999718750351568,0.0,0.055659447829321744,0.0
0.0,0.0,0.0,0.058253403309806835,0.0,0.0,0.24999718750351568,0.0,0.0,-0.0031445256666801655,-0.1,0.0,0.0,0.0,0.00861861758747386,0.0,0.24999718750351568,0.0,0.058253403309806835,-0.0031445256666801655
0.0,0.0,0.0,0.055659447829321744,0.0,0.0,0.24999718750351568,0.0,0.0,0.0,-0.1,0.33332833335833306,0.0,0.0,0.02926667353409108,0.0,0.24999718750351568,0.0,0.055659447829321744,0.0
0.0,0.0,0.0,0.03720013673563782,0.0,0.0,0.24999718750351568,0.0,0.0,0.0114652672846818,-0.1,0.0,0.0,0.0,0.00803488651581218,0.0,0.24999718750351568,0.0,0.03720013673563782,0.0114652672846818
0.0,0.0,0.0,-0.004283042770103113,0.0,0.08333333333333148,0.24999718750351568,0.0,0.0,0.0,-0.1,0.0,0.0,0.0,-0.0408153921871602,0.08333333333333148,0.24999718750351568,0.0,-0.004283042770103113,0.0
0.0,0.0,0.0,0.14242625324244448,0.0,0.0,0.24999718750351568,0.0,0.0,-0.0031343161677623624,-0.1,0.0,0.0,0.0,-0.015405922008950542,0.0,0.24999718750351568,0.0,0.14242625324244448,-0.0031343161677623624
0.0,0.0,0.0,0.058253403309806835,0.0,0.0,0.24999718750351568,0.0,0.0,-0.0031343161677623624,-0.1,0.0,0.0,0.0,-0.0408153921871602,0.0,0.24999718750351568,0.0,0.058253403309806835,-0.0031343161677623624
0.0,0.0,0.0,0.058253403309806835,0.0,0.0,0.24999718750351568,0.0,0.0,-0.0031445256666801655,-0.1,0.33332833335833306,0.0,0.0,0.02926667353409108,0.0,0.24999718750351568,0.0,0.058253403309806835,-0.0031445256666801655
0.0,0.0,0.0,0.058253403309806835,0.0,0.0,0.24999718750351568,0.0,0.0,-0.0031445256666801655,-0.1,0.0,0.0,0.0,0.00861861758747386,0.0,0.24999718750351568,0.0,0.058253403309806835,-0.0031445256666801655
0.0,0.0,0.0,0.03720013673563782,0.0,0.0,0.24999718750351568,0.0,0.0,0.0114652672846818,-0.1,0.0,0.0,0.0,-0.041387677551534385,0.0,0.24999718750351568,0.0,0.03720013673563782,0.0114652672846818
0.0,0.0,0.0,0.055659447829321744,0.0,0.0,0.24999718750351568,0.0,0.0,0.0114652672846818,-0.1,0.0,0.0,0.0,0.00861861758747386,0.0,0.24999718750351568,0.0,0.055659447829321744,0.0114652672846818
0.0,0.0,0.0,0.055659447829321744,0.0,0.0,0.24999718750351568,0.0,0.0,0.0114652672846818,-0.1,0.0,0.0,0.0,-0.0408153921871602,0.0,0.24999718750351568,0.0,0.055659447829321744,0.0114652672846818
0.0,0.0,0.0,-0.004283042770103113,0.0,0.0,0.24999718750351568,0.0,0.0,0.0114652672846818,-0.1,0.0,0.0,0.0,0.00803488651581218,0.0,0.24999718750351568,0.0,-0.004283042770103113,0.0114652672846818
0.0,0.0,0.0,-0.004283042770103113,0.0,0.0,0.24999718750351568,0.0,0.0,0.0114652672846818,-0.1,0.0,0.0,0.0,-0.041387677551534385,0.0,0.24999718750351568,0.0,-0.004283042770103113,0.0114652672846818
0.0,0.0,0.0,0.055659447829321744,0.0,0.0,0.24999718750351568,0.0,0.0,-0.0031445256666801655,-0.1,0.0,0.0,0.0,0.00861861758747386,0.0,0.24999718750351568,0.0,0.055659447829321744,-0.0031445256666801655
0.0,0.0,0.0,0.03720013673563782,0.0,0.0,0.24999718750351568,0.0,0.0,0.0,-0.1,0.0,0.0,0.0,-0.0408153921871602,0.0,0.24999718750351568,0.0,0.03720013673563782,0.0
0.0,0.0,0.0,0.055659447829321744,0.0,0.0,0.24999718750351568,0.0,0.0,0.0,-0.1,0.0,0.0,0.0,-0.0408153921871602,0.0,0.24999718750351568,0.0,0.055659447829321744,0.0
0.0,0.0,0.0,0.03720013673563782,0.0,0.0,0.24999718750351568,0.0,0.0,0.0114652672846818,-0.1,0.0,0.0,0.0,-0.041387677551534385,0.0,0.24999718750351568,0.0,0.03720013673563782,0.0114652672846818
0.0,0.0,0.0,-0.004283042770103113,0.0,0.0,0.24999718750351568,0.0,0.0,0.0114652672846818,-0.1,0.0,0.0,0.0,-0.041387677551534385,0.0,0.24999718750351568,0.0,-0.004283042770103113,0.0114652672846818
0.0,0.0,0.0,0.058253403309806835,0.0,0.0,0.24999718750351568,0.0,0.0,-0.0031343161677623624,-0.1,0.0,0.0,0.0,-0.0408153921871602,0.0,0.24999718750351568,0.0,0.058253403309806835,-0.0031343161677623624
0.0,0.0,0.0,0.03720013673563782,0.0,0.0,0.24999718750351568,0.0,0.0,0.0,-0.1,0.0,0.0,0.0,-0.0408153921871602,0.0,0.24999718750351568,0.0,0.03720013673563782,0.0
0.0,0.0,0.0,0.12758641491222786,0.0,0.0,0.24999718750351568,0.0,0.0,0.0114652672846818,-0.1,0.0,0.0,0.0,-0.015211344985063316,0.0,0.24999718750351568,0.0,0.12758641491222786,0.0114652672846818
0.0,0.0,0.0,0.03720013673563782,0.0,0.0,0.24999718750351568,0.0,0.0,0.0,-0.1,0.33332833335833306,0.0,0.0,0.02926667353409108,0.0,0.24999718750351568,0.0,0.03720013673563782,0.0
0.0,0.0,0.0,0.058253403309806835,0.0,0.0,0.24999718750351568,0.0,0.0,-0.0031445256666801655,-0.1,0.0,0.0,0.0,0.00861861758747386,0.0,0.24999718750351568,0.0,0.058253403309806835,-0.0031445256666801655
0.0,0.0,0.0,0.02871448392350859,0.0,0.0,0.24999718750351568,0.0,0.0,0.0114652672846818,-0.1,0.0,0.0,0.0,-0.041387677551534385,0.0,0.24999718750351568,0.0,0.02871448392350859,0.0114652672846818
0.0,0.0,0.0,0.055659447829321744,0.0,0.0,0.24999718750351568,0.0,0.0,0.0,-0.1,0.0,0.0,0.0,0.008607171880186367,0.0,0.24999718750351568,0.0,0.055659447829321744,0.0
0.0,0.0,0.0,0.055659447829321744,0.0,0.08333333333333148,0.24999718750351568,0.0,0.0,-0.0031445256666801655,-0.1,0.0,0.0,0.0,0.008424040563586633,0.08333333333333148,0.24999718750351568,0.0,0.055659447829321744,-0.0031445256666801655
0.0,0.0,0.0,0.058253403309806835,0.0,0.0,0.24999718750351568,0.0,0.0,-0.0031343161677623624,-0.1,0.0,0.0,0.0,-0.0408153921871602,0.0,0.24999718750351568,0.0,0.058253403309806835,-0.0031343161677623624
0.0,0.0,0.0,0.055659447829321744,0.0,0.0,0.24999718750351568,0.0,0.0,-0.0031445256666801655,-0.1,0.0,0.0,0.0,0.00861861758747386,0.0,0.24999718750351568,0.0,0.055659447829321744,-0.0031445256666801655
0.0,0.0,0.0,-0.004283042770103113,0.0,0.0,0.24999718750351568,0.0,0.0,0.0114652672846818,-0.1,0.0,0.0,0.0,-0.041387677551534385,0.0,0.24999718750351568,0.0,-0.004283042770103113,0.0114652672846818
0.0,0.0,0.0,-0.004323259134141681,0.0,0.0,0.24999718750351568,0.0,0.0,0.0114652672846818,-0.1,0.0,0.0,0.0,0.00803488651581218,0.0,0.24999718750351568,0.0,-0.004323259134141681,0.0114652672846818
0.0,0.0,0.0,0.12758641491222786,0.0,0.0,0.24999718750351568,0.0,0.0,0.0114652672846818,-0.1,0.0,0.0,0.0,0.008401149149011647,0.0,0.24999718750351568,0.0,0.12758641491222786,0.0114652672846818
0.0,0.0,0.0,0.055659447829321744,0.0,0.0,0.24999718750351568,0.0,0.0,-0.0031343161677623624,-0.1,0.0,0.0,0.0,-0.0408153921871602,0.0,0.24999718750351568,0.0,0.055659447829321744,-0.0031343161677623624
0.0,0.0,0.0,-0.004283042770103113,0.0,0.08333333333333148,0.24999718750351568,0.0,0.0,0.0,-0.1,0.0,0.0,0.0,-0.0408153921871602,0.08333333333333148,0.24999718750351568,0.0,-0.004283042770103113,0.0
0.0,0.0,0.0,0.058253403309806835,0.0,0.0,0.24999718750351568,0.0,0.0,-0.0031445256666801655,-0.1,0.33332833335833306,0.0,0.0,0.02926667353409108,0.0,0.24999718750351568,0.0,0.058253403309806835,-0.0031445256666801655
0.0,0.0,0.0,0.03720013673563782,0.0,0.0,0.24999718750351568,0.0,0.0,0.0114652672846818,-0.1,0.0,0.0,0.0,0.00803488651581218,0.0,0.24999718750351568,0.0,0.03720013673563782,0.0114652672846818
0.0,0.0,0.0,0.055659447829321744,0.0,0.0,0.24999718750351568,0.0,0.0,0.0114652672846818,-0.1,0.0,0.0,0.0,0.008607171880186367,0.0,0.24999718750351568,0.0,0.055659447829321744,0.0114652672846818
0.0,0.0,0.0,0.055659447829321744,0.0,0.0,0.24999718750351568,0.0,0.0,-0.0031343161677623624,-0.1,0.0,0.0,0.0,-0.0408153921871602,0.0,0.24999718750351568,0.0,0.055659447829321744,-0.0031343161677623624
0.0,0.0,0.0,0.055659447829321744,0.0,0.0,0.24999718750351568,0.0,0.0,0.0114652672846818,-0.1,0.0,0.0,0.0,0.008607171880186367,0.0,0.24999718750351568,0.0,0.055659447829321744,0.0114652672846818
0.0,0.0,0.0,0.058253403309806835,0.0,0.0,0.24999718750351568,0.0,0.0,-0.0031343161677623624,-0.1,0.0,0.0,0.0,-0.0408153921871602,0.0,0.24999718750351568,0.0,0.058253403309806835,-0.0031343161677623624
0.0,0.0,0.0,0.058253403309806835,0.0,0.0,0.24999718750351568,0.0,0.0,-0.0031343161677623624,-0.1,0.0,0.0,0.0,-0.0408153921871602,0.0,0.24999718750351568,0.0,0.058253403309806835,-0.0031343161677623624
0.0,0.0,0.0,0.055659447829321744,0.0,0.0,0.24999718750351568,0.0,0.0,0.0,-0.1,0.0,0.0,0.0,-0.0408153921871602,0.0,0.24999718750351568,0.0,0.055659447829321744,0.0
0.0,0.0,0.0,0.03720013673563782,0.0,0.0,0.24999718750351568,0.0,0.0,0.0114652672846818,-0.1,0.0,0.0,0.0,0.00803488651581218,0.0,0.24999718750351568,0.0,0.03720013673563782,0.0114652672846818
0.0,0.0,0.0,0.055659447829321744,0.0,0.0,0.24999718750351568,0.0,0.0,-0.0031445256666801655,-0.1,0.33332833335833306,0.0,0.0,0.02926667353409108,0.0,0.24999718750351568,0.0,0.055659447829321744,-0.0031445256666801655
0.0,0.0,0.0,0.055659447829321744,0.0,0.0,0.24999718750351568,0.0,0.0,-0.0031445256666801655,-0.1,0.0,0.0,0.0,0.008607171880186367,0.0,0.24999718750351568,0.0,0.055659447829321744,-0.0031445256666801655
0.0,0.0,0.0,0.02871448392350859,0.0,0.0,0.24999718750351568,0.0,0.0,0.0114652672846818,-0.1,0.0,0.0,0.0,-0.041387677551534385,0.0,0.24999718750351568,0.0,0.02871448392350859,0.0114652672846818
0.0,0.0,0.0,0.055659447829321744,0.0,0.0,0.24999718750351568,0.0,0.0,0.0,-0.1,0.0,0.0,0.0,-0.0408153921871602,0.0,0.24999718750351568,0.0,0.055659447829321744,0.0
0.0,0.0,0.0,0.03720013673563782,0.0,0.0,0.24999718750351568,0.0,0.0,0.0,-0.1,0.0,0.0,0.0,0.00861861758747386,0.0,0.24999718750351568,0.0,0.03720013673563782,0.0
0.0,0.0,0.0,-0.004323259134141681,0.0,0.08333333333333148,0.24999718750351568,0.0,0.0,0.0,-0.1,0.33332833335833306,0.0,0.0,0.02926667353409108,0.08333333333333148,0.24999718750351568,0.0,-0.004323259134141681,0.0
0.0,0.0,0.0,0.058253403309806835,0.0,0.0,0.24999718750351568,0.0,0.0,-0.0031343161677623624,-0.1,0.0,0.0,0.0,-0.0408153921871602,0.0,0.24999718750351568,0.0,0.058253403309806835,-0.0031343161677623624
0.0,0.0,0.0,0.03720013673563782,0.0,0.0,0.24999718750351568,0.0,0.0,0.0114652672846818,-0.1,0.0,0.0,0.0,-0.041387677551534385,0.0,0.24999718750351568,0.0,0.03720013673563782,0.0114652672846818
0.0,0.0,0.0,0.03720013673563782,0.0,0.0,0.24999718750351568,0.0,0.0,0.0,-0.1,0.0,0.0,0.0,0.008607171880186367,0.0,0.24999718750351568,0.0,0.03720013673563782,0.0
0.0,0.0,0.0,0.055659447829321744,0.0,0.0,0.24999718750351568,0.0,0.0,-0.0031445256666801655,-0.1,0.0,0.0,0.0,0.00861861758747386,0.0,0.24999718750351568,0.0,0.055659447829321744,-0.0031445256666801655
0.0,0.0,0.0,0.055659447829321744,0.0,0.0,0.24999718750351568,0.0,0.0,-0.0031445256666801655,-0.1,0.0,0.0,0.0,0.008424040563586633,0.0,0.24999718750351568,0.0,0.055659447829321744,-0.0031445256666801655
0.0,0.0,0.0,0.03720013673563782,0.0,0.0,0.24999718750351568,0.0,0.0,0.0,-0.1,0.0,0.0,0.0,0.00861861758747386,0.0,0.24999718750351568,0.0,0.03720013673563782,0.0
0.0,0.0,0.0,0.03720013673563782,0.0,0.0,0.24999718750351568,0.0,0.0,0.0,-0.1,0.0,0.0,0.0,0.00861861758747386,0.0,0.24999718750351568,0.0,0.03720013673563782,0.0
0.0,0.0,0.0,0.055659447829321744,0.0,0.0,0.24999718750351568,0.0,0.0,0.0114652672846818,-0.1,0.0,0.0,0.0,-0.0408153921871602,0.0,0.24999718750351568,0.0,0.055659447829321744,0.0114652672846818
0.0,0.0,0.0,0.055659447829321744,0.0,0.0,0.24999718750351568,0.0,0.0,-0.0031343161677623624,-0.1,0.0,0.0,0.0,-0.0408153921871602,0.0,0.24999718750351568,0.0,0.055659447829321744,-0.0031343161677623624
0.0,0.0,0.0,0.055659447829321744,0.0,0.08333333333333148,0.24999718750351568,0.0,0.0,-0.0031343161677623624,-0.1,0.0,0.0,0.0,-0.0408153921871602,0.08333333333333148,0.24999718750351568,0.0,0.055659447829321744,-0.0031343161677623624
0.0,0.0,0.0,0.055659447829321744,0.0,0.08333333333333148,0.24999718750351568,0.0,0.0,-0.0031445256666801655,-0.1,0.33332833335833306,0.0,0.0,0.02926667353409108,0.08333333333333148,0.24999718750351568,0.0,0.055659447829321744,-0.0031445256666801655
0.0,-0.5,0.0,0.0,0.0,0.16666666666666483,0.0,0.0,0.0,-0.006483031812798594,0.1,0.0,0.0,0.0,-0.07657178175325345,0.16666666666666483,0.0,0.0,0.0,-0.006483031812798594
0.0,-0.5,0.0,-0.03343990669803539,0.0,0.3333333333333315,0.0,0.0,0.0,-0.006483031812798594,0.1,0.0,0.0,0.0,-0.12380821572869104,0.3333333333333315,0.0,0.0,-0.03086605939956958,-0.006483031812798594
0.0,-0.5,0.0,-0.01912288110031973,0.0,0.3333333333333315,0.0,0.0,0.0,-0.006483031812798594,0.0,0.0,0.0,0.0,-0.043425013448706126,0.3333333333333315,0.0,0.0,-0.01912288110031973,-0.006483031812798594
0.0,-0.5,0.0,-0.01912288110031973,0.0,0.3333333333333315,0.0,0.0,0.0,-0.005819414383141945,0.0,0.0,0.0,0.0,-0.02119744989641642,0.3333333333333315,0.0,0.0,-0.01912288110031973,-0.005819414383141945
0.0,-0.5,0.0,-0.030524220305242176,0.0,0.24999999999999814,0.0,0.0,0.0,-0.006483031812798594,0.1,0.0,0.0,0.0,-0.12447206675136485,0.24999999999999814,0.0,0.0,-0.030524220305242176,-0.006483031812798594
0.0,-0.5,0.0,0.0,0.0,0.16666666666666483,0.0,0.0,0.0,-0.006483031812798594,0.1,0.0,0.0,0.0,-0.12419736977646532,0.16666666666666483,0.0,0.0,0.0,-0.006483031812798594
0.0,-0.5,0.0,0.0,0.0,0.16666666666666483,0.0,0.0,0.0,-0.006483031812798594,0.1,0.0,0.0,0.0,-0.12419736977646532,0.16666666666666483,0.0,0.0,0.0,-0.006483031812798594
0.0,-0.5,0.0,0.0,0.0,0.16666666666666483,0.0,0.0,0.0,-0.006483031812798594,0.1,0.0,0.0,0.0,-0.12415158694731536,0.16666666666666483,0.0,0.0,0.0,-0.006483031812798594
0.0,-0.5,0.0,-0.030524220305242176,0.0,0.24999999999999814,0.0,0.0,0.0,-0.006483031812798594,0.1,0.0,0.0,0.0,-0.050773157527269346,0.24999999999999814,0.0,0.0,-0.030524220305242176,-0.006483031812798594
0.0,-0.5,0.0,-0.030524220305242176,0.0,0.24999999999999814,0.0,0.0,0.0,-0.006483031812798594,0.1,0.0,0.0,0.0,-0.050773157527269346,0.24999999999999814,0.0,0.0,-0.030524220305242176,-0.006483031812798594
0.0,-0.5,0.0,-0.01564416561098699,0.0,0.24999999999999814,0.0,0.0,0.0,-0.006483031812798594,0.1,0.0,0.0,0.0,-0.09520539321727392,0.24999999999999814,0.0,0.0,-0.01564416561098699,-0.006483031812798594
0.0,-0.5,0.0,0.0,0.0,0.16666666666666483,0.0,0.0,0.0,-0.006483031812798594,0.0,0.0,0.0,0.0,-0.06108573979329062,0.16666666666666483,0.0,0.0,0.0,-0.006483031812798594
0.0,-0.5,0.0,-0.01912288110031973,0.0,0.3333333333333315,0.0,0.0,0.0,-0.005839833380977552,0.0,0.0,0.0,0.0,-0.02814499421991785,0.3333333333333315,0.0,0.0,-0.01912288110031973,-0.005839833380977552
0.0,-0.5,0.0,-0.030524220305242176,0.0,0.24999999999999814,0.0,0.0,0.0,-0.006483031812798594,0.0,0.0,0.0,0.0,-0.043425013448706126,0.24999999999999814,0.0,0.0,-0.030524220305242176,-0.006483031812798594
0.0,-0.5,0.0,0.0,0.0,0.16666666666666483,0.0,0.0,0.0,-0.006483031812798594,0.1,0.0,0.0,0.0,-0.07653744463139098,0.16666666666666483,0.0,0.0,0.0,-0.006483031812798594
0.0,-0.5,0.0,0.0,0.0,0.16666666666666483,0.0,0.0,0.0,-0.006421774819291774,0.1,0.0,0.0,0.0,-0.07657178175325345,0.16666666666666483,0.0,0.0,0.0,-0.006421774819291774
0.0,-0.5,0.0,0.0380446803804469,0.0,0.16666666666666483,0.0,0.0,0.0,-0.006483031812798594,0.1,0.0,0.0,0.0,-0.09520539321727392,0.16666666666666483,0.0,0.0,0.0380446803804469,-0.006483031812798594
0.0,-0.5,0.0,0.017293036536566723,0.0,0.24999999999999814,0.0,0.0,0.0,-0.006483031812798594,0.1,0.0,0.0,0.0,-0.12481543796998933,0.24999999999999814,0.0,0.0,0.017293036536566723,-0.006483031812798594
0.0,-0.5,0.0,-0.01912288110031973,0.0,0.3333333333333315,0.0,0.0,0.0,-0.006483031812798594,0.1,0.0,0.0,0.0,-0.050773157527269346,0.3333333333333315,0.0,0.0,-0.01912288110031973,-0.006483031812798594
0.0,-0.5,0.0,-0.030524220305242176,0.0,0.24999999999999814,0.0,0.0,0.0,-0.006483031812798594,0.0,0.0,0.0,0.0,-0.06885737504149077,0.24999999999999814,0.0,0.0,-0.030524220305242176,-0.006483031812798594
0.0,-0.5,0.0,0.0,0.0,0.16666666666666483,0.0,0.0,0.0,-0.005819414383141945,0.0,0.0,0.0,0.0,-0.02159804965147821,0.16666666666666483,0.0,0.0,0.0,-0.005819414383141945
0.0,-0.5,0.0,-0.01912288110031973,0.0,0.3333333333333315,0.0,0.0,0.0,-0.005839833380977552,0.0,0.0,0.0,0.0,-0.02814499421991785,0.3333333333333315,0.0,0.0,-0.01912288110031973,-0.005839833380977552
0.0,-0.5,0.0,-0.030524220305242176,0.0,0.24999999999999814,0.0,0.0,0.0,-0.006483031812798594,0.1,0.0,0.0,0.0,-0.09520539321727392,0.24999999999999814,0.0,0.0,-0.030524220305242176,-0.006483031812798594
0.0,-0.5,0.0,-0.01564416561098699,0.0,0.24999999999999814,0.0,0.0,0.0,-0.006483031812798594,0.1,0.0,0.0,0.0,-0.050773157527269346,0.24999999999999814,0.0,0.0,-0.01564416561098699,-0.006483031812798594
0.0,-0.5,0.0,-0.03343990669803539,0.0,0.3333333333333315,0.0,0.0,0.0,-0.006483031812798594,0.1,0.0,0.0,0.0,-0.050773157527269346,0.3333333333333315,0.0,0.0,-0.03086605939956958,-0.006483031812798594
0.0,-0.5,0.0,0.0,0.0,0.16666666666666483,0.0,0.0,0.0,-0.006483031812798594,0.0,0.0,0.0,0.0,-0.06921219196740258,0.16666666666666483,0.0,0.0,0.0,-0.006483031812798594
0.0,-0.5,0.0,0.017293036536566723,0.0,0.24999999999999814,0.0,0.0,0.0,-0.005819414383141945,0.0,0.0,0.0,0.0,-0.021552266822328237,0.24999999999999814,0.0,0.0,0.017293036536566723,-0.005819414383141945
0.0,-0.5,0.0,-0.030524220305242176,0.0,0.24999999999999814,0.0,0.0,0.0,-0.005819414383141945,0.0,0.0,0.0,0.0,-0.02119744989641642,0.24999999999999814,0.0,0.0,-0.030524220305242176,-0.005819414383141945
0.0,-0.5,0.0,0.017293036536566723,0.0,0.24999999999999814,0.0,0.0,0.0,-0.006483031812798594,0.0,0.0,0.0,0.0,-0.06921219196740258,0.24999999999999814,0.0,0.0,0.017293036536566723,-0.006483031812798594
0.0,-0.5,0.0,0.0,0.0,0.16666666666666483,0.0,0.0,0.0,-0.006483031812798594,0.1,0.0,0.0,0.0,-0.09520539321727392,0.16666666666666483,0.0,0.0,0.0,-0.006483031812798594
0.0,-0.5,0.0,-0.030524220305242176,0.0,0.24999999999999814,0.0,0.0,0.0,-0.006483031812798594,0.1,0.0,0.0,0.0,-0.12380821572869104,0.24999999999999814,0.0,0.0,-0.030524220305242176,-0.006483031812798594
0.0,-0.5,0.0,0.017293036536566723,0.0,0.24999999999999814,0.0,0.0,0.0,-0.006483031812798594,0.1,0.0,0.0,0.0,-0.12481543796998933,0.24999999999999814,0.0,0.0,0.017293036536566723,-0.006483031812798594
0.0,-0.5,0.0,-0.013392049224829582,0.0,0.16666666666666483,0.0,0.0,0.0,-0.006483031812798594,0.0,0.0,0.0,0.0,-0.06906339777266533,0.16666666666666483,0.0,0.0,-0.013392049224829582,-0.006483031812798594
0.0,-0.5,0.0,0.0,0.0,0.16666666666666483,0.0,0.0,0.0,-0.006483031812798594,0.1,0.0,0.0,0.0,-0.09520539321727392,0.16666666666666483,0.0,0.0,0.0,-0.006483031812798594
0.0,-0.5,0.0,0.017293036536566723,0.0,0.24999999999999814,0.0,0.0,0.0,-0.006483031812798594,0.0,0.0,0.0,0.0,-0.06921219196740258,0.24999999999999814,0.0,0.0,0.017293036536566723,-0.006483031812798594
0.0,-0.5,0.0,0.0,0.0,0.16666666666666483,0.0,0.0,0.0,-0.006483031812798594,0.1,0.0,0.0,0.0,-0.12419736977646532,0.16666666666666483,0.0,0.0,0.0,-0.006483031812798594
0.0,-0.5,0.0,0.017293036536566723,0.0,0.24999999999999814,0.0,0.0,0.0,-0.006483031812798594,0.0,0.0,0.0,0.0,-0.06921219196740258,0.24999999999999814,0.0,0.0,0.017293036536566723,-0.006483031812798594
0.0,-0.5,0.0,-0.013392049224829582,0.0,0.16666666666666483,0.0,0.0,0.0,-0.006483031812798594,0.0,0.0,0.0,0.0,-0.06108573979329062,0.16666666666666483,0.0,0.0,-0.013392049224829582,-0.006483031812798594
0.0,-0.5,0.0,0.0380446803804469,0.0,0.24999999999999814,0.0,0.0,0.0,-0.006483031812798594,0.1,0.0,0.0,0.0,-0.1245521867023773,0.24999999999999814,0.0,0.0,0.0380446803804469,-0.006483031812798594
0.0,-0.5,0.0,0.0,0.0,0.16666666666666483,0.0,0.0,0.0,-0.006483031812798594,0.1,0.0,0.0,0.0,-0.12415158694731536,0.16666666666666483,0.0,0.0,0.0,-0.006483031812798594
0.0,-0.5,0.0,-0.03343990669803539,0.0,0.3333333333333315,0.0,0.0,0.0,-0.006483031812798594,0.1,0.0,0.0,0.0,-0.12380821572869104,0.3333333333333315,0.0,0.0,-0.03086605939956958,-0.006483031812798594
0.0,-0.5,0.0,0.017293036536566723,0.0,0.24999999999999814,0.0,0.0,0.0,-0.006483031812798594,0.1,0.0,0.0,0.0,-0.09520539321727392,0.24999999999999814,0.0,0.0,0.017293036536566723,-0.006483031812798594
0.0,-0.5,0.0,-0.01912288110031973,0.0,0.3333333333333315,0.0,0.0,0.0,-0.006421774819291774,0.1,0.0,0.0,0.0,-0.050773157527269346,0.3333333333333315,0.0,0.0,-0.01912288110031973,-0.006421774819291774
0.0,-0.5,0.0,-0.01912288110031973,0.0,0.3333333333333315,0.0,0.0,0.0,-0.005819414383141945,0.0,0.0,0.0,0.0,-0.02119744989641642,0.3333333333333315,0.0,0.0,-0.01912288110031973,-0.005819414383141945
0.0,-0.5,0.0,0.017293036536566723,0.0,0.24999999999999814,0.0,0.0,0.0,-0.006483031812798594,0.1,0.0,0.0,0.0,-0.07653744463139098,0.24999999999999814,0.0,0.0,0.017293036536566723,-0.006483031812798594
0.0,-0.5,0.0,-0.01564416561098699,0.0,0.24999999999999814,0.0,0.0,0.0,-0.006483031812798594,0.1,0.0,0.0,0.0,-0.09520539321727392,0.24999999999999814,0.0,0.0,-0.01564416561098699,-0.006483031812798594
0.0,-0.5,0.0,0.017293036536566723,0.0,0.24999999999999814,0.0,0.0,0.0,-0.006483031812798594,0.0,0.0,0.0,0.0,-0.06921219196740258,0.24999999999999814,0.0,0.0,0.017293036536566723,-0.006483031812798594
0.0,-0.5,0.0,-0.013392049224829582,0.0,0.16666666666666483,0.0,0.0,0.0,-0.006483031812798594,0.1,0.0,0.0,0.0,-0.050773157527269346,0.16666666666666483,0.0,0.0,-0.013392049224829582,-0.006483031812798594
0.0,-0.5,0.0,-0.030524220305242176,0.0,0.24999999999999814,0.0,0.0,0.0,-0.006483031812798594,0.1,0.0,0.0,0.0,-0.12380821572869104,0.24999999999999814,0.0,0.0,-0.030524220305242176,-0.006483031812798594
0.0,-0.5,0.0,-0.030524220305242176,0.0,0.24999999999999814,0.0,0.0,0.0,-0.006483031812798594,0.0,0.0,0.0,0.0,-0.06885737504149077,0.24999999999999814,0.0,0.0,-0.030524220305242176,-0.006483031812798594
0.0,-0.5,0.0,0.0,0.0,0.16666666666666483,0.0,0.0,0.0,-0.005839833380977552,0.0,0.0,0.0,0.0,-0.02814499421991785,0.16666666666666483,0.0,0.0,0.0,-0.005839833380977552
0.0,-0.5,0.0,0.0,0.0,0.16666666666666483,0.0,0.0,0.0,-0.006483031812798594,0.0,0.0,0.0,0.0,-0.06925797479655256,0.16666666666666483,0.0,0.0,0.0,-0.006483031812798594
0.0,-0.5,0.0,0.0,0.0,0.16666666666666483,0.0,0.0,0.0,-0.005819414383141945,0.0,0.0,0.0,0.0,-0.021552266822328237,0.16666666666666483,0.0,0.0,0.0,-0.005819414383141945
0.0,-0.5,0.0,-0.030524220305242176,0.0,0.24999999999999814,0.0,0.0,0.0,-0.005839833380977552,0.0,0.0,0.0,0.0,-0.02814499421991785,0.24999999999999814,0.0,0.0,-0.030524220305242176,-0.005839833380977552
0.0,-0.5,0.0,-0.013392049224829582,0.0,0.16666666666666483,0.0,0.0,0.0,-0.005819414383141945,0.0,0.0,0.0,0.0,-0.021403472627590982,0.16666666666666483,0.0,0.0,-0.013392049224829582,-0.005819414383141945
0.0,-0.5,0.0,0.017293036536566723,0.0,0.24999999999999814,0.0,0.0,0.0,-0.006483031812798594,0.1,0.0,0.0,0.0,-0.12499856928658906,0.24999999999999814,0.0,0.0,0.017293036536566723,-0.006483031812798594
0.0,-0.5,0.0,-0.01912288110031973,0.0,0.3333333333333315,0.0,0.0,0.0,-0.006483031812798594,0.0,0.0,0.0,0.0,-0.043425013448706126,0.3333333333333315,0.0,0.0,-0.01912288110031973,-0.006483031812798594
0.0,-0.5,0.0,-0.03343990669803539,0.0,0.3333333333333315,0.0,0.0,0.0,-0.006483031812798594,0.0,0.0,0.0,0.0,-0.043425013448706126,0.3333333333333315,0.0,0.0,-0.03086605939956958,-0.006483031812798594
0.0,-0.5,0.0,0.0380446803804469,0.0,0.16666666666666483,0.0,0.0,0.0,-0.005819414383141945,0.0,0.0,0.0,0.0,-0.021552266822328237,0.16666666666666483,0.0,0.0,0.0380446803804469,-0.005819414383141945
0.0,-0.5,0.0,0.0,0.0,0.16666666666666483,0.0,0.0,0.0,-0.006483031812798594,0.1,0.0,0.0,0.0,-0.09520539321727392,0.16666666666666483,0.0,0.0,0.0,-0.006483031812798594
0.0,-0.5,0.0,-0.01564416561098699,0.0,0.24999999999999814,0.0,0.0,0.0,-0.006483031812798594,0.0,0.0,0.0,0.0,-0.06906339777266533,0.24999999999999814,0.0,0.0,-0.01564416561098699,-0.006483031812798594
0.0,-0.5,0.0,0.017293036536566723,0.0,0.24999999999999814,0.0,0.0,0.0,-0.006483031812798594,0.1,0.0,0.0,0.0,-0.07652599892410349,0.24999999999999814,0.0,0.0,0.017293036536566723,-0.006483031812798594
0.0,-0.5,0.0,0.017293036536566723,0.0,0.24999999999999814,0.0,0.0,0.0,-0.006483031812798594,0.1,0.0,0.0,0.0,-0.12419736977646532,0.24999999999999814,0.0,0.0,0.017293036536566723,-0.006483031812798594
0.0,-0.5,0.0,0.017293036536566723,0.0,0.24999999999999814,0.0,0.0,0.0,-0.006483031812798594,0.0,0.0,0.0,0.0,-0.06921219196740258,0.24999999999999814,0.0,0.0,0.017293036536566723,-0.006483031812798594
0.0,-0.5,0.0,-0.030524220305242176,0.0,0.24999999999999814,0.0,0.0,0.0,-0.006483031812798594,0.1,0.0,0.0,0.0,-0.050773157527269346,0.24999999999999814,0.0,0.0,-0.030524220305242176,-0.006483031812798594
0.0,-0.5,0.0,0.0,0.0,0.16666666666666483,0.0,0.0,0.0,-0.006483031812798594,0.1,0.0,0.0,0.0,-0.07653744463139098,0.16666666666666483,0.0,0.0,0.0,-0.006483031812798594
0.0,-0.5,0.0,-0.03343990669803539,0.0,0.3333333333333315,0.0,0.0,0.0,-0.006483031812798594,0.0,0.0,0.0,0.0,-0.043425013448706126,0.3333333333333315,0.0,0.0,-0.03086605939956958,-0.006483031812798594
0.0,-0.5,0.0,-0.030524220305242176,0.0,0.24999999999999814,0.0,0.0,0.0,-0.005819414383141945,0.0,0.0,0.0,0.0,-0.02119744989641642,0.24999999999999814,0.0,0.0,-0.030524220305242176,-0.005819414383141945
0.0,-0.5,0.0,0.0,0.0,0.16666666666666483,0.0,0.0,0.0,-0.006483031812798594,0.1,0.0,0.0,0.0,-0.07653744463139098,0.16666666666666483,0.0,0.0,0.0,-0.006483031812798594
0.0,-0.5,0.0,-0.01912288110031973,0.0,0.3333333333333315,0.0,0.0,0.0,-0.006483031812798594,0.1,0.0,0.0,0.0,-0.12380821572869104,0.3333333333333315,0.0,0.0,-0.01912288110031973,-0.006483031812798594
0.0,-0.5,0.0,0.0380446803804469,0.0,0.16666666666666483,0.0,0.0,0.0,-0.006483031812798594,0.1,0.0,0.0,0.0,-0.12419736977646532,0.16666666666666483,0.0,0.0,0.0380446803804469,-0.006483031812798594
0.0,-0.5,0.0,0.0,0.0,0.16666666666666483,0.0,0.0,0.0,-0.006483031812798594,0.0,0.0,0.0,0.0,-0.06921219196740258,0.16666666666666483,0.0,0.0,0.0,-0.006483031812798594
0.0,-0.5,0.0,0.0,0.0,0.08333333333333148,0.0,0.0,0.0,-0.006483031812798594,0.1,0.0,0.0,0.0,-0.07653744463139098,0.08333333333333148,0.0,0.0,0.0,-0.006483031812798594
0.0,-0.5,0.0,-0.030524220305242176,0.0,0.24999999999999814,0.0,0.0,0.0,-0.006483031812798594,0.0,0.0,0.0,0.0,-0.06108573979329062,0.24999999999999814,0.0,0.0,-0.030524220305242176,-0.006483031812798594
0.0,-0.5,0.0,-0.01912288110031973,0.0,0.3333333333333315,0.0,0.0,0.0,-0.006483031812798594,0.0,0.0,0.0,0.0,-0.043425013448706126,0.3333333333333315,0.0,0.0,-0.01912288110031973,-0.006483031812798594
0.0,-0.5,0.0,0.017293036536566723,0.0,0.24999999999999814,0.0,0.0,0.0,-0.005819414383141945,0.0,0.0,0.0,0.0,-0.021552266822328237,0.24999999999999814,0.0,0.0,0.017293036536566723,-0.005819414383141945
0.0,-0.5,0.0,0.017293036536566723,0.0,0.24999999999999814,0.0,0.0,0.0,-0.006483031812798594,0.0,0.0,0.0,0.0,-0.06108573979329062,0.24999999999999814,0.0,0.0,0.017293036536566723,-0.006483031812798594
0.0,-0.5,0.0,0.017293036536566723,0.0,0.24999999999999814,0.0,0.0,0.0,-0.006483031812798594,0.0,0.0,0.0,0.0,-0.06921219196740258,0.24999999999999814,0.0,0.0,0.017293036536566723,-0.006483031812798594
0.0,-0.5,0.0,-0.03343990669803539,0.0,0.3333333333333315,0.0,0.0,0.0,-0.006483031812798594,0.1,0.0,0.0,0.0,-0.12380821572869104,0.3333333333333315,0.0,0.0,-0.03086605939956958,-0.006483031812798594
0.0,-0.5,0.0,-0.030524220305242176,0.0,0.24999999999999814,0.0,0.0,0.0,-0.006483031812798594,0.1,0.0,0.0,0.0,-0.12380821572869104,0.24999999999999814,0.0,0.0,-0.030524220305242176,-0.006483031812798594
0.0,-0.5,0.0,-0.01564416561098699,0.0,0.24999999999999814,0.0,0.0,0.0,-0.006483031812798594,0.1,0.0,0.0,0.0,-0.050773157527269346,0.24999999999999814,0.0,0.0,-0.01564416561098699,-0.006483031812798594
0.0,-0.5,0.0,0.0,0.0,0.16666666666666483,0.0,0.0,0.0,-0.006483031812798594,0.1,0.0,0.0,0.0,-0.07653744463139098,0.16666666666666483,0.0,0.0,0.0,-0.006483031812798594
0.0,-0.5,0.0,-0.01564416561098699,0.0,0.24999999999999814,0.0,0.0,0.0,-0.006483031812798594,0.1,0.0,0.0,0.0,-0.050773157527269346,0.24999999999999814,0.0,0.0,-0.01564416561098699,-0.006483031812798594
0.0,-0.5,0.0,0.0380446803804469,0.0,0.24999999999999814,0.0,0.0,0.0,-0.006483031812798594,0.0,0.0,0.0,0.0,-0.06921219196740258,0.24999999999999814,0.0,0.0,0.0380446803804469,-0.006483031812798594
0.0,-0.5,0.0,0.017293036536566723,0.0,0.24999999999999814,0.0,0.0,0.0,-0.006483031812798594,0.0,0.0,0.0,0.0,-0.06108573979329062,0.24999999999999814,0.0,0.0,0.017293036536566723,-0.006483031812798594
0.0,-0.5,0.0,-0.01564416561098699,0.0,0.24999999999999814,0.0,0.0,0.0,-0.006483031812798594,0.1,0.0,0.0,0.0,-0.09520539321727392,0.24999999999999814,0.0,0.0,-0.01564416561098699,-0.006483031812798594
0.0,-0.5,0.0,0.0380446803804469,0.0,0.16666666666666483,0.0,0.0,0.0,-0.006483031812798594,0.0,0.0,0.0,0.0,-0.06921219196740258,0.16666666666666483,0.0,0.0,0.0380446803804469,-0.006483031812798594
0.0,-0.5,0.0,-0.01564416561098699,0.0,0.24999999999999814,0.0,0.0,0.0,-0.005819414383141945,0.0,0.0,0.0,0.0,-0.021403472627590982,0.24999999999999814,0.0,0.0,-0.01564416561098699,-0.005819414383141945
0.0,-0.5,0.0,-0.030524220305242176,0.0,0.24999999999999814,0.0,0.0,0.0,-0.006483031812798594,0.0,0.0,0.0,0.0,-0.06885737504149077,0.24999999999999814,0.0,0.0,-0.030524220305242176,-0.006483031812798594
0.0,-0.5,0.0,0.017293036536566723,0.0,0.24999999999999814,0.0,0.0,0.0,-0.006483031812798594,0.0,0.0,0.0,0.0,-0.06921219196740258,0.24999999999999814,0.0,0.0,0.017293036536566723,-0.006483031812798594
0.0,-0.5,0.0,-0.03343990669803539,0.0,0.3333333333333315,0.0,0.0,0.0,-0.006483031812798594,0.1,0.0,0.0,0.0,-0.09520539321727392,0.3333333333333315,0.0,0.0,-0.03086605939956958,-0.006483031812798594
0.0,-0.5,0.0,-0.01912288110031973,0.0,0.3333333333333315,0.0,0.0,0.0,-0.006483031812798594,0.1,0.0,0.0,0.0,-0.050773157527269346,0.3333333333333315,0.0,0.0,-0.01912288110031973,-0.006483031812798594
0.0,-0.5,0.0,0.0,0.0,0.16666666666666483,0.0,0.0,0.0,-0.006421774819291774,0.0,0.0,0.0,0.0,-0.06921219196740258,0.16666666666666483,0.0,0.0,0.0,-0.006421774819291774
0.0,-0.5,0.0,0.0,0.0,0.08333333333333148,0.0,0.0,0.0,-0.006483031812798594,0.1,0.0,0.0,0.0,-0.12499856928658906,0.08333333333333148,0.0,0.0,0.0,-0.006483031812798594
0.0,-0.5,0.0,0.0,0.0,0.16666666666666483,0.0,0.0,0.0,-0.006483031812798594,0.1,0.0,0.0,0.0,-0.12415158694731536,0.16666666666666483,0.0,0.0,0.0,-0.006483031812798594
0.0,-0.5,0.0,0.0,0.0,0.16666666666666483,0.0,0.0,0.0,-0.006483031812798594,0.1,0.0,0.0,0.0,-0.12481543796998933,0.16666666666666483,0.0,0.0,0.0,-0.006483031812798594
0.0,-0.5,0.0,0.017293036536566723,0.0,0.24999999999999814,0.0,0.0,0.0,-0.006483031812798594,0.1,0.0,0.0,0.0,-0.07652599892410349,0.24999999999999814,0.0,0.0,0.017293036536566723,-0.006483031812798594
0.0,-0.5,0.0,-0.03343990669803539,0.0,0.3333333333333315,0.0,0.0,0.0,-0.006483031812798594,0.1,0.0,0.0,0.0,-0.09520539321727392,0.3333333333333315,0.0,0.0,-0.03086605939956958,-0.006483031812798594
0.0,-0.5,0.0,0.017293036536566723,0.0,0.24999999999999814,0.0,0.0,0.0,-0.006483031812798594,0.0,0.0,0.0,0.0,-0.06921219196740258,0.24999999999999814,0.0,0.0,0.017293036536566723,-0.006483031812798594
0.0,-0.5,0.0,-0.01564416561098699,0.0,0.24999999999999814,0.0,0.0,0.0,-0.005819414383141945,0.0,0.0,0.0,0.0,-0.021403472627590982,0.24999999999999814,0.0,0.0,-0.01564416561098699,-0.005819414383141945
0.0,-0.5,0.0,-0.030524220305242176,0.0,0.24999999999999814,0.0,0.0,0.0,-0.006483031812798594,0.1,0.0,0.0,0.0,-0.12447206675136485,0.24999999999999814,0.0,0.0,-0.030524220305242176,-0.006483031812798594
0.0,-0.5,0.0,-0.01912288110031973,0.0,0.3333333333333315,0.0,0.0,0.0,-0.006483031812798594,0.1,0.0,0.0,0.0,-0.09520539321727392,0.3333333333333315,0.0,0.0,-0.01912288110031973,-0.006483031812798594
0.0,-0.5,0.0,-0.030524220305242176,0.0,0.24999999999999814,0.0,0.0,0.0,-0.006483031812798594,0.0,0.0,0.0,0.0,-0.06885737504149077,0.24999999999999814,0.0,0.0,-0.030524220305242176,-0.006483031812798594
0.0,-0.5,0.0,0.0,0.0,0.16666666666666483,0.0,0.0,0.0,-0.005819414383141945,0.0,0.0,0.0,0.0,-0.02159804965147821,0.16666666666666483,0.0,0.0,0.0,-0.005819414383141945
0.0,-0.5,0.0,-0.01912288110031973,0.0,0.3333333333333315,0.0,0.0,0.0,-0.006421774819291774,0.1,0.0,0.0,0.0,-0.050773157527269346,0.3333333333333315,0.0,0.0,-0.01912288110031973,-0.006421774819291774
0.0,-0.5,0.0,0.0380446803804469,0.0,0.24999999999999814,0.0,0.0,0.0,-0.006483031812798594,0.1,0.0,0.0,0.0,-0.1245521867023773,0.24999999999999814,0.0,0.0,0.0380446803804469,-0.006483031812798594
0.0,-0.5,0.0,0.0,0.0,0.16666666666666483,0.0,0.0,0.0,-0.006483031812798594,0.1,0.0,0.0,0.0,-0.07653744463139098,0.16666666666666483,0.0,0.0,0.0,-0.006483031812798594
0.0,-0.5,0.0,-0.01564416561098699,0.0,0.24999999999999814,0.0,0.0,0.0,-0.006483031812798594,0.1,0.0,0.0,0.0,-0.12380821572869104,0.24999999999999814,0.0,0.0,-0.01564416561098699,-0.006483031812798594
0.0,-0.5,0.0,0.017293036536566723,0.0,0.24999999999999814,0.0,0.0,0.0,-0.006483031812798594,0.0,0.0,0.0,0.0,-0.06921219196740258,0.24999999999999814,0.0,0.0,0.017293036536566723,-0.006483031812798594
0.0,-0.5,0.0,0.017293036536566723,0.0,0.24999999999999814,0.0,0.0,0.0,-0.005839833380977552,0.0,0.0,0.0,0.0,-0.02814499421991785,0.24999999999999814,0.0,0.0,0.017293036536566723,-0.005839833380977552
0.0,-0.5,0.0,-0.013392049224829582,0.0,0.16666666666666483,0.0,0.0,0.0,-0.006483031812798594,0.1,0.0,0.0,0.0,-0.09520539321727392,0.16666666666666483,0.0,0.0,-0.013392049224829582,-0.006483031812798594
0.0,-0.5,0.0,-0.01912288110031973,0.0,0.3333333333333315,0.0,0.0,0.0,-0.006483031812798594,0.0,0.0,0.0,0.0,-0.043425013448706126,0.3333333333333315,0.0,0.0,-0.01912288110031973,-0.006483031812798594
0.0,-0.5,0.0,0.017293036536566723,0.0,0.24999999999999814,0.0,0.0,0.0,-0.005819414383141945,0.0,0.0,0.0,0.0,-0.021552266822328237,0.24999999999999814,0.0,0.0,0.017293036536566723,-0.005819414383141945
0.0,-0.5,0.0,-0.01564416561098699,0.0,0.24999999999999814,0.0,0.0,0.0,-0.006483031812798594,0.1,0.0,0.0,0.0,-0.050773157527269346,0.24999999999999814,0.0,0.0,-0.01564416561098699,-0.006483031812798594
0.0,-0.5,0.0,-0.030524220305242176,0.0,0.24999999999999814,0.0,0.0,0.0,-0.006483031812798594,0.0,0.0,0.0,0.0,-0.06885737504149077,0.24999999999999814,0.0,0.0,-0.030524220305242176,-0.006483031812798594
0.0,-0.5,0.0,0.0,0.0,0.16666666666666483,0.0,0.0,0.0,-0.006483031812798594,0.1,0.0,0.0,0.0,-0.07657178175325345,0.16666666666666483,0.0,0.0,0.0,-0.006483031812798594
0.0,-0.5,0.0,0.0380446803804469,0.0,0.24999999999999814,0.0,0.0,0.0,-0.006483031812798594,0.1,0.0,0.0,0.0,-0.07653744463139098,0.24999999999999814,0.0,0.0,0.0380446803804469,-0.006483031812798594
0.0,-0.5,0.0,-0.030524220305242176,0.0,0.24999999999999814,0.0,0.0,0.0,-0.006483031812798594,0.0,0.0,0.0,0.0,-0.06108573979329062,0.24999999999999814,0.0,0.0,-0.030524220305242176,-0.006483031812798594
0.0,-0.5,0.0,0.0,0.0,0.16666666666666483,0.0,0.0,0.0,-0.005819414383141945,0.0,0.0,0.0,0.0,-0.02159804965147821,0.16666666666666483,0.0,0.0,0.0,-0.005819414383141945
0.0,-0.5,0.0,-0.03343990669803539,0.0,0.3333333333333315,0.0,0.0,0.0,-0.005819414383141945,0.0,0.0,0.0,0.0,-0.02119744989641642,0.3333333333333315,0.0,0.0,-0.03086605939956958,-0.005819414383141945
0.0,-0.5,0.0,0.0,0.0,0.16666666666666483,0.0,0.0,0.0,-0.006483031812798594,0.0,0.0,0.0,0.0,-0.06925797479655256,0.16666666666666483,0.0,0.0,0.0,-0.006483031812798594
0.0,-0.5,0.0,0.017293036536566723,0.0,0.24999999999999814,0.0,0.0,0.0,-0.006483031812798594,0.1,0.0,0.0,0.0,-0.09520539321727392,0.24999999999999814,0.0,0.0,0.017293036536566723,-0.006483031812798594
0.0,-0.5,0.0,0.017293036536566723,0.0,0.24999999999999814,0.0,0.0,0.0,-0.006483031812798594,0.0,0.0,0.0,0.0,-0.06108573979329062,0.24999999999999814,0.0,0.0,0.017293036536566723,-0.006483031812798594
0.0,-0.5,0.0,0.0,0.0,0.16666666666666483,0.0,0.0,0.0,-0.006483031812798594,0.0,0.0,0.0,0.0,-0.06108573979329062,0.16666666666666483,0.0,0.0,0.0,-0.006483031812798594
0.0,-0.5,0.0,0.017293036536566723,0.0,0.24999999999999814,0.0,0.0,0.0,-0.005819414383141945,0.0,0.0,0.0,0.0,-0.021552266822328237,0.24999999999999814,0.0,0.0,0.017293036536566723,-0.005819414383141945
0.0,-0.5,0.0,-0.01564416561098699,0.0,0.24999999999999814,0.0,0.0,0.0,-0.006483031812798594,0.0,0.0,0.0,0.0,-0.06906339777266533,0.24999999999999814,0.0,0.0,-0.01564416561098699,-0.006483031812798594
0.0,-0.5,0.0,-0.013392049224829582,0.0,0.16666666666666483,0.0,0.0,0.0,-0.006483031812798594,0.1,0.0,0.0,0.0,-0.09520539321727392,0.16666666666666483,0.0,0.0,-0.013392049224829582,-0.006483031812798594
0.0,-0.5,0.0,0.0380446803804469,0.0,0.24999999999999814,0.0,0.0,0.0,-0.006483031812798594,0.1,0.0,0.0,0.0,-0.09520539321727392,0.24999999999999814,0.0,0.0,0.0380446803804469,-0.006483031812798594
0.0,-0.5,0.0,0.0,0.0,0.08333333333333148,0.0,0.0,0.0,-0.006483031812798594,0.1,0.0,0.0,0.0,-0.12419736977646532,0.08333333333333148,0.0,0.0,0.0,-0.006483031812798594
0.0,-0.5,0.0,0.0,0.0,0.16666666666666483,0.0,0.0,0.0,-0.006483031812798594,0.0,0.0,0.0,0.0,-0.06921219196740258,0.16666666666666483,0.0,0.0,0.0,-0.006483031812798594
0.0,-0.5,0.0,0.017293036536566723,0.0,0.24999999999999814,0.0,0.0,0.0,-0.006421774819291774,0.0,0.0,0.0,0.0,-0.06921219196740258,0.24999999999999814,0.0,0.0,0.017293036536566723,-0.006421774819291774
0.0,-0.5,0.0,0.0,0.0,0.16666666666666483,0.0,0.0,0.0,-0.006483031812798594,0.1,0.0,0.0,0.0,-0.07657178175325345,0.16666666666666483,0.0,0.0,0.0,-0.006483031812798594
0.0,-0.5,0.0,-0.030524220305242176,0.0,0.24999999999999814,0.0,0.0,0.0,-0.006483031812798594,0.1,0.0,0.0,0.0,-0.050773157527269346,0.24999999999999814,0.0,0.0,-0.030524220305242176,-0.006483031812798594
0.0,-0.5,0.0,-0.01564416561098699,0.0,0.24999999999999814,0.0,0.0,0.0,-0.006421774819291774,0.0,0.0,0.0,0.0,-0.06906339777266533,0.24999999999999814,0.0,0.0,-0.01564416561098699,-0.006421774819291774
0.0,-0.5,0.0,-0.030524220305242176,0.0,0.24999999999999814,0.0,0.0,0.0,-0.006483031812798594,0.0,0.0,0.0,0.0,-0.043425013448706126,0.24999999999999814,0.0,0.0,-0.030524220305242176,-0.006483031812798594
0.0,-0.5,0.0,-0.030524220305242176,0.0,0.24999999999999814,0.0,0.0,0.0,-0.006483031812798594,0.1,0.0,0.0,0.0,-0.050773157527269346,0.24999999999999814,0.0,0.0,-0.030524220305242176,-0.006483031812798594
0.0,-0.5,0.0,0.0,0.0,0.16666666666666483,0.0,0.0,0.0,-0.006483031812798594,0.0,0.0,0.0,0.0,-0.06925797479655256,0.16666666666666483,0.0,0.0,0.0,-0.006483031812798594
0.0,-0.5,0.0,0.0,0.0,0.16666666666666483,0.0,0.0,0.0,-0.006483031812798594,0.1,0.0,0.0,0.0,-0.07657178175325345,0.16666666666666483,0.0,0.0,0.0,-0.006483031812798594
0.0,-0.5,0.0,-0.030524220305242176,0.0,0.24999999999999814,0.0,0.0,0.0,-0.006483031812798594,0.1,0.0,0.0,0.0,-0.050773157527269346,0.24999999999999814,0.0,0.0,-0.030524220305242176,-0.006483031812798594
0.0,-0.5,0.0,0.017293036536566723,0.0,0.24999999999999814,0.0,0.0,0.0,-0.006483031812798594,0.1,0.0,0.0,0.0,-0.12481543796998933,0.24999999999999814,0.0,0.0,0.017293036536566723,-0.006483031812798594
0.0,-0.5,0.0,0.017293036536566723,0.0,0.24999999999999814,0.0,0.0,0.0,-0.005819414383141945,0.0,0.0,0.0,0.0,-0.021552266822328237,0.24999999999999814,0.0,0.0,0.017293036536566723,-0.005819414383141945
0.0,-0.5,0.0,-0.01912288110031973,0.0,0.3333333333333315,0.0,0.0,0.0,-0.006483031812798594,0.1,0.0,0.0,0.0,-0.09520539321727392,0.3333333333333315,0.0,0.0,-0.01912288110031973,-0.006483031812798594
0.0,-0.5,0.0,0.0,0.0,0.16666666666666483,0.0,0.0,0.0,-0.006483031812798594,0.1,0.0,0.0,0.0,-0.12419736977646532,0.16666666666666483,0.0,0.0,0.0,-0.006483031812798594
0.0,-0.5,0.0,-0.01912288110031973,0.0,0.3333333333333315,0.0,0.0,0.0,-0.005839833380977552,0.0,0.0,0.0,0.0,-0.02814499421991785,0.3333333333333315,0.0,0.0,-0.01912288110031973,-0.005839833380977552
0.0,-0.5,0.0,-0.030524220305242176,0.0,0.24999999999999814,0.0,0.0,0.0,-0.006483031812798594,0.0,0.0,0.0,0.0,-0.06885737504149077,0.24999999999999814,0.0,0.0,-0.030524220305242176,-0.006483031812798594
0.0,-0.5,0.0,-0.01912288110031973,0.0,0.3333333333333315,0.0,0.0,0.0,-0.006483031812798594,0.1,0.0,0.0,0.0,-0.050773157527269346,0.3333333333333315,0.0,0.0,-0.01912288110031973,-0.006483031812798594
0.0,-0.5,0.0,-0.030524220305242176,0.0,0.24999999999999814,0.0,0.0,0.0,-0.006483031812798594,0.0,0.0,0.0,0.0,-0.06108573979329062,0.24999999999999814,0.0,0.0,-0.030524220305242176,-0.006483031812798594
0.0,-0.5,0.0,0.0,0.0,0.16666666666666483,0.0,0.0,0.0,-0.006483031812798594,0.1,0.0,0.0,0.0,-0.07653744463139098,0.16666666666666483,0.0,0.0,0.0,-0.006483031812798594
0.0,-0.5,0.0,0.017293036536566723,0.0,0.24999999999999814,0.0,0.0,0.0,-0.006483031812798594,0.0,0.0,0.0,0.0,-0.06108573979329062,0.24999999999999814,0.0,0.0,0.017293036536566723,-0.006483031812798594
0.0,-0.5,0.0,-0.01564416561098699,0.0,0.24999999999999814,0.0,0.0,0.0,-0.006483031812798594,0.0,0.0,0.0,0.0,-0.06906339777266533,0.24999999999999814,0.0,0.0,-0.01564416561098699,-0.006483031812798594
0.0,-0.5,0.0,-0.03343990669803539,0.0,0.3333333333333315,0.0,0.0,0.0,-0.006483031812798594,0.0,0.0,0.0,0.0,-0.06108573979329062,0.3333333333333315,0.0,0.0,-0.03086605939956958,-0.006483031812798594
0.0,-0.5,0.0,-0.01912288110031973,0.0,0.3333333333333315,0.0,0.0,0.0,-0.006483031812798594,0.1,0.0,0.0,0.0,-0.050773157527269346,0.3333333333333315,0.0,0.0,-0.01912288110031973,-0.006483031812798594
0.0,-0.5,0.0,0.017293036536566723,0.0,0.24999999999999814,0.0,0.0,0.0,-0.006483031812798594,0.1,0.0,0.0,0.0,-0.12499856928658906,0.24999999999999814,0.0,0.0,0.017293036536566723,-0.006483031812798594
0.0,-0.5,0.0,0.0,0.0,0.16666666666666483,0.0,0.0,0.0,-0.006483031812798594,0.0,0.0,0.0,0.0,-0.06925797479655256,0.16666666666666483,0.0,0.0,0.0,-0.006483031812798594
0.0,-0.5,0.0,0.017293036536566723,0.0,0.24999999999999814,0.0,0.0,0.0,-0.006483031812798594,0.1,0.0,0.0,0.0,-0.07652599892410349,0.24999999999999814,0.0,0.0,0.017293036536566723,-0.006483031812798594
0.0,-0.5,0.0,-0.01912288110031973,0.0,0.3333333333333315,0.0,0.0,0.0,-0.006483031812798594,0.0,0.0,0.0,0.0,-0.043425013448706126,0.3333333333333315,0.0,0.0,-0.01912288110031973,-0.006483031812798594
0.0,-0.5,0.0,-0.01912288110031973,0.0,0.3333333333333315,0.0,0.0,0.0,-0.005819414383141945,0.0,0.0,0.0,0.0,-0.02119744989641642,0.3333333333333315,0.0,0.0,-0.01912288110031973,-0.005819414383141945
0.0,-0.5,0.0,-0.01912288110031973,0.0,0.3333333333333315,0.0,0.0,0.0,-0.006483031812798594,0.0,0.0,0.0,0.0,-0.043425013448706126,0.3333333333333315,0.0,0.0,-0.01912288110031973,-0.006483031812798594
0.0,-0.5,0.0,0.017293036536566723,0.0,0.24999999999999814,0.0,0.0,0.0,-0.006483031812798594,0.1,0.0,0.0,0.0,-0.07653744463139098,0.24999999999999814,0.0,0.0,0.017293036536566723,-0.006483031812798594
0.0,-0.5,0.0,-0.030524220305242176,0.0,0.24999999999999814,0.0,0.0,0.0,-0.006483031812798594,0.1,0.0,0.0,0.0,-0.050773157527269346,0.24999999999999814,0.0,0.0,-0.030524220305242176,-0.006483031812798594
0.0,-0.5,0.0,0.0380446803804469,0.0,0.24999999999999814,0.0,0.0,0.0,-0.006483031812798594,0.1,0.0,0.0,0.0,-0.07653744463139098,0.24999999999999814,0.0,0.0,0.0380446803804469,-0.006483031812798594
0.0,-0.5,0.0,-0.03343990669803539,0.0,0.3333333333333315,0.0,0.0,0.0,-0.006483031812798594,0.1,0.0,0.0,0.0,-0.12380821572869104,0.3333333333333315,0.0,0.0,-0.03086605939956958,-0.006483031812798594
0.0,-0.5,0.0,0.017293036536566723,0.0,0.24999999999999814,0.0,0.0,0.0,-0.006483031812798594,0.0,0.0,0.0,0.0,-0.06108573979329062,0.24999999999999814,0.0,0.0,0.017293036536566723,-0.006483031812798594
0.0,-0.5,0.0,-0.030524220305242176,0.0,0.24999999999999814,0.0,0.0,0.0,-0.005839833380977552,0.0,0.0,0.0,0.0,-0.02814499421991785,0.24999999999999814,0.0,0.0,-0.030524220305242176,-0.005839833380977552
0.0,-0.5,0.0,0.0,0.0,0.16666666666666483,0.0,0.0,0.0,-0.006483031812798594,0.1,0.0,0.0,0.0,-0.07653744463139098,0.16666666666666483,0.0,0.0,0.0,-0.006483031812798594
0.0,-0.5,0.0,0.017293036536566723,0.0,0.24999999999999814,0.0,0.0,0.0,-0.006483031812798594,0.0,0.0,0.0,0.0,-0.06921219196740258,0.24999999999999814,0.0,0.0,0.017293036536566723,-0.006483031812798594
0.0,-0.5,0.0,-0.030524220305242176,0.0,0.24999999999999814,0.0,0.0,0.0,-0.006483031812798594,0.1,0.0,0.0,0.0,-0.050773157527269346,0.24999999999999814,0.0,0.0,-0.030524220305242176,-0.006483031812798594
0.0,-0.5,0.0,0.017293036536566723,0.0,0.24999999999999814,0.0,0.0,0.0,-0.006483031812798594,0.0,0.0,0.0,0.0,-0.06921219196740258,0.24999999999999814,0.0,0.0,0.017293036536566723,-0.006483031812798594
0.0,-0.5,0.0,0.0,0.0,0.08333333333333148,0.0,0.0,0.0,-0.005819414383141945,0.0,0.0,0.0,0.0,-0.021552266822328237,0.08333333333333148,0.0,0.0,0.0,-0.005819414383141945
0.0,-0.5,0.0,-0.030524220305242176,0.0,0.24999999999999814,0.0,0.0,0.0,-0.006483031812798594,0.0,0.0,0.0,0.0,-0.06885737504149077,0.24999999999999814,0.0,0.0,-0.030524220305242176,-0.006483031812798594
0.0,-0.5,0.0,-0.01912288110031973,0.0,0.3333333333333315,0.0,0.0,0.0,-0.006483031812798594,0.1,0.0,0.0,0.0,-0.050773157527269346,0.3333333333333315,0.0,0.0,-0.01912288110031973,-0.006483031812798594
0.0,-0.5,0.0,0.017293036536566723,0.0,0.24999999999999814,0.0,0.0,0.0,-0.006483031812798594,0.0,0.0,0.0,0.0,-0.06921219196740258,0.24999999999999814,0.0,0.0,0.017293036536566723,-0.006483031812798594
0.0,-0.5,0.0,-0.01564416561098699,0.0,0.24999999999999814,0.0,0.0,0.0,-0.005819414383141945,0.0,0.0,0.0,0.0,-0.021403472627590982,0.24999999999999814,0.0,0.0,-0.01564416561098699,-0.005819414383141945
0.0,-0.5,0.0,-0.03343990669803539,0.0,0.3333333333333315,0.0,0.0,0.0,-0.006483031812798594,0.1,0.0,0.0,0.0,-0.050773157527269346,0.3333333333333315,0.0,0.0,-0.03086605939956958,-0.006483031812798594
0.0,-0.5,0.0,0.017293036536566723,0.0,0.24999999999999814,0.0,0.0,0.0,-0.006483031812798594,0.0,0.0,0.0,0.0,-0.06108573979329062,0.24999999999999814,0.0,0.0,0.017293036536566723,-0.006483031812798594
0.0,-0.5,0.0,-0.01912288110031973,0.0,0.3333333333333315,0.0,0.0,0.0,-0.005839833380977552,0.0,0.0,0.0,0.0,-0.02814499421991785,0.3333333333333315,0.0,0.0,-0.01912288110031973,-0.005839833380977552
0.0,-0.5,0.0,-0.01912288110031973,0.0,0.3333333333333315,0.0,0.0,0.0,-0.006483031812798594,0.1,0.0,0.0,0.0,-0.050773157527269346,0.3333333333333315,0.0,0.0,-0.01912288110031973,-0.006483031812798594
0.0,-0.5,0.0,0.0,0.0,0.16666666666666483,0.0,0.0,0.0,-0.006483031812798594,0.1,0.0,0.0,0.0,-0.07653744463139098,0.16666666666666483,0.0,0.0,0.0,-0.006483031812798594
0.0,-0.5,0.0,-0.01912288110031973,0.0,0.3333333333333315,0.0,0.0,0.0,-0.006483031812798594,0.1,0.0,0.0,0.0,-0.050773157527269346,0.3333333333333315,0.0,0.0,-0.01912288110031973,-0.006483031812798594
0.0,-0.5,0.0,-0.030524220305242176,0.0,0.24999999999999814,0.0,0.0,0.0,-0.005819414383141945,0.0,0.0,0.0,0.0,-0.02119744989641642,0.24999999999999814,0.0,0.0,-0.030524220305242176,-0.005819414383141945
0.0,-0.5,0.0,0.0,0.0,0.16666666666666483,0.0,0.0,0.0,-0.006483031812798594,0.0,0.0,0.0,0.0,-0.06108573979329062,0.16666666666666483,0.0,0.0,0.0,-0.006483031812798594
0.0,-0.5,0.0,-0.030524220305242176,0.0,0.24999999999999814,0.0,0.0,0.0,-0.005819414383141945,0.0,0.0,0.0,0.0,-0.02119744989641642,0.24999999999999814,0.0,0.0,-0.030524220305242176,-0.005819414383141945
0.0,-0.5,0.0,0.0,0.0,0.16666666666666483,0.0,0.0,0.0,-0.006483031812798594,0.1,0.0,0.0,0.0,-0.12415158694731536,0.16666666666666483,0.0,0.0,0.0,-0.006483031812798594
0.0,-0.5,0.0,-0.03343990669803539,0.0,0.3333333333333315,0.0,0.0,0.0,-0.006483031812798594,0.0,0.0,0.0,0.0,-0.043425013448706126,0.3333333333333315,0.0,0.0,-0.03086605939956958,-0.006483031812798594
0.0,-0.5,0.0,0.017293036536566723,0.0,0.24999999999999814,0.0,0.0,0.0,-0.006483031812798594,0.1,0.0,0.0,0.0,-0.07652599892410349,0.24999999999999814,0.0,0.0,0.017293036536566723,-0.006483031812798594
0.0,-0.5,0.0,-0.030524220305242176,0.0,0.24999999999999814,0.0,0.0,0.0,-0.006483031812798594,0.0,0.0,0.0,0.0,-0.06885737504149077,0.24999999999999814,0.0,0.0,-0.030524220305242176,-0.006483031812798594
0.0,-0.5,0.0,-0.01564416561098699,0.0,0.24999999999999814,0.0,0.0,0.0,-0.006483031812798594,0.1,0.0,0.0,0.0,-0.12380821572869104,0.24999999999999814,0.0,0.0,-0.01564416561098699,-0.006483031812798594
0.0,-0.5,0.0,-0.030524220305242176,0.0,0.24999999999999814,0.0,0.0,0.0,-0.005850042879895355,0.0,0.0,0.0,0.0,-0.02119744989641642,0.24999999999999814,0.0,0.0,-0.030524220305242176,-0.005850042879895355
0.0,-0.5,0.0,0.0,0.0,0.16666666666666483,0.0,0.0,0.0,-0.006483031812798594,0.0,0.0,0.0,0.0,-0.06925797479655256,0.16666666666666483,0.0,0.0,0.0,-0.006483031812798594
0.0,-0.5,0.0,-0.03343990669803539,0.0,0.3333333333333315,0.0,0.0,0.0,-0.006483031812798594,0.1,0.0,0.0,0.0,-0.050773157527269346,0.3333333333333315,0.0,0.0,-0.03086605939956958,-0.006483031812798594
0.0,-0.5,0.0,-0.01912288110031973,0.0,0.3333333333333315,0.0,0.0,0.0,-0.006483031812798594,0.0,0.0,0.0,0.0,-0.06108573979329062,0.3333333333333315,0.0,0.0,-0.01912288110031973,-0.006483031812798594
0.0,-0.5,0.0,-0.01564416561098699,0.0,0.24999999999999814,0.0,0.0,0.0,-0.006483031812798594,0.1,0.0,0.0,0.0,-0.09520539321727392,0.24999999999999814,0.0,0.0,-0.01564416561098699,-0.006483031812798594
0.0,-0.5,0.0,0.0,0.0,0.16666666666666483,0.0,0.0,0.0,-0.006483031812798594,0.1,0.0,0.0,0.0,-0.12419736977646532,0.16666666666666483,0.0,0.0,0.0,-0.006483031812798594
0.0,-0.5,0.0,-0.03343990669803539,0.0,0.3333333333333315,0.0,0.0,0.0,-0.006483031812798594,0.1,0.0,0.0,0.0,-0.050773157527269346,0.3333333333333315,0.0,0.0,-0.03086605939956958,-0.006483031812798594
0.0,-0.5,0.0,0.0380446803804469,0.0,0.24999999999999814,0.0,0.0,0.0,-0.006483031812798594,0.0,0.0,0.0,0.0,-0.06921219196740258,0.24999999999999814,0.0,0.0,0.0380446803804469,-0.006483031812798594
0.0,-0.5,0.0,-0.01564416561098699,0.0,0.24999999999999814,0.0,0.0,0.0,-0.006483031812798594,0.1,0.0,0.0,0.0,-0.09520539321727392,0.24999999999999814,0.0,0.0,-0.01564416561098699,-0.006483031812798594
0.0,-0.5,0.0,-0.01912288110031973,0.0,0.3333333333333315,0.0,0.0,0.0,-0.006483031812798594,0.0,0.0,0.0,0.0,-0.043425013448706126,0.3333333333333315,0.0,0.0,-0.01912288110031973,-0.006483031812798594
0.0,-0.5,0.0,-0.030524220305242176,0.0,0.24999999999999814,0.0,0.0,0.0,-0.005819414383141945,0.0,0.0,0.0,0.0,-0.02119744989641642,0.24999999999999814,0.0,0.0,-0.030524220305242176,-0.005819414383141945
0.0,-0.5,0.0,0.0,0.0,0.16666666666666483,0.0,0.0,0.0,-0.006483031812798594,0.1,0.0,0.0,0.0,-0.07653744463139098,0.16666666666666483,0.0,0.0,0.0,-0.006483031812798594
0.0,-0.5,0.0,-0.030524220305242176,0.0,0.24999999999999814,0.0,0.0,0.0,-0.006483031812798594,0.1,0.0,0.0,0.0,-0.12447206675136485,0.24999999999999814,0.0,0.0,-0.030524220305242176,-0.006483031812798594
0.0,-0.5,0.0,0.0,0.0,0.16666666666666483,0.0,0.0,0.0,-0.006483031812798594,0.0,0.0,0.0,0.0,-0.06925797479655256,0.16666666666666483,0.0,0.0,0.0,-0.006483031812798594
0.0,-0.5,0.0,0.017293036536566723,0.0,0.24999999999999814,0.0,0.0,0.0,-0.006483031812798594,0.1,0.0,0.0,0.0,-0.09520539321727392,0.24999999999999814,0.0,0.0,0.017293036536566723,-0.006483031812798594
0.0,-0.5,0.0,-0.01912288110031973,0.0,0.3333333333333315,0.0,0.0,0.0,-0.006483031812798594,0.1,0.0,0.0,0.0,-0.050773157527269346,0.3333333333333315,0.0,0.0,-0.01912288110031973,-0.006483031812798594
0.0,-0.5,0.0,0.017293036536566723,0.0,0.24999999999999814,0.0,0.0,0.0,-0.006483031812798594,0.1,0.0,0.0,0.0,-0.07652599892410349,0.24999999999999814,0.0,0.0,0.017293036536566723,-0.006483031812798594
0.0,-0.5,0.0,-0.01912288110031973,0.0,0.3333333333333315,0.0,0.0,0.0,-0.006483031812798594,0.0,0.0,0.0,0.0,-0.06108573979329062,0.3333333333333315,0.0,0.0,-0.01912288110031973,-0.006483031812798594
0.0,-0.5,0.0,0.0,0.0,0.08333333333333148,0.0,0.0,0.0,-0.006483031812798594,0.0,0.0,0.0,0.0,-0.06108573979329062,0.08333333333333148,0.0,0.0,0.0,-0.006483031812798594
0.0,-0.5,0.0,0.017293036536566723,0.0,0.24999999999999814,0.0,0.0,0.0,-0.006483031812798594,0.1,0.0,0.0,0.0,-0.12419736977646532,0.24999999999999814,0.0,0.0,0.017293036536566723,-0.006483031812798594
0.0,-0.5,0.0,0.0,0.0,0.16666666666666483,0.0,0.0,0.0,-0.006483031812798594,0.1,0.0,0.0,0.0,-0.12415158694731536,0.16666666666666483,0.0,0.0,0.0,-0.006483031812798594
0.0,-0.5,0.0,0.0,0.0,0.08333333333333148,0.0,0.0,0.0,-0.006421774819291774,0.0,0.0,0.0,0.0,-0.06921219196740258,0.08333333333333148,0.0,0.0,0.0,-0.006421774819291774
0.0,-0.5,0.0,0.017293036536566723,0.0,0.24999999999999814,0.0,0.0,0.0,-0.006483031812798594,0.1,0.0,0.0,0.0,-0.07653744463139098,0.24999999999999814,0.0,0.0,0.017293036536566723,-0.006483031812798594
0.0,-0.5,0.0,-0.030524220305242176,0.0,0.24999999999999814,0.0,0.0,0.0,-0.006483031812798594,0.0,0.0,0.0,0.0,-0.043425013448706126,0.24999999999999814,0.0,0.0,-0.030524220305242176,-0.006483031812798594
0.0,-0.5,0.0,0.0,0.0,0.16666666666666483,0.0,0.0,0.0,-0.006483031812798594,0.1,0.0,0.0,0.0,-0.09520539321727392,0.16666666666666483,0.0,0.0,0.0,-0.006483031812798594
0.0,-0.5,0.0,0.0,0.0,0.16666666666666483,0.0,0.0,0.0,-0.006483031812798594,0.1,0.0,0.0,0.0,-0.07653744463139098,0.16666666666666483,0.0,0.0,0.0,-0.006483031812798594
0.0,-0.5,0.0,0.017293036536566723,0.0,0.24999999999999814,0.0,0.0,0.0,-0.006483031812798594,0.0,0.0,0.0,0.0,-0.06921219196740258,0.24999999999999814,0.0,0.0,0.017293036536566723,-0.006483031812798594
0.0,-0.5,0.0,0.017293036536566723,0.0,0.24999999999999814,0.0,0.0,0.0,-0.006483031812798594,0.1,0.0,0.0,0.0,-0.09520539321727392,0.24999999999999814,0.0,0.0,0.017293036536566723,-0.006483031812798594
0.0,-0.5,0.0,-0.01564416561098699,0.0,0.24999999999999814,0.0,0.0,0.0,-0.005819414383141945,0.0,0.0,0.0,0.0,-0.021403472627590982,0.24999999999999814,0.0,0.0,-0.01564416561098699,-0.005819414383141945
0.0,-0.5,0.0,0.017293036536566723,0.0,0.24999999999999814,0.0,0.0,0.0,-0.006483031812798594,0.0,0.0,0.0,0.0,-0.06108573979329062,0.24999999999999814,0.0,0.0,0.017293036536566723,-0.006483031812798594
0.0,-0.5,0.0,0.017293036536566723,0.0,0.24999999999999814,0.0,0.0,0.0,-0.006483031812798594,0.1,0.0,0.0,0.0,-0.07653744463139098,0.24999999999999814,0.0,0.0,0.017293036536566723,-0.006483031812798594
0.0,-0.5,0.0,-0.030524220305242176,0.0,0.24999999999999814,0.0,0.0,0.0,-0.006483031812798594,0.1,0.0,0.0,0.0,-0.12447206675136485,0.24999999999999814,0.0,0.0,-0.030524220305242176,-0.006483031812798594
0.0,-0.5,0.0,0.017293036536566723,0.0,0.24999999999999814,0.0,0.0,0.0,-0.006483031812798594,0.1,0.0,0.0,0.0,-0.12419736977646532,0.24999999999999814,0.0,0.0,0.017293036536566723,-0.006483031812798594
0.0,-0.5,0.0,-0.030524220305242176,0.0,0.24999999999999814,0.0,0.0,0.0,-0.006483031812798594,0.0,0.0,0.0,0.0,-0.06108573979329062,0.24999999999999814,0.0,0.0,-0.030524220305242176,-0.006483031812798594
0.0,-0.5,0.0,-0.030524220305242176,0.0,0.24999999999999814,0.0,0.0,0.0,-0.006483031812798594,0.0,0.0,0.0,0.0,-0.06885737504149077,0.24999999999999814,0.0,0.0,-0.030524220305242176,-0.006483031812798594
0.0,-0.5,0.0,0.017293036536566723,0.0,0.24999999999999814,0.0,0.0,0.0,-0.006483031812798594,0.1,0.0,0.0,0.0,-0.12499856928658906,0.24999999999999814,0.0,0.0,0.017293036536566723,-0.006483031812798594
0.0,-0.5,0.0,-0.03343990669803539,0.0,0.3333333333333315,0.0,0.0,0.0,-0.006421774819291774,0.0,0.0,0.0,0.0,-0.043425013448706126,0.3333333333333315,0.0,0.0,-0.03086605939956958,-0.006421774819291774
0.0,-0.5,0.0,-0.013392049224829582,0.0,0.16666666666666483,0.0,0.0,0.0,-0.006421774819291774,0.1,0.0,0.0,0.0,-0.12380821572869104,0.16666666666666483,0.0,0.0,-0.013392049224829582,-0.006421774819291774
0.0,-0.5,0.0,0.0,0.0,0.16666666666666483,0.0,0.0,0.0,-0.006483031812798594,0.1,0.0,0.0,0.0,-0.12415158694731536,0.16666666666666483,0.0,0.0,0.0,-0.006483031812798594
0.0,-0.5,0.0,0.0,0.0,0.16666666666666483,0.0,0.0,0.0,-0.006483031812798594,0.1,0.0,0.0,0.0,-0.09520539321727392,0.16666666666666483,0.0,0.0,0.0,-0.006483031812798594
0.0,-0.5,0.0,-0.01564416561098699,0.0,0.24999999999999814,0.0,0.0,0.0,-0.006483031812798594,0.1,0.0,0.0,0.0,-0.09520539321727392,0.24999999999999814,0.0,0.0,-0.01564416561098699,-0.006483031812798594
0.0,-0.5,0.0,0.0,0.0,0.08333333333333148,0.0,0.0,0.0,-0.006483031812798594,0.1,0.0,0.0,0.0,-0.12419736977646532,0.08333333333333148,0.0,0.0,0.0,-0.006483031812798594
0.0,-0.5,0.0,0.0,0.0,0.16666666666666483,0.0,0.0,0.0,-0.006483031812798594,0.0,0.0,0.0,0.0,-0.06925797479655256,0.16666666666666483,0.0,0.0,0.0,-0.006483031812798594
0.0,-0.5,0.0,-0.030524220305242176,0.0,0.24999999999999814,0.0,0.0,0.0,-0.006483031812798594,0.1,0.0,0.0,0.0,-0.050773157527269346,0.24999999999999814,0.0,0.0,-0.030524220305242176,-0.006483031812798594
0.0,-0.5,0.0,0.0,0.0,0.16666666666666483,0.0,0.0,0.0,-0.006483031812798594,0.1,0.0,0.0,0.0,-0.12415158694731536,0.16666666666666483,0.0,0.0,0.0,-0.006483031812798594
0.0,-0.5,0.0,0.0,0.0,0.16666666666666483,0.0,0.0,0.0,-0.006483031812798594,0.1,0.0,0.0,0.0,-0.09520539321727392,0.16666666666666483,0.0,0.0,0.0,-0.006483031812798594
0.0,-0.5,0.0,0.0,0.0,0.08333333333333148,0.0,0.0,0.0,-0.006483031812798594,0.1,0.0,0.0,0.0,-0.12499856928658906,0.08333333333333148,0.0,0.0,0.0,-0.006483031812798594
0.0,-0.5,0.0,0.0380446803804469,0.0,0.24999999999999814,0.0,0.0,0.0,-0.006483031812798594,0.0,0.0,0.0,0.0,-0.06921219196740258,0.24999999999999814,0.0,0.0,0.0380446803804469,-0.006483031812798594
0.0,-0.5,0.0,0.0,0.0,0.16666666666666483,0.0,0.0,0.0,-0.006483031812798594,0.0,0.0,0.0,0.0,-0.06921219196740258,0.16666666666666483,0.0,0.0,0.0,-0.006483031812798594
0.0,-0.5,0.0,0.017293036536566723,0.0,0.24999999999999814,0.0,0.0,0.0,-0.006483031812798594,0.1,0.0,0.0,0.0,-0.12415158694731536,0.24999999999999814,0.0,0.0,0.017293036536566723,-0.006483031812798594
0.0,-0.5,0.0,0.0380446803804469,0.0,0.16666666666666483,0.0,0.0,0.0,-0.006483031812798594,0.1,0.0,0.0,0.0,-0.09520539321727392,0.16666666666666483,0.0,0.0,0.0380446803804469,-0.006483031812798594
0.0,-0.5,0.0,-0.01564416561098699,0.0,0.24999999999999814,0.0,0.0,0.0,-0.006483031812798594,0.1,0.0,0.0,0.0,-0.050773157527269346,0.24999999999999814,0.0,0.0,-0.01564416561098699,-0.006483031812798594
0.0,-0.5,0.0,0.0,0.0,0.16666666666666483,0.0,0.0,0.0,-0.005839833380977552,0.0,0.0,0.0,0.0,-0.03856058785152625,0.16666666666666483,0.0,0.0,0.0,-0.005839833380977552
0.0,-0.5,0.0,0.0,0.0,0.16666666666666483,0.0,0.0,0.0,-0.006483031812798594,0.0,0.0,0.0,0.0,-0.06921219196740258,0.16666666666666483,0.0,0.0,0.0,-0.006483031812798594
0.0,-0.5,0.0,0.017293036536566723,0.0,0.24999999999999814,0.0,0.0,0.0,-0.005819414383141945,0.0,0.0,0.0,0.0,-0.021552266822328237,0.24999999999999814,0.0,0.0,0.017293036536566723,-0.005819414383141945
0.0,-0.5,0.0,-0.01912288110031973,0.0,0.3333333333333315,0.0,0.0,0.0,-0.006483031812798594,0.0,0.0,0.0,0.0,-0.043425013448706126,0.3333333333333315,0.0,0.0,-0.01912288110031973,-0.006483031812798594
0.0,-0.5,0.0,-0.01564416561098699,0.0,0.24999999999999814,0.0,0.0,0.0,-0.006483031812798594,0.0,0.0,0.0,0.0,-0.06906339777266533,0.24999999999999814,0.0,0.0,-0.01564416561098699,-0.006483031812798594
0.0,-0.5,0.0,0.0,0.0,0.16666666666666483,0.0,0.0,0.0,-0.006483031812798594,0.1,0.0,0.0,0.0,-0.07653744463139098,0.16666666666666483,0.0,0.0,0.0,-0.006483031812798594
0.0,-0.5,0.0,-0.030524220305242176,0.0,0.24999999999999814,0.0,0.0,0.0,-0.006483031812798594,0.1,0.0,0.0,0.0,-0.050773157527269346,0.24999999999999814,0.0,0.0,-0.030524220305242176,-0.006483031812798594
0.0,-0.5,0.0,0.0,0.0,0.08333333333333148,0.0,0.0,0.0,-0.005819414383141945,0.0,0.0,0.0,0.0,-0.021552266822328237,0.08333333333333148,0.0,0.0,0.0,-0.005819414383141945
0.0,-0.5,0.0,0.017293036536566723,0.0,0.24999999999999814,0.0,0.0,0.0,-0.006483031812798594,0.0,0.0,0.0,0.0,-0.06921219196740258,0.24999999999999814,0.0,0.0,0.017293036536566723,-0.006483031812798594
0.0,-0.5,0.0,0.0,0.0,0.16666666666666483,0.0,0.0,0.0,-0.006483031812798594,0.0,0.0,0.0,0.0,-0.06925797479655256,0.16666666666666483,0.0,0.0,0.0,-0.006483031812798594
0.0,-0.5,0.0,-0.01564416561098699,0.0,0.24999999999999814,0.0,0.0,0.0,-0.006483031812798594,0.0,0.0,0.0,0.0,-0.06108573979329062,0.24999999999999814,0.0,0.0,-0.01564416561098699,-0.006483031812798594
