0.970000,0.066667,67.148508,0.090084,0.156321,0.960000,0.044444,115.429840,0.062799,0.235490,0.940000,0.066667,122.965282,0.019600,0.759802
0.970000,0.066667,67.148508,0.090084,0.154850,0.960000,0.044444,115.429840,0.062799,0.230142,0.940000,0.066667,126.585193,0.063774,0.761047
0.970000,0.066667,63.202165,0.075388,0.158014,0.970000,0.044444,120.328165,0.067035,0.167868,0.945000,0.088889,115.434245,0.019600,0.765539
0.970000,0.066667,67.148508,0.078966,0.153066,0.970000,0.044444,113.901824,0.065361,0.167868,0.940000,0.088889,126.361897,0.019600,0.759802
0.970000,0.066667,71.341261,0.078966,0.154850,0.970000,0.044444,113.901824,0.065361,0.167868,0.940000,0.088889,124.662807,0.019600,0.758452
0.970000,0.066667,67.148508,0.090506,0.153066,0.960000,0.066667,110.458120,0.062165,0.205384,0.940000,0.066667,112.636514,0.019600,0.759802
0.970000,0.066667,63.202165,0.090513,0.154850,0.960000,0.066667,110.458120,0.062165,0.237729,0.940000,0.066667,126.585193,0.019600,0.764057
0.970000,0.044444,95.718638,0.090256,0.154850,0.960000,0.066667,115.429840,0.062799,0.239105,0.945000,0.066667,90.127888,0.019600,0.760889
0.970000,0.066667,67.148508,0.090609,0.154850,0.960000,0.044444,115.429840,0.062799,0.237745,0.940000,0.066667,115.747822,0.019600,0.757707
0.970000,0.066667,63.202165,0.090609,0.156321,0.960000,0.044444,115.429840,0.062799,0.239417,0.940000,0.066667,122.965282,0.019600,0.751346
0.970000,0.066667,67.148508,0.082628,0.153236,0.960000,0.044444,115.429840,0.062799,0.210423,0.940000,0.066667,122.965282,0.019600,0.759802
0.970000,0.066667,67.148508,0.090513,0.154850,0.960000,0.044444,110.458120,0.062165,0.230142,0.940000,0.066667,112.636514,0.019600,0.758452
0.970000,0.044444,67.148508,0.078728,0.149756,0.960000,0.044444,115.429840,0.062799,0.199332,0.945000,0.066667,112.636514,0.019600,0.766948
0.970000,0.066667,63.202165,0.082628,0.156321,0.960000,0.044444,115.429840,0.062799,0.210451,0.945000,0.066667,112.636514,0.019600,0.766867
0.970000,0.066667,67.148508,0.078966,0.156321,0.970000,0.066667,113.901824,0.065361,0.169028,0.940000,0.088889,135.396275,0.064910,0.761047
0.970000,0.066667,63.202165,0.086554,0.154850,0.970000,0.044444,120.328165,0.066778,0.173534,0.940000,0.088889,135.396275,0.065589,0.759802
0.970000,0.066667,63.202165,0.078700,0.154850,0.970000,0.044444,120.328165,0.067035,0.169028,0.945000,0.088889,126.361897,0.019600,0.765519
0.970000,0.066667,63.202165,0.090084,0.154850,0.960000,0.044444,115.429840,0.062799,0.226426,0.940000,0.066667,115.747822,0.019600,0.758768
0.970000,0.066667,67.148508,0.078966,0.153066,0.970000,0.044444,113.901824,0.065361,0.167868,0.940000,0.088889,135.396275,0.064910,0.759802
0.970000,0.066667,67.148508,0.078700,0.154850,0.970000,0.044444,120.328165,0.067035,0.167868,0.940000,0.088889,135.396275,0.065589,0.761462
0.970000,0.044444,98.517482,0.097981,0.153236,0.960000,0.044444,115.429840,0.062799,0.214968,0.945000,0.066667,0.000000,0.019600,0.767669
0.970000,0.044444,100.365256,0.097981,0.156321,0.970000,0.044444,113.901824,0.065361,0.167868,0.945000,0.066667,108.249759,0.019600,0.090148
0.970000,0.066667,63.202165,0.078728,0.159045,0.960000,0.066667,115.429840,0.062799,0.209156,0.940000,0.066667,115.747822,0.019600,0.756192
0.970000,0.044444,104.728134,0.093696,0.153236,0.960000,0.066667,110.458120,0.062165,0.213767,0.945000,0.066667,0.000000,0.019600,0.766352
0.970000,0.044444,63.202165,0.074411,0.149756,0.970000,0.044444,120.328165,0.067035,0.167868,0.940000,0.088889,115.434245,0.019600,0.761200
0.970000,0.066667,67.148508,0.090609,0.154850,0.960000,0.066667,115.429840,0.062799,0.237904,0.945000,0.066667,115.747822,0.019600,0.760413
0.970000,0.044444,63.202165,0.075388,0.149756,0.970000,0.066667,113.901824,0.065361,0.169028,0.940000,0.088889,126.361897,0.019600,0.762892
0.970000,0.066667,67.148508,0.090513,0.154850,0.960000,0.066667,110.458120,0.062165,0.237785,0.940000,0.066667,115.747822,0.019600,0.758768
0.970000,0.044444,104.728134,0.111859,0.154850,0.960000,0.044444,110.458120,0.062079,0.232613,0.945000,0.066667,98.708063,0.019600,0.087841
0.970000,0.044444,104.728134,0.093579,0.153236,0.960000,0.066667,120.625337,0.062969,0.213767,0.945000,0.066667,0.000000,0.019600,0.759308
0.970000,0.066667,67.148508,0.087302,0.154850,0.970000,0.044444,113.901824,0.065361,0.173534,0.945000,0.088889,124.662807,0.019600,0.768111
0.965000,0.066667,36.439487,0.075230,0.156321,0.960000,0.044444,115.429840,0.062799,0.210451,0.940000,0.066667,112.636514,0.019600,0.758787
0.970000,0.066667,67.148508,0.090084,0.154850,0.960000,0.044444,115.429840,0.062799,0.235460,0.940000,0.066667,122.965282,0.019600,0.757523
0.970000,0.066667,63.202165,0.087302,0.154850,0.970000,0.044444,113.901824,0.065361,0.173534,0.940000,0.088889,124.662807,0.019600,0.758452
0.970000,0.044444,101.070467,0.096060,0.154850,0.970000,0.044444,113.901824,0.065361,0.176004,0.945000,0.066667,108.249759,0.019600,0.755619
0.970000,0.044444,95.718638,0.094908,0.153066,0.970000,0.044444,113.901824,0.065361,0.167868,0.945000,0.066667,117.797387,0.057345,0.090148
0.970000,0.044444,100.365256,0.093696,0.156321,0.960000,0.066667,110.458120,0.062165,0.213767,0.945000,0.066667,0.000000,0.019600,0.757029
0.970000,0.044444,98.517482,0.101133,0.154850,0.960000,0.066667,110.458120,0.062066,0.239105,0.945000,0.066667,0.000000,0.019600,0.762299
0.970000,0.044444,100.365256,0.093401,0.153066,0.970000,0.044444,113.901824,0.065361,0.167868,0.945000,0.066667,108.249759,0.019600,0.755619
0.970000,0.066667,63.202165,0.078728,0.153236,0.960000,0.066667,115.429840,0.062799,0.209128,0.940000,0.066667,126.585193,0.063774,0.761482
0.970000,0.066667,63.202165,0.086554,0.154850,0.970000,0.044444,120.328165,0.066778,0.176004,0.945000,0.088889,135.396275,0.065589,0.766867
0.970000,0.066667,67.148508,0.090506,0.153066,0.960000,0.044444,110.458120,0.062165,0.202263,0.940000,0.066667,115.747822,0.019600,0.758768
0.970000,0.066667,63.202165,0.090506,0.154850,0.960000,0.066667,110.458120,0.062165,0.210451,0.945000,0.066667,115.747822,0.019600,0.768111
0.970000,0.066667,67.148508,0.090506,0.154850,0.960000,0.066667,110.458120,0.062165,0.210451,0.940000,0.066667,122.965282,0.019600,0.759802
0.970000,0.066667,67.148508,0.078700,0.154850,0.970000,0.044444,120.328165,0.067035,0.167868,0.940000,0.088889,126.361897,0.019600,0.762812
0.970000,0.044444,100.365256,0.102047,0.156321,0.960000,0.066667,110.458120,0.062165,0.209879,0.945000,0.066667,98.708063,0.019600,0.086394
0.970000,0.044444,100.365256,0.102047,0.154850,0.960000,0.066667,110.458120,0.062079,0.249549,0.945000,0.066667,0.000000,0.019600,0.752083
0.970000,0.066667,67.148508,0.090513,0.154850,0.960000,0.066667,110.458120,0.062165,0.237755,0.940000,0.066667,115.747822,0.019600,0.738882
0.970000,0.044444,95.718638,0.089608,0.149756,0.960000,0.044444,115.429840,0.062799,0.203327,0.945000,0.066667,98.708063,0.048502,0.755635
0.970000,0.044444,104.728134,0.098551,0.154850,0.960000,0.044444,115.429840,0.062799,0.233740,0.945000,0.066667,98.708063,0.046921,0.084633
0.970000,0.044444,95.718638,0.087513,0.154850,0.970000,0.044444,120.328165,0.066778,0.173534,0.945000,0.066667,108.249759,0.019600,0.757898
0.970000,0.066667,67.148508,0.090084,0.156321,0.960000,0.044444,115.429840,0.062799,0.230142,0.945000,0.066667,126.585193,0.063774,0.765519
0.970000,0.044444,67.148508,0.077511,0.149756,0.960000,0.044444,115.429840,0.062799,0.198714,0.945000,0.066667,122.965282,0.019600,0.768264
0.970000,0.066667,67.148508,0.090609,0.156321,0.960000,0.044444,115.429840,0.062799,0.239417,0.940000,0.066667,115.747822,0.019600,0.756392
0.970000,0.066667,67.148508,0.090296,0.154850,0.970000,0.044444,113.901824,0.064430,0.174664,0.940000,0.088889,115.434245,0.019600,0.752661
0.970000,0.066667,67.148508,0.090609,0.154850,0.960000,0.044444,115.429840,0.062799,0.239360,0.940000,0.066667,112.636514,0.019600,0.757707
0.970000,0.066667,67.148508,0.090084,0.156321,0.960000,0.066667,115.429840,0.062799,0.237785,0.940000,0.066667,115.747822,0.019600,0.756173
0.970000,0.066667,39.653450,0.082938,0.154850,0.960000,0.066667,115.429840,0.062799,0.237729,0.940000,0.066667,112.636514,0.019600,0.758452
0.970000,0.066667,67.148508,0.078966,0.153236,0.970000,0.044444,113.901824,0.065361,0.167868,0.940000,0.088889,124.662807,0.019600,0.764057
0.970000,0.066667,67.148508,0.090084,0.154850,0.960000,0.044444,115.429840,0.062799,0.230142,0.940000,0.066667,115.747822,0.019600,0.758452
0.970000,0.044444,95.718638,0.096463,0.154850,0.970000,0.044444,113.901824,0.065361,0.173534,0.945000,0.066667,117.797387,0.057975,0.084633
0.970000,0.066667,63.202165,0.078700,0.153236,0.970000,0.044444,120.328165,0.067035,0.169028,0.940000,0.088889,124.662807,0.020665,0.761462
0.970000,0.044444,100.365256,0.087490,0.153066,0.970000,0.044444,120.328165,0.067035,0.167868,0.945000,0.088889,90.127888,0.019600,0.760905
0.970000,0.066667,63.202165,0.078966,0.153066,0.970000,0.044444,113.901824,0.065361,0.167868,0.940000,0.088889,115.434245,0.019600,0.761047
0.970000,0.044444,104.728134,0.087490,0.149756,0.970000,0.044444,120.328165,0.067035,0.167868,0.945000,0.088889,108.249759,0.019600,0.766368
0.970000,0.066667,63.202165,0.090506,0.154850,0.960000,0.066667,110.458120,0.062165,0.205412,0.940000,0.066667,115.747822,0.019600,0.764057
0.970000,0.044444,63.202165,0.075388,0.149756,0.970000,0.044444,120.328165,0.067035,0.167868,0.940000,0.088889,126.361897,0.019600,0.757603
0.970000,0.066667,63.202165,0.090506,0.154850,0.960000,0.044444,110.458120,0.062165,0.202290,0.940000,0.066667,122.965282,0.019600,0.762812
0.970000,0.044444,104.728134,0.093579,0.151221,0.960000,0.066667,110.458120,0.062165,0.203327,0.945000,0.066667,0.000000,0.019600,0.757914
0.970000,0.044444,104.728134,0.093579,0.153236,0.960000,0.066667,115.429840,0.062799,0.213767,0.945000,0.066667,90.127888,0.019600,0.759308
0.970000,0.066667,67.148508,0.090609,0.154850,0.960000,0.044444,115.429840,0.062799,0.237715,0.945000,0.066667,126.585193,0.063774,0.760413
0.970000,0.066667,67.148508,0.090513,0.154850,0.960000,0.066667,110.458120,0.062165,0.237755,0.940000,0.066667,115.747822,0.019600,0.761462
0.970000,0.066667,63.202165,0.086554,0.156321,0.970000,0.044444,120.328165,0.066778,0.176004,0.940000,0.088889,135.396275,0.065589,0.761047
0.970000,0.066667,63.202165,0.078966,0.156321,0.970000,0.044444,113.901824,0.065361,0.167868,0.940000,0.088889,126.361897,0.019600,0.761047
0.970000,0.066667,63.202165,0.090609,0.154850,0.960000,0.044444,115.429840,0.062799,0.237745,0.940000,0.066667,112.636514,0.019600,0.753621
0.970000,0.066667,43.786693,0.075632,0.154850,0.970000,0.044444,113.901824,0.065361,0.176004,0.940000,0.088889,135.396275,0.064910,0.758452
0.970000,0.066667,67.148508,0.082628,0.153236,0.960000,0.044444,115.429840,0.062799,0.210423,0.940000,0.066667,126.585193,0.062821,0.761462
0.965000,0.066667,40.108723,0.068818,0.156321,0.970000,0.044444,120.328165,0.066778,0.173534,0.940000,0.088889,135.396275,0.065589,0.761478
0.970000,0.066667,63.202165,0.090506,0.153066,0.960000,0.044444,110.458120,0.062165,0.202263,0.940000,0.066667,112.636514,0.019600,0.761462
0.970000,0.066667,63.202165,0.090296,0.156321,0.970000,0.044444,113.901824,0.064430,0.174664,0.940000,0.066667,126.361897,0.019600,0.752661
0.970000,0.066667,63.202165,0.085156,0.151221,0.960000,0.044444,110.458120,0.062165,0.199359,0.940000,0.066667,112.636514,0.019600,0.756192
0.970000,0.044444,104.728134,0.089608,0.153236,0.970000,0.044444,113.901824,0.065361,0.167868,0.945000,0.066667,108.249759,0.019600,0.760905
0.970000,0.066667,67.148508,0.085156,0.149756,0.960000,0.066667,110.458120,0.062165,0.209128,0.945000,0.066667,115.747822,0.019600,0.766948
0.970000,0.044444,98.517482,0.097981,0.154850,0.960000,0.044444,115.429840,0.062799,0.209879,0.945000,0.066667,0.000000,0.019600,0.090148
0.970000,0.066667,63.202165,0.090506,0.153236,0.960000,0.066667,110.458120,0.062165,0.211922,0.940000,0.066667,138.813322,0.065589,0.759802
0.970000,0.044444,100.365256,0.093579,0.149756,0.960000,0.066667,110.458120,0.062165,0.203327,0.945000,0.066667,90.127888,0.019600,0.763633
0.970000,0.066667,63.202165,0.090513,0.154850,0.960000,0.044444,110.458120,0.062165,0.235490,0.940000,0.066667,112.636514,0.019600,0.758768
0.965000,0.066667,36.439487,0.081203,0.153236,0.960000,0.066667,110.458120,0.062165,0.210399,0.940000,0.066667,112.636514,0.019600,0.761478
0.970000,0.066667,63.202165,0.090084,0.154850,0.960000,0.066667,115.429840,0.062799,0.237755,0.940000,0.066667,115.747822,0.019600,0.761462
0.970000,0.066667,67.148508,0.085156,0.151137,0.960000,0.066667,110.458120,0.062165,0.198741,0.940000,0.066667,112.636514,0.019600,0.761200
0.970000,0.066667,63.202165,0.090609,0.154850,0.960000,0.044444,115.429840,0.062799,0.237715,0.940000,0.066667,112.636514,0.019600,0.754936
0.970000,0.066667,63.202165,0.075388,0.151009,0.970000,0.044444,120.328165,0.067035,0.169028,0.940000,0.088889,135.396275,0.065589,0.759882
0.970000,0.044444,98.517482,0.096060,0.159045,0.960000,0.066667,110.458120,0.062165,0.203327,0.945000,0.066667,0.000000,0.019600,0.090148
0.965000,0.066667,36.935669,0.077526,0.154850,0.960000,0.044444,115.429840,0.062799,0.230113,0.945000,0.066667,122.965282,0.019600,0.766883
0.970000,0.066667,63.202165,0.090084,0.154850,0.960000,0.044444,115.429840,0.062799,0.230087,0.940000,0.066667,126.585193,0.063774,0.761462
0.970000,0.066667,63.202165,0.090513,0.156321,0.960000,0.044444,110.458120,0.062165,0.230142,0.940000,0.066667,122.965282,0.019600,0.761047
0.970000,0.066667,67.148508,0.087302,0.154850,0.970000,0.044444,113.901824,0.065361,0.173534,0.940000,0.088889,126.361897,0.019600,0.761047
0.970000,0.044444,104.728134,0.093579,0.149756,0.960000,0.066667,110.458120,0.062165,0.203327,0.945000,0.066667,0.000000,0.019600,0.758363
0.970000,0.066667,63.202165,0.090084,0.154850,0.960000,0.066667,115.429840,0.062799,0.237755,0.940000,0.066667,122.965282,0.019600,0.761462
0.970000,0.066667,40.503655,0.077689,0.153236,0.960000,0.066667,115.429840,0.062799,0.211946,0.940000,0.066667,122.965282,0.019600,0.761462
0.970000,0.066667,67.148508,0.087302,0.156321,0.970000,0.044444,113.901824,0.065361,0.173534,0.940000,0.088889,126.361897,0.019600,0.764057
0.970000,0.066667,63.202165,0.090506,0.153236,0.960000,0.066667,110.458120,0.062165,0.210423,0.940000,0.066667,126.585193,0.019600,0.761462
0.970000,0.066667,67.148508,0.082628,0.154850,0.960000,0.044444,115.429840,0.062799,0.210451,0.940000,0.066667,122.965282,0.019600,0.758452
0.970000,0.066667,67.148508,0.082628,0.154850,0.960000,0.044444,115.429840,0.062799,0.210451,0.940000,0.066667,122.965282,0.019600,0.759802
0.970000,0.066667,67.148508,0.090506,0.156321,0.960000,0.066667,110.458120,0.062165,0.210451,0.945000,0.066667,122.965282,0.019600,0.766867
0.970000,0.044444,100.365256,0.097008,0.156321,0.960000,0.044444,115.429840,0.062799,0.233740,0.945000,0.066667,90.127888,0.019600,0.087841
0.970000,0.066667,63.202165,0.082628,0.153066,0.960000,0.044444,115.429840,0.062799,0.205360,0.940000,0.066667,112.636514,0.019600,0.759802
0.970000,0.044444,100.365256,0.097008,0.154850,0.970000,0.044444,113.901824,0.065361,0.173534,0.945000,0.066667,98.708063,0.019600,0.084633
0.970000,0.044444,67.148508,0.077511,0.149756,0.970000,0.044444,113.901824,0.065361,0.167868,0.940000,0.088889,115.434245,0.019600,0.741236
0.970000,0.066667,67.148508,0.090506,0.156321,0.960000,0.066667,110.458120,0.062165,0.205412,0.940000,0.066667,126.585193,0.019600,0.764057
0.970000,0.044444,98.517482,0.087490,0.154850,0.970000,0.044444,120.328165,0.067035,0.167868,0.945000,0.066667,98.708063,0.019600,0.760626
0.970000,0.066667,63.202165,0.090084,0.154850,0.960000,0.044444,120.625337,0.062833,0.235460,0.940000,0.066667,112.636514,0.019600,0.759802
0.970000,0.066667,63.202165,0.078966,0.153236,0.970000,0.044444,113.901824,0.065361,0.167868,0.940000,0.088889,126.361897,0.019600,0.761047
0.970000,0.066667,63.202165,0.090513,0.154850,0.960000,0.066667,110.458120,0.062165,0.237785,0.940000,0.066667,126.585193,0.019600,0.764057
0.970000,0.066667,63.202165,0.077902,0.153066,0.970000,0.044444,120.328165,0.067035,0.167868,0.940000,0.088889,124.662807,0.025958,0.761047
0.970000,0.066667,39.653450,0.095051,0.154850,0.960000,0.044444,110.458120,0.062079,0.239386,0.940000,0.066667,126.585193,0.019600,0.752213
0.970000,0.066667,67.148508,0.090513,0.156321,0.960000,0.044444,110.458120,0.062165,0.235490,0.940000,0.066667,112.636514,0.019600,0.759802
0.970000,0.066667,63.202165,0.090506,0.156321,0.960000,0.066667,110.458120,0.062165,0.210451,0.940000,0.066667,138.813322,0.065589,0.761047
0.970000,0.066667,63.202165,0.082628,0.154850,0.960000,0.044444,115.429840,0.062799,0.210451,0.940000,0.066667,122.965282,0.019600,0.761047
0.970000,0.044444,100.365256,0.101133,0.156321,0.960000,0.044444,115.429840,0.062799,0.209879,0.945000,0.066667,90.127888,0.019600,0.090148
0.970000,0.044444,100.365256,0.093395,0.149756,0.970000,0.066667,113.901824,0.065361,0.169028,0.945000,0.066667,117.797387,0.059541,0.085947
0.970000,0.066667,67.148508,0.090506,0.154850,0.960000,0.066667,110.458120,0.062165,0.210451,0.945000,0.066667,112.636514,0.019600,0.765519
0.970000,0.066667,63.202165,0.090513,0.154850,0.960000,0.044444,110.458120,0.062165,0.230113,0.940000,0.066667,126.585193,0.019600,0.762812
0.970000,0.044444,98.517482,0.093395,0.153066,0.970000,0.044444,113.901824,0.065361,0.167868,0.945000,0.088889,98.708063,0.019600,0.090148
0.970000,0.044444,104.728134,0.093579,0.153236,0.960000,0.066667,115.429840,0.062799,0.213767,0.945000,0.066667,0.000000,0.019600,0.738882
0.970000,0.044444,100.365256,0.087490,0.156321,0.970000,0.044444,120.328165,0.067035,0.167868,0.945000,0.088889,108.249759,0.019600,0.760889
0.970000,0.066667,67.148508,0.087302,0.156321,0.970000,0.044444,120.328165,0.066778,0.179085,0.945000,0.088889,115.434245,0.019600,0.761727
0.970000,0.044444,63.202165,0.075388,0.151083,0.970000,0.044444,120.328165,0.067035,0.167868,0.945000,0.088889,115.434245,0.019600,0.749654
0.970000,0.066667,67.148508,0.090296,0.154850,0.970000,0.044444,113.901824,0.064430,0.174664,0.940000,0.088889,126.361897,0.019600,0.735233
0.970000,0.044444,104.728134,0.087800,0.153236,0.960000,0.044444,115.429840,0.062799,0.203327,0.945000,0.066667,0.000000,0.019600,0.744528
0.970000,0.066667,67.148508,0.082628,0.153236,0.960000,0.066667,115.429840,0.062799,0.211946,0.940000,0.066667,115.747822,0.019600,0.757523
0.970000,0.044444,100.365256,0.097008,0.154850,0.960000,0.044444,115.429840,0.062799,0.221521,0.945000,0.066667,90.127888,0.019600,0.084633
0.970000,0.066667,67.148508,0.076496,0.151221,0.970000,0.044444,113.901824,0.065361,0.167868,0.940000,0.088889,124.662807,0.019600,0.758472
0.970000,0.066667,67.148508,0.090513,0.156321,0.960000,0.044444,110.458120,0.062165,0.230142,0.940000,0.066667,126.585193,0.019600,0.761462
0.970000,0.066667,63.202165,0.090084,0.154850,0.960000,0.044444,115.429840,0.062799,0.235490,0.940000,0.066667,112.636514,0.019600,0.759802
0.970000,0.066667,63.202165,0.090296,0.154850,0.970000,0.044444,113.901824,0.064430,0.174664,0.940000,0.088889,124.662807,0.019600,0.751346
0.970000,0.066667,63.202165,0.082628,0.156321,0.960000,0.044444,115.429840,0.062799,0.210451,0.940000,0.066667,112.636514,0.019600,0.764057
0.965000,0.066667,36.439487,0.074411,0.151013,0.960000,0.066667,110.458120,0.062165,0.203691,0.940000,0.066667,122.965282,0.019600,0.758491
0.970000,0.066667,63.202165,0.090084,0.154850,0.960000,0.044444,115.429840,0.062799,0.230142,0.940000,0.066667,112.636514,0.019600,0.758452
0.970000,0.066667,67.148508,0.090609,0.154850,0.960000,0.044444,115.429840,0.062799,0.237745,0.940000,0.066667,126.585193,0.063774,0.754936
0.970000,0.066667,67.148508,0.077511,0.151009,0.960000,0.066667,115.429840,0.062799,0.209156,0.940000,0.066667,115.747822,0.019600,0.757603
0.965000,0.066667,36.439487,0.081203,0.153066,0.960000,0.066667,110.458120,0.062165,0.205384,0.945000,0.066667,122.965282,0.019600,0.765534
0.970000,0.066667,67.148508,0.097185,0.156321,0.960000,0.066667,110.458120,0.062079,0.237904,0.940000,0.066667,126.585193,0.019600,0.753621
0.970000,0.044444,104.728134,0.093696,0.153236,0.960000,0.066667,115.429840,0.062799,0.213767,0.945000,0.066667,0.000000,0.019600,0.090148
0.970000,0.066667,63.202165,0.082628,0.156321,0.960000,0.066667,115.429840,0.062799,0.211974,0.940000,0.066667,126.585193,0.063774,0.762812
0.970000,0.066667,67.148508,0.090513,0.154850,0.960000,0.044444,110.458120,0.062165,0.235490,0.940000,0.066667,122.965282,0.019600,0.759802
0.970000,0.044444,100.365256,0.093579,0.149756,0.960000,0.066667,110.458120,0.062165,0.203327,0.945000,0.066667,0.000000,0.019600,0.763633
0.970000,0.066667,39.653450,0.078846,0.156321,0.960000,0.044444,115.429840,0.062799,0.205412,0.945000,0.066667,112.636514,0.019600,0.765519
0.970000,0.066667,67.148508,0.087302,0.154850,0.970000,0.044444,113.901824,0.065361,0.173534,0.940000,0.088889,124.662807,0.019600,0.761462
0.970000,0.044444,104.728134,0.098551,0.156321,0.960000,0.044444,115.429840,0.062799,0.233740,0.945000,0.066667,98.708063,0.045034,0.087841
0.970000,0.066667,67.148508,0.087302,0.154850,0.970000,0.044444,113.901824,0.065361,0.173534,0.945000,0.088889,124.662807,0.019600,0.765519
0.970000,0.066667,63.202165,0.078700,0.153066,0.970000,0.044444,120.328165,0.067035,0.167868,0.940000,0.088889,115.434245,0.019600,0.757523
0.970000,0.066667,63.202165,0.078728,0.151137,0.960000,0.044444,115.429840,0.062799,0.203691,0.940000,0.066667,112.636514,0.019600,0.764210
0.970000,0.044444,104.728134,0.089608,0.151013,0.970000,0.044444,120.328165,0.067035,0.167868,0.945000,0.066667,98.708063,0.019600,0.086394
0.970000,0.066667,63.202165,0.090506,0.154850,0.960000,0.066667,110.458120,0.062165,0.211974,0.940000,0.066667,112.636514,0.019600,0.761462
0.970000,0.044444,98.517482,0.090084,0.154850,0.970000,0.044444,120.328165,0.066778,0.173534,0.945000,0.088889,98.708063,0.019600,0.762299
0.970000,0.066667,63.202165,0.090506,0.154850,0.960000,0.066667,110.458120,0.062165,0.211974,0.940000,0.066667,122.965282,0.019600,0.758452
0.970000,0.066667,63.202165,0.090506,0.154850,0.960000,0.066667,110.458120,0.062165,0.210451,0.940000,0.066667,115.747822,0.019600,0.762812
0.970000,0.044444,104.728134,0.102047,0.154850,0.960000,0.066667,115.429840,0.062799,0.249549,0.945000,0.066667,0.000000,0.019600,0.087841
0.970000,0.066667,67.148508,0.090609,0.156321,0.960000,0.044444,115.429840,0.062799,0.237745,0.940000,0.066667,126.585193,0.063774,0.752661
0.970000,0.066667,67.148508,0.087302,0.154850,0.970000,0.044444,120.328165,0.066778,0.179085,0.940000,0.088889,126.361897,0.019600,0.757707
0.970000,0.044444,100.365256,0.096060,0.156321,0.970000,0.044444,113.901824,0.065361,0.176004,0.945000,0.088889,108.249759,0.019600,0.767669
0.970000,0.066667,67.148508,0.090609,0.154850,0.960000,0.044444,115.429840,0.062799,0.239417,0.945000,0.066667,122.965282,0.019600,0.760413
0.970000,0.066667,63.202165,0.087302,0.154850,0.970000,0.044444,113.901824,0.065361,0.173534,0.940000,0.088889,126.361897,0.019600,0.757523
0.970000,0.066667,63.202165,0.090513,0.154850,0.960000,0.066667,110.458120,0.062165,0.237729,0.940000,0.066667,126.585193,0.019600,0.761047
0.970000,0.066667,63.202165,0.090084,0.156321,0.960000,0.044444,115.429840,0.062799,0.235490,0.940000,0.066667,115.747822,0.019600,0.761047
0.970000,0.066667,63.202165,0.090084,0.156321,0.960000,0.066667,115.429840,0.062799,0.237785,0.940000,0.066667,115.747822,0.019600,0.762812
0.970000,0.066667,63.202165,0.078700,0.156321,0.970000,0.044444,120.328165,0.067035,0.167868,0.940000,0.088889,115.434245,0.019600,0.761462
0.970000,0.066667,67.148508,0.078966,0.154850,0.970000,0.044444,113.901824,0.065361,0.167868,0.940000,0.088889,115.434245,0.019600,0.762812
0.965000,0.066667,40.108723,0.075230,0.153066,0.960000,0.044444,115.429840,0.062799,0.205384,0.940000,0.066667,126.585193,0.063774,0.762827
0.970000,0.066667,67.148508,0.090506,0.153236,0.960000,0.066667,110.458120,0.062165,0.210423,0.940000,0.066667,122.965282,0.019600,0.764057
0.970000,0.044444,101.070467,0.093395,0.158185,0.960000,0.066667,110.458120,0.062165,0.203327,0.945000,0.066667,90.127888,0.019600,0.764959
0.970000,0.044444,95.718638,0.093579,0.153066,0.960000,0.044444,115.429840,0.062799,0.201096,0.945000,0.066667,90.127888,0.019600,0.755619
0.970000,0.066667,67.148508,0.086554,0.154850,0.970000,0.044444,120.328165,0.066778,0.173534,0.940000,0.088889,126.361897,0.019600,0.761047
0.970000,0.044444,120.604772,0.093696,0.151221,0.960000,0.066667,110.458120,0.062165,0.203327,0.945000,0.066667,0.000000,0.019600,0.090148
0.970000,0.066667,67.148508,0.077511,0.151008,0.960000,0.044444,115.429840,0.062799,0.198741,0.940000,0.066667,126.585193,0.063774,0.758472
0.970000,0.066667,67.148508,0.097185,0.154850,0.960000,0.044444,110.458120,0.062079,0.237715,0.940000,0.066667,112.636514,0.019600,0.754985
0.970000,0.066667,63.202165,0.082628,0.154850,0.960000,0.044444,115.429840,0.062799,0.210451,0.940000,0.066667,112.636514,0.019600,0.761462
0.970000,0.066667,36.899067,0.088878,0.154850,0.960000,0.066667,110.458120,0.062165,0.237785,0.940000,0.066667,115.747822,0.019600,0.761462
0.970000,0.066667,63.202165,0.077511,0.149756,0.960000,0.044444,115.429840,0.062799,0.203664,0.940000,0.066667,115.747822,0.019600,0.761200
0.970000,0.066667,67.148508,0.090513,0.154850,0.960000,0.044444,110.458120,0.062165,0.230142,0.940000,0.066667,126.585193,0.019600,0.761047
0.970000,0.044444,67.148508,0.075388,0.149756,0.970000,0.044444,113.901824,0.065361,0.167868,0.940000,0.088889,135.396275,0.064910,0.758472
0.970000,0.066667,67.148508,0.090506,0.153236,0.960000,0.066667,110.458120,0.062165,0.211922,0.940000,0.066667,126.585193,0.019600,0.764057
0.970000,0.066667,67.148508,0.087302,0.154850,0.970000,0.044444,120.328165,0.066778,0.174664,0.945000,0.088889,135.396275,0.065589,0.761727
0.970000,0.066667,67.148508,0.085156,0.149756,0.960000,0.066667,110.458120,0.062165,0.198714,0.940000,0.066667,115.747822,0.019600,0.757603
0.970000,0.044444,98.517482,0.111859,0.154850,0.960000,0.044444,110.458120,0.062079,0.232613,0.945000,0.066667,0.000000,0.019600,0.087841
0.970000,0.044444,98.517482,0.087513,0.154850,0.970000,0.044444,113.901824,0.065361,0.167868,0.945000,0.088889,90.127888,0.019600,0.766352
0.970000,0.066667,63.202165,0.090609,0.154850,0.960000,0.044444,115.429840,0.062799,0.237745,0.940000,0.066667,122.965282,0.019600,0.752213
0.970000,0.044444,63.202165,0.075388,0.149756,0.970000,0.044444,113.901824,0.065361,0.167868,0.940000,0.088889,124.662807,0.019600,0.764210
0.970000,0.066667,67.148508,0.090513,0.154850,0.960000,0.044444,110.458120,0.062165,0.230142,0.940000,0.066667,122.965282,0.019600,0.762812
0.970000,0.044444,100.365256,0.101133,0.154850,0.960000,0.044444,110.458120,0.062165,0.239105,0.945000,0.066667,0.000000,0.019600,0.755619
0.970000,0.044444,95.718638,0.094895,0.154850,0.960000,0.044444,115.429840,0.062799,0.233740,0.945000,0.066667,98.708063,0.046921,0.763617
0.970000,0.044444,104.728134,0.102047,0.156321,0.960000,0.066667,110.458120,0.062165,0.214968,0.945000,0.066667,98.708063,0.019600,0.090148
0.970000,0.066667,67.148508,0.090506,0.156321,0.960000,0.066667,110.458120,0.062165,0.211974,0.940000,0.066667,115.747822,0.019600,0.762812
0.970000,0.066667,63.202165,0.085156,0.151013,0.960000,0.066667,110.458120,0.062165,0.203691,0.940000,0.066667,115.747822,0.019600,0.759882
0.970000,0.066667,63.202165,0.090609,0.154850,0.960000,0.044444,115.429840,0.062799,0.237688,0.940000,0.066667,112.636514,0.019600,0.749939
0.970000,0.066667,67.148508,0.087302,0.154850,0.970000,0.044444,113.901824,0.065361,0.173534,0.940000,0.088889,126.361897,0.019600,0.758768
0.970000,0.066667,63.202165,0.087302,0.154850,0.970000,0.044444,113.901824,0.065361,0.173534,0.945000,0.088889,124.662807,0.019600,0.766867
0.970000,0.066667,67.148508,0.090084,0.156321,0.960000,0.044444,115.429840,0.062799,0.230142,0.940000,0.066667,115.747822,0.019600,0.762812
0.970000,0.066667,67.148508,0.090506,0.153236,0.960000,0.066667,110.458120,0.062165,0.211922,0.940000,0.066667,115.747822,0.019600,0.757523
0.970000,0.066667,63.202165,0.087302,0.154850,0.970000,0.044444,113.901824,0.065361,0.176004,0.945000,0.088889,126.361897,0.019600,0.765519
0.970000,0.066667,63.202165,0.090084,0.154850,0.960000,0.066667,115.429840,0.062799,0.237785,0.940000,0.066667,112.636514,0.019600,0.757523
0.970000,0.044444,98.517482,0.089608,0.151137,0.970000,0.044444,120.328165,0.067035,0.169028,0.945000,0.088889,98.708063,0.019600,0.090148
0.970000,0.066667,67.148508,0.074411,0.151137,0.970000,0.044444,120.328165,0.067035,0.169028,0.940000,0.088889,115.434245,0.019600,0.761200
0.970000,0.066667,67.148508,0.090084,0.154850,0.960000,0.044444,115.429840,0.062799,0.230113,0.940000,0.066667,115.747822,0.019600,0.762812
0.970000,0.066667,67.148508,0.090084,0.154850,0.960000,0.044444,115.429840,0.062799,0.235460,0.940000,0.066667,126.585193,0.063774,0.758452
0.970000,0.066667,63.202165,0.082628,0.154850,0.960000,0.044444,115.429840,0.062799,0.210451,0.940000,0.066667,122.965282,0.019600,0.758452
0.970000,0.066667,67.148508,0.090506,0.154850,0.960000,0.066667,110.458120,0.062165,0.211974,0.940000,0.066667,115.747822,0.019600,0.757523
0.970000,0.044444,104.728134,0.093579,0.158185,0.960000,0.066667,115.429840,0.062799,0.206567,0.945000,0.066667,0.000000,0.019600,0.086394
0.970000,0.066667,67.148508,0.090513,0.154850,0.960000,0.044444,110.458120,0.062165,0.230142,0.940000,0.066667,122.965282,0.019600,0.757523
0.970000,0.066667,63.202165,0.090084,0.154850,0.960000,0.044444,115.429840,0.062799,0.235460,0.940000,0.066667,122.965282,0.019600,0.759802
0.970000,0.066667,67.148508,0.090609,0.154850,0.960000,0.066667,115.429840,0.062799,0.237904,0.940000,0.066667,122.965282,0.019600,0.752213
0.970000,0.044444,100.365256,0.097008,0.154850,0.960000,0.044444,115.429840,0.062799,0.239105,0.945000,0.066667,90.127888,0.019600,0.087841
0.970000,0.066667,67.148508,0.090513,0.154850,0.960000,0.044444,110.458120,0.062165,0.230087,0.940000,0.066667,122.965282,0.019600,0.764057
0.970000,0.066667,63.202165,0.082628,0.154850,0.960000,0.066667,115.429840,0.062799,0.211974,0.940000,0.066667,115.747822,0.019600,0.757523
0.970000,0.044444,101.070467,0.097981,0.153236,0.970000,0.044444,113.901824,0.065361,0.167868,0.945000,0.066667,117.797387,0.057345,0.090148
0.965000,0.066667,40.108723,0.066974,0.151221,0.970000,0.044444,113.901824,0.065361,0.167868,0.940000,0.088889,135.396275,0.064910,0.764226
0.970000,0.066667,63.202165,0.087302,0.154850,0.970000,0.044444,113.901824,0.065361,0.173534,0.940000,0.088889,115.434245,0.019600,0.761047
0.970000,0.066667,63.202165,0.090084,0.154850,0.960000,0.044444,115.429840,0.062799,0.230142,0.940000,0.066667,122.965282,0.019600,0.761462
0.970000,0.066667,63.202165,0.085156,0.158185,0.960000,0.066667,110.458120,0.062165,0.209156,0.940000,0.066667,115.747822,0.019600,0.758472
0.970000,0.044444,100.365256,0.089608,0.149756,0.960000,0.066667,115.429840,0.062799,0.206567,0.945000,0.066667,90.127888,0.019600,0.762315
0.970000,0.066667,67.148508,0.087302,0.154850,0.970000,0.044444,120.328165,0.066778,0.179085,0.945000,0.088889,126.361897,0.019600,0.760413
0.970000,0.044444,104.728134,0.101133,0.154850,0.960000,0.044444,110.458120,0.062165,0.233740,0.945000,0.066667,0.000000,0.019600,0.759308
0.970000,0.066667,63.202165,0.075388,0.151013,0.970000,0.044444,113.901824,0.065361,0.167868,0.940000,0.088889,135.396275,0.064910,0.758472
0.970000,0.044444,104.728134,0.098551,0.154850,0.960000,0.044444,115.429840,0.062799,0.221521,0.945000,0.066667,98.708063,0.045034,0.087841
0.970000,0.044444,101.070467,0.089853,0.153236,0.960000,0.066667,115.429840,0.062799,0.213767,0.945000,0.066667,90.127888,0.019600,0.762299
0.970000,0.066667,63.202165,0.090609,0.154850,0.960000,0.066667,115.429840,0.062799,0.237904,0.940000,0.066667,122.965282,0.019600,0.754985
0.970000,0.044444,100.365256,0.102047,0.154850,0.960000,0.066667,110.458120,0.062165,0.209879,0.945000,0.066667,90.127888,0.019600,0.086394
0.970000,0.066667,36.899067,0.075632,0.156321,0.970000,0.044444,113.901824,0.065361,0.173534,0.940000,0.088889,124.662807,0.019600,0.761462
0.970000,0.066667,67.148508,0.087302,0.154850,0.970000,0.044444,120.328165,0.066778,0.174664,0.940000,0.088889,124.662807,0.025958,0.754936
0.970000,0.066667,67.148508,0.097185,0.156321,0.960000,0.044444,110.458120,0.062079,0.237745,0.940000,0.066667,112.636514,0.019600,0.751346
0.970000,0.044444,104.728134,0.102047,0.156321,0.960000,0.066667,110.458120,0.062165,0.214968,0.945000,0.066667,98.708063,0.019600,0.085947
0.970000,0.066667,67.148508,0.082628,0.154850,0.960000,0.066667,115.429840,0.062799,0.211974,0.940000,0.066667,112.636514,0.019600,0.764057
0.970000,0.044444,104.728134,0.087490,0.154850,0.970000,0.044444,120.328165,0.067035,0.167868,0.945000,0.088889,90.127888,0.019600,0.766352
0.970000,0.066667,63.202165,0.090084,0.154850,0.960000,0.044444,115.429840,0.062799,0.230142,0.940000,0.066667,112.636514,0.019600,0.744512
0.970000,0.066667,67.148508,0.076496,0.151221,0.960000,0.066667,115.429840,0.062799,0.209156,0.940000,0.066667,115.747822,0.019600,0.758921
0.970000,0.066667,63.202165,0.085369,0.153236,0.960000,0.044444,115.429840,0.062799,0.210423,0.940000,0.066667,126.585193,0.059541,0.756173
0.970000,0.066667,67.148508,0.087302,0.154850,0.970000,0.044444,113.901824,0.065361,0.173534,0.940000,0.088889,124.662807,0.019600,0.764057
0.970000,0.044444,63.202165,0.085156,0.150905,0.960000,0.066667,110.458120,0.062165,0.203640,0.945000,0.066667,112.636514,0.019600,0.765539
0.970000,0.044444,100.365256,0.096060,0.154850,0.970000,0.044444,120.328165,0.066778,0.173534,0.945000,0.066667,90.127888,0.019600,0.084188
0.970000,0.044444,101.070467,0.101133,0.154850,0.960000,0.066667,110.458120,0.062165,0.239105,0.945000,0.066667,98.708063,0.019600,0.760626
0.970000,0.044444,101.070467,0.090260,0.154850,0.970000,0.044444,120.328165,0.066778,0.173534,0.945000,0.088889,117.797387,0.062821,0.760889
0.970000,0.044444,104.728134,0.093579,0.154850,0.970000,0.044444,120.328165,0.067035,0.167868,0.945000,0.088889,98.708063,0.019600,0.090148
0.970000,0.066667,63.202165,0.082628,0.153066,0.960000,0.044444,115.429840,0.062799,0.202239,0.940000,0.066667,115.747822,0.019600,0.762812
0.970000,0.066667,67.148508,0.090609,0.154850,0.960000,0.044444,115.429840,0.062799,0.239386,0.940000,0.066667,126.585193,0.063774,0.757707
0.970000,0.044444,95.718638,0.096463,0.154850,0.960000,0.044444,115.429840,0.062799,0.239105,0.945000,0.066667,98.708063,0.046921,0.087841
0.970000,0.066667,36.899067,0.072165,0.154850,0.970000,0.044444,120.328165,0.066778,0.176004,0.940000,0.088889,124.662807,0.025958,0.759802
0.970000,0.044444,104.728134,0.084692,0.153066,0.970000,0.044444,120.328165,0.067035,0.167868,0.945000,0.066667,90.127888,0.019600,0.757898
0.970000,0.066667,63.202165,0.085156,0.151008,0.960000,0.066667,110.458120,0.062165,0.198741,0.940000,0.066667,122.965282,0.019600,0.759882
0.970000,0.044444,67.148508,0.074411,0.149756,0.970000,0.044444,120.328165,0.067035,0.167868,0.945000,0.088889,115.434245,0.019600,0.766948
0.960000,0.066667,0.000000,0.063738,0.146456,0.955000,0.066667,102.583967,0.059340,0.189150,0.940000,0.066667,0.000000,0.019600,0.731455
0.965000,0.044444,0.000000,0.077578,0.146724,0.955000,0.066667,84.028082,0.055028,0.393916,0.940000,0.066667,0.000000,0.019600,0.323885
0.965000,0.044444,0.000000,0.074624,0.146724,0.955000,0.066667,89.580657,0.056830,0.390614,0.940000,0.066667,0.000000,0.019600,0.320033
0.965000,0.066667,0.000000,0.062423,0.146724,0.955000,0.066667,102.583967,0.059340,0.186103,0.945000,0.066667,0.000000,0.019600,0.732742
0.960000,0.066667,0.000000,0.063687,0.146456,0.960000,0.066667,102.583967,0.059340,0.189150,0.940000,0.066667,0.000000,0.019600,0.730446
0.965000,0.044444,0.000000,0.072303,0.146456,0.955000,0.044444,96.746296,0.058716,0.235862,0.940000,0.066667,98.708063,0.019600,0.730446
0.965000,0.044444,0.000000,0.079843,0.140229,0.955000,0.044444,96.746296,0.058716,0.236484,0.940000,0.066667,115.347547,0.019600,0.730446
0.965000,0.066667,0.000000,0.078623,0.146456,0.955000,0.066667,89.580657,0.056830,0.395152,0.940000,0.066667,0.000000,0.019600,0.321139
0.965000,0.066667,0.000000,0.063812,0.146456,0.960000,0.066667,102.583967,0.059305,0.189695,0.940000,0.066667,90.127888,0.019600,0.731455
0.965000,0.044444,0.000000,0.063738,0.146456,0.960000,0.044444,96.746296,0.058716,0.235962,0.940000,0.066667,90.127888,0.019600,0.731455
0.960000,0.066667,0.000000,0.076738,0.146456,0.960000,0.066667,89.580657,0.056830,0.397002,0.940000,0.066667,0.000000,0.019600,0.317959
0.965000,0.066667,0.000000,0.078623,0.147103,0.955000,0.066667,89.580657,0.056830,0.395152,0.940000,0.066667,0.000000,0.019600,0.315689
0.965000,0.066667,0.000000,0.062423,0.146724,0.955000,0.066667,102.583967,0.059305,0.186103,0.945000,0.066667,90.127888,0.019600,0.732742
0.965000,0.066667,0.000000,0.077578,0.146724,0.960000,0.066667,84.028082,0.055028,0.399352,0.940000,0.066667,0.000000,0.019600,0.316150
0.960000,0.066667,0.000000,0.076738,0.147103,0.955000,0.066667,89.580657,0.056830,0.395152,0.940000,0.066667,0.000000,0.019600,0.319750
0.965000,0.066667,0.000000,0.063738,0.146456,0.955000,0.066667,102.583967,0.059340,0.182070,0.940000,0.066667,90.127888,0.019600,0.731455
0.960000,0.066667,0.000000,0.079843,0.147103,0.955000,0.044444,96.746296,0.058716,0.236555,0.940000,0.066667,98.708063,0.019600,0.730580
0.960000,0.066667,0.000000,0.072303,0.146456,0.955000,0.044444,96.746296,0.058716,0.235959,0.940000,0.066667,0.000000,0.019600,0.730446
0.965000,0.066667,0.000000,0.062423,0.146724,0.955000,0.066667,102.583967,0.059340,0.186103,0.940000,0.066667,98.708063,0.019600,0.731455
0.960000,0.044444,0.000000,0.063812,0.146456,0.960000,0.066667,102.583967,0.059305,0.189559,0.940000,0.066667,90.127888,0.019600,0.730580
0.965000,0.066667,0.000000,0.079106,0.146456,0.955000,0.066667,84.028082,0.055028,0.395152,0.945000,0.066667,0.000000,0.019600,0.317460
0.965000,0.066667,0.000000,0.072028,0.146724,0.955000,0.044444,96.746296,0.058716,0.237221,0.945000,0.066667,98.708063,0.019600,0.732742
0.965000,0.066667,0.000000,0.074624,0.146724,0.960000,0.066667,89.580657,0.056830,0.399352,0.940000,0.066667,0.000000,0.019600,0.316844
0.960000,0.066667,0.000000,0.065141,0.146456,0.960000,0.044444,96.746296,0.058716,0.235908,0.940000,0.066667,98.708063,0.019600,0.731455
0.960000,0.044444,0.000000,0.062423,0.146724,0.955000,0.066667,102.583967,0.059340,0.191700,0.940000,0.066667,115.347547,0.019600,0.731455
0.960000,0.044444,0.000000,0.065141,0.146456,0.955000,0.066667,102.583967,0.059305,0.189559,0.940000,0.066667,0.000000,0.019600,0.730580
0.960000,0.044444,0.000000,0.072303,0.146456,0.955000,0.044444,96.746296,0.058716,0.235933,0.945000,0.066667,0.000000,0.019600,0.732742
0.960000,0.066667,0.000000,0.078818,0.146456,0.960000,0.066667,84.028082,0.055028,0.397002,0.945000,0.066667,98.708063,0.019600,0.315525
0.960000,0.066667,0.000000,0.084559,0.146456,0.955000,0.066667,84.028082,0.054797,0.390382,0.940000,0.066667,0.000000,0.019600,0.315827
0.960000,0.066667,0.000000,0.085640,0.147103,0.955000,0.066667,84.028082,0.054797,0.395152,0.940000,0.066667,98.708063,0.019600,0.319750
0.965000,0.066667,0.000000,0.077578,0.146724,0.960000,0.066667,84.028082,0.055028,0.403001,0.940000,0.066667,98.708063,0.019600,0.319939
0.965000,0.066667,0.000000,0.072303,0.146456,0.955000,0.044444,96.746296,0.058716,0.235959,0.940000,0.066667,90.127888,0.019600,0.730446
0.965000,0.044444,0.000000,0.079843,0.140229,0.960000,0.044444,96.746296,0.058716,0.236529,0.940000,0.066667,0.000000,0.019600,0.730580
0.960000,0.044444,0.000000,0.062390,0.146456,0.955000,0.066667,102.583967,0.059340,0.189015,0.940000,0.066667,98.708063,0.019600,0.731455
0.965000,0.044444,0.000000,0.072303,0.146456,0.955000,0.044444,96.746296,0.058716,0.235933,0.940000,0.066667,90.127888,0.019600,0.730580
0.965000,0.044444,0.000000,0.086168,0.146456,0.955000,0.066667,84.028082,0.054797,0.395152,0.940000,0.066667,0.000000,0.019600,0.319620
0.965000,0.066667,0.000000,0.063738,0.146456,0.955000,0.066667,102.583967,0.059340,0.182070,0.940000,0.066667,115.347547,0.019600,0.730580
0.965000,0.044444,0.000000,0.079843,0.140229,0.955000,0.044444,96.746296,0.058716,0.236523,0.940000,0.066667,0.000000,0.019600,0.730580
0.960000,0.044444,0.000000,0.063738,0.146456,0.955000,0.066667,102.583967,0.059340,0.181937,0.940000,0.066667,90.127888,0.019600,0.730446
0.965000,0.044444,0.000000,0.086168,0.146456,0.955000,0.066667,84.028082,0.054797,0.395152,0.940000,0.066667,0.000000,0.019600,0.319588
0.965000,0.066667,0.000000,0.063738,0.146456,0.955000,0.066667,102.583967,0.059340,0.189150,0.940000,0.066667,98.708063,0.019600,0.730446
0.960000,0.066667,0.000000,0.074171,0.146456,0.955000,0.066667,89.580657,0.056830,0.390382,0.940000,0.066667,0.000000,0.019600,0.318216
0.960000,0.066667,0.000000,0.062423,0.146724,0.955000,0.066667,96.746296,0.058716,0.237048,0.940000,0.066667,90.127888,0.019600,0.731455
0.965000,0.044444,0.000000,0.063738,0.146456,0.955000,0.066667,102.583967,0.059340,0.181937,0.945000,0.066667,90.127888,0.019600,0.732742
0.960000,0.066667,0.000000,0.065141,0.146456,0.955000,0.044444,102.583967,0.059305,0.182608,0.940000,0.066667,98.708063,0.019600,0.730580
0.960000,0.066667,0.000000,0.065141,0.146456,0.960000,0.044444,96.746296,0.058716,0.235908,0.940000,0.066667,90.127888,0.019600,0.731455
0.960000,0.066667,0.000000,0.065141,0.146456,0.955000,0.044444,102.583967,0.059305,0.182608,0.940000,0.066667,90.127888,0.019600,0.730580
0.965000,0.044444,0.000000,0.079843,0.140229,0.960000,0.044444,96.746296,0.058716,0.236523,0.940000,0.066667,90.127888,0.019600,0.731455
0.960000,0.066667,0.000000,0.063407,0.146724,0.960000,0.066667,96.746296,0.058716,0.236989,0.940000,0.066667,0.000000,0.019600,0.730446
0.960000,0.044444,0.000000,0.063687,0.146456,0.960000,0.066667,102.583967,0.059340,0.189015,0.940000,0.066667,90.127888,0.019600,0.730580
0.965000,0.066667,0.000000,0.065141,0.147103,0.955000,0.066667,102.583967,0.059305,0.189695,0.945000,0.066667,98.708063,0.019600,0.732742
0.965000,0.044444,0.000000,0.072303,0.146456,0.955000,0.044444,96.746296,0.058716,0.235962,0.940000,0.066667,115.347547,0.019600,0.730580
0.960000,0.044444,0.000000,0.065141,0.146456,0.955000,0.066667,102.583967,0.059305,0.189559,0.945000,0.066667,0.000000,0.019600,0.732742
0.965000,0.044444,0.000000,0.063738,0.146456,0.960000,0.044444,96.746296,0.058716,0.235968,0.945000,0.066667,98.708063,0.019600,0.732742
0.965000,0.066667,0.000000,0.085447,0.147103,0.960000,0.066667,89.580657,0.056830,0.397002,0.940000,0.066667,0.000000,0.019600,0.313860
0.960000,0.066667,0.000000,0.079843,0.137989,0.955000,0.044444,96.746296,0.058716,0.236518,0.940000,0.066667,98.708063,0.019600,0.730446
0.965000,0.044444,0.000000,0.062423,0.146724,0.955000,0.066667,102.583967,0.059340,0.185969,0.940000,0.066667,115.347547,0.019600,0.730580
0.960000,0.044444,0.000000,0.068800,0.146724,0.955000,0.044444,96.746296,0.058716,0.237020,0.940000,0.066667,90.127888,0.019600,0.730580
0.965000,0.066667,0.000000,0.079843,0.137989,0.955000,0.044444,96.746296,0.058716,0.236555,0.940000,0.066667,105.253715,0.019600,0.732742
0.965000,0.066667,0.000000,0.072303,0.146456,0.955000,0.044444,96.746296,0.058716,0.235956,0.940000,0.066667,90.127888,0.019600,0.731455
0.965000,0.044444,0.000000,0.078623,0.146456,0.960000,0.066667,89.580657,0.056830,0.397002,0.940000,0.066667,0.000000,0.019600,0.313876
0.960000,0.066667,0.000000,0.063738,0.146456,0.955000,0.066667,102.583967,0.059340,0.182070,0.940000,0.066667,115.347547,0.019600,0.731455
0.960000,0.044444,0.000000,0.065141,0.146456,0.955000,0.044444,102.583967,0.059305,0.182475,0.940000,0.066667,105.253715,0.019600,0.730446
0.965000,0.044444,0.000000,0.065141,0.146456,0.955000,0.044444,102.583967,0.059305,0.182475,0.940000,0.066667,90.127888,0.019600,0.730580
0.960000,0.066667,0.000000,0.063687,0.146456,0.960000,0.066667,102.583967,0.059340,0.189150,0.940000,0.066667,98.708063,0.019600,0.731455
0.960000,0.066667,0.000000,0.072303,0.146456,0.955000,0.044444,96.746296,0.058716,0.235903,0.940000,0.066667,0.000000,0.019600,0.731455
0.965000,0.066667,0.000000,0.062423,0.146724,0.955000,0.066667,102.583967,0.059340,0.191836,0.940000,0.066667,0.000000,0.019600,0.730580
0.965000,0.066667,0.000000,0.063738,0.146456,0.960000,0.044444,96.746296,0.058716,0.235968,0.945000,0.066667,98.708063,0.019600,0.732742
0.965000,0.044444,0.000000,0.065141,0.146456,0.955000,0.066667,102.583967,0.059305,0.189559,0.940000,0.066667,0.000000,0.019600,0.730580
0.965000,0.066667,0.000000,0.077578,0.146724,0.955000,0.066667,84.028082,0.055028,0.390614,0.940000,0.066667,0.000000,0.019600,0.320109
0.960000,0.044444,0.000000,0.073313,0.136187,0.955000,0.044444,102.583967,0.059305,0.182285,0.940000,0.066667,98.708063,0.019600,0.730446
0.960000,0.066667,0.000000,0.085940,0.140229,0.955000,0.066667,84.028082,0.054797,0.395152,0.940000,0.066667,98.708063,0.019600,0.315796
0.965000,0.044444,0.000000,0.073313,0.140229,0.955000,0.044444,102.583967,0.059305,0.189369,0.940000,0.066667,90.127888,0.019600,0.731455
0.965000,0.066667,0.000000,0.063687,0.146456,0.960000,0.066667,102.583967,0.059340,0.189150,0.940000,0.066667,0.000000,0.019600,0.730580
0.965000,0.066667,0.000000,0.072028,0.146724,0.955000,0.066667,96.746296,0.058716,0.237054,0.940000,0.066667,98.708063,0.019600,0.730580
0.965000,0.066667,0.000000,0.065141,0.147103,0.955000,0.044444,102.583967,0.059305,0.182608,0.945000,0.066667,98.708063,0.019600,0.732742
0.965000,0.066667,0.000000,0.072303,0.147103,0.955000,0.044444,96.746296,0.058716,0.235943,0.940000,0.066667,90.127888,0.019600,0.730580
0.960000,0.066667,0.000000,0.086168,0.146456,0.955000,0.066667,84.028082,0.054797,0.390382,0.940000,0.066667,0.000000,0.019600,0.315689
0.965000,0.066667,0.000000,0.074624,0.146724,0.955000,0.066667,89.580657,0.056830,0.392749,0.940000,0.066667,0.000000,0.019600,0.323622
0.965000,0.066667,0.000000,0.062423,0.146724,0.960000,0.066667,102.583967,0.059340,0.191836,0.940000,0.066667,0.000000,0.019600,0.730446
0.965000,0.044444,0.000000,0.065141,0.146456,0.960000,0.044444,96.746296,0.058716,0.235908,0.940000,0.066667,90.127888,0.019600,0.731455
0.965000,0.044444,0.000000,0.086168,0.146456,0.955000,0.066667,84.028082,0.054797,0.395152,0.940000,0.066667,98.708063,0.019600,0.319858
0.965000,0.066667,0.000000,0.073313,0.140229,0.960000,0.066667,102.583967,0.059305,0.189505,0.940000,0.066667,90.127888,0.019600,0.731455
0.965000,0.044444,0.000000,0.087223,0.146456,0.955000,0.066667,84.028082,0.054797,0.387560,0.940000,0.066667,0.000000,0.019600,0.315844
0.965000,0.066667,0.000000,0.078623,0.146456,0.955000,0.066667,89.580657,0.056830,0.390382,0.940000,0.066667,105.253715,0.019600,0.315689
0.965000,0.044444,0.000000,0.078623,0.146456,0.955000,0.066667,89.580657,0.056830,0.395152,0.940000,0.066667,0.000000,0.019600,0.319858
0.960000,0.044444,0.000000,0.073313,0.136187,0.955000,0.044444,102.583967,0.059305,0.182285,0.940000,0.066667,105.253715,0.019600,0.730580
0.965000,0.044444,0.000000,0.073313,0.140229,0.960000,0.066667,102.583967,0.059305,0.189369,0.940000,0.066667,98.708063,0.019600,0.732742
0.965000,0.066667,0.000000,0.063687,0.146456,0.960000,0.066667,102.583967,0.059340,0.189150,0.945000,0.066667,90.127888,0.019600,0.732742
0.965000,0.066667,0.000000,0.072303,0.147103,0.955000,0.044444,96.746296,0.058716,0.235943,0.940000,0.066667,90.127888,0.019600,0.730580
0.960000,0.066667,0.000000,0.078818,0.146456,0.955000,0.066667,84.028082,0.055028,0.395152,0.940000,0.066667,90.127888,0.019600,0.318037
0.960000,0.066667,0.000000,0.074926,0.146724,0.955000,0.066667,84.028082,0.055028,0.390614,0.940000,0.066667,90.127888,0.019600,0.320109
0.960000,0.066667,0.000000,0.085940,0.140229,0.955000,0.066667,84.028082,0.054797,0.395152,0.940000,0.066667,98.708063,0.019600,0.315827
0.960000,0.044444,0.000000,0.077174,0.140229,0.955000,0.044444,96.746296,0.058716,0.236484,0.940000,0.066667,115.347547,0.019600,0.730446
0.965000,0.066667,0.000000,0.087223,0.147103,0.955000,0.066667,84.028082,0.054797,0.390382,0.940000,0.066667,0.000000,0.019600,0.319480
0.965000,0.066667,0.000000,0.072303,0.146456,0.955000,0.044444,96.746296,0.058716,0.235925,0.940000,0.066667,98.708063,0.019600,0.730446
0.965000,0.066667,0.000000,0.072303,0.146456,0.955000,0.044444,96.746296,0.058716,0.235990,0.940000,0.066667,90.127888,0.019600,0.731455
0.960000,0.066667,0.000000,0.068800,0.146724,0.955000,0.044444,96.746296,0.058716,0.237014,0.940000,0.066667,98.708063,0.019600,0.731455
0.960000,0.066667,0.000000,0.072303,0.146456,0.955000,0.044444,96.746296,0.058716,0.235943,0.945000,0.066667,98.708063,0.019600,0.732742
0.960000,0.044444,0.000000,0.065141,0.146456,0.960000,0.044444,96.746296,0.058716,0.235915,0.945000,0.066667,90.127888,0.019600,0.732742
0.965000,0.044444,0.000000,0.063738,0.146456,0.960000,0.044444,96.746296,0.058716,0.235931,0.940000,0.066667,98.708063,0.019600,0.730446
0.960000,0.066667,0.000000,0.074171,0.146456,0.955000,0.066667,89.580657,0.056830,0.387560,0.940000,0.066667,0.000000,0.019600,0.318638
0.960000,0.066667,0.000000,0.063687,0.146456,0.960000,0.066667,102.583967,0.059340,0.189150,0.940000,0.066667,0.000000,0.019600,0.730580
0.965000,0.044444,0.000000,0.063738,0.146456,0.955000,0.066667,102.583967,0.059340,0.189015,0.945000,0.066667,0.000000,0.019600,0.732742
0.960000,0.044444,0.000000,0.056735,0.146724,0.955000,0.066667,102.583967,0.059340,0.185969,0.940000,0.066667,98.708063,0.019600,0.731455
0.965000,0.066667,0.000000,0.063738,0.146456,0.955000,0.066667,102.583967,0.059340,0.182070,0.940000,0.066667,105.253715,0.019600,0.730446
0.965000,0.066667,0.000000,0.079843,0.147103,0.955000,0.044444,96.746296,0.058716,0.236515,0.940000,0.066667,98.708063,0.019600,0.731455
0.960000,0.044444,0.000000,0.065141,0.146456,0.960000,0.044444,96.746296,0.058716,0.235868,0.940000,0.066667,115.347547,0.019600,0.730446
0.965000,0.066667,0.000000,0.078623,0.147103,0.955000,0.066667,89.580657,0.056830,0.390382,0.940000,0.066667,105.253715,0.019600,0.315689
0.965000,0.066667,0.000000,0.065141,0.146456,0.955000,0.044444,102.583967,0.059305,0.182608,0.945000,0.066667,115.347547,0.019600,0.732742
0.965000,0.044444,0.000000,0.073313,0.140229,0.960000,0.066667,102.583967,0.059305,0.189369,0.940000,0.066667,90.127888,0.019600,0.731455
0.960000,0.066667,0.000000,0.074624,0.146724,0.955000,0.066667,84.028082,0.055028,0.390614,0.940000,0.066667,98.708063,0.019600,0.319976
0.965000,0.066667,0.000000,0.087223,0.146456,0.955000,0.066667,84.028082,0.054797,0.390382,0.945000,0.066667,0.000000,0.019600,0.315797
0.960000,0.066667,0.000000,0.065141,0.147103,0.960000,0.044444,96.746296,0.058716,0.235908,0.940000,0.066667,90.127888,0.019600,0.731455
0.965000,0.044444,0.000000,0.079106,0.146456,0.960000,0.066667,84.028082,0.055028,0.397002,0.940000,0.066667,0.000000,0.019600,0.315528
0.960000,0.066667,0.000000,0.063738,0.146456,0.955000,0.066667,102.583967,0.059340,0.189150,0.940000,0.066667,115.347547,0.019600,0.731455
0.960000,0.066667,0.000000,0.078818,0.146456,0.955000,0.066667,84.028082,0.055028,0.390097,0.940000,0.066667,0.000000,0.019600,0.317997
0.965000,0.066667,0.000000,0.062423,0.146724,0.960000,0.066667,102.583967,0.059340,0.191836,0.940000,0.066667,98.708063,0.019600,0.730580
0.965000,0.044444,0.000000,0.078623,0.146456,0.955000,0.066667,89.580657,0.056830,0.395152,0.945000,0.066667,0.000000,0.019600,0.317566
0.965000,0.044444,0.000000,0.074624,0.146724,0.955000,0.066667,89.580657,0.056830,0.393916,0.945000,0.066667,0.000000,0.019600,0.320289
0.965000,0.066667,0.000000,0.063738,0.146456,0.955000,0.066667,102.583967,0.059340,0.189150,0.940000,0.066667,90.127888,0.019600,0.730580
0.965000,0.044444,0.000000,0.072303,0.146456,0.955000,0.044444,96.746296,0.058716,0.235990,0.940000,0.066667,98.708063,0.019600,0.731455
0.965000,0.044444,0.000000,0.085447,0.136187,0.955000,0.066667,89.580657,0.056830,0.390382,0.940000,0.066667,0.000000,0.019600,0.315796
0.965000,0.044444,0.000000,0.072303,0.146456,0.955000,0.044444,96.746296,0.058716,0.235962,0.940000,0.066667,98.708063,0.019600,0.730580
0.960000,0.066667,0.000000,0.086168,0.146456,0.955000,0.066667,84.028082,0.054797,0.390382,0.945000,0.066667,0.000000,0.019600,0.315797
0.965000,0.066667,0.000000,0.078623,0.146456,0.960000,0.066667,89.580657,0.056830,0.397002,0.940000,0.066667,0.000000,0.019600,0.313769
0.960000,0.066667,0.000000,0.079843,0.140229,0.960000,0.044444,96.746296,0.058716,0.236521,0.940000,0.066667,98.708063,0.019600,0.731455
0.960000,0.066667,0.000000,0.063738,0.146456,0.955000,0.044444,96.746296,0.058716,0.236050,0.940000,0.066667,0.000000,0.019600,0.731455
0.960000,0.044444,0.000000,0.073313,0.140229,0.955000,0.044444,102.583967,0.059305,0.189369,0.940000,0.066667,90.127888,0.019600,0.730446
0.960000,0.044444,0.000000,0.079843,0.140229,0.955000,0.044444,96.746296,0.058716,0.236521,0.940000,0.066667,98.708063,0.019600,0.730580
0.965000,0.066667,0.000000,0.065141,0.146456,0.955000,0.044444,102.583967,0.059305,0.182608,0.940000,0.066667,98.708063,0.019600,0.730580
0.965000,0.066667,0.000000,0.063738,0.146456,0.955000,0.066667,102.583967,0.059340,0.182070,0.940000,0.066667,0.000000,0.019600,0.731455
0.965000,0.066667,0.000000,0.063687,0.146456,0.960000,0.066667,102.583967,0.059340,0.189150,0.940000,0.066667,98.708063,0.019600,0.731455
0.960000,0.066667,0.000000,0.063812,0.146456,0.960000,0.066667,102.583967,0.059305,0.189695,0.940000,0.066667,90.127888,0.019600,0.730580
0.965000,0.044444,0.000000,0.063687,0.146456,0.960000,0.066667,102.583967,0.059340,0.189015,0.940000,0.066667,98.708063,0.019600,0.730580
0.965000,0.044444,0.000000,0.078623,0.146456,0.960000,0.066667,89.580657,0.056830,0.397002,0.940000,0.066667,0.000000,0.019600,0.316222
0.960000,0.066667,0.000000,0.065141,0.146456,0.955000,0.066667,102.583967,0.059305,0.189695,0.940000,0.066667,90.127888,0.019600,0.730580
0.965000,0.066667,0.000000,0.072303,0.146456,0.955000,0.044444,96.746296,0.058716,0.235956,0.940000,0.066667,90.127888,0.019600,0.731455
0.960000,0.044444,0.000000,0.062390,0.146456,0.960000,0.066667,102.583967,0.059340,0.189015,0.940000,0.066667,90.127888,0.019600,0.731455
0.960000,0.066667,0.000000,0.078818,0.146456,0.955000,0.066667,84.028082,0.055028,0.390382,0.940000,0.066667,0.000000,0.019600,0.321388
0.965000,0.044444,0.000000,0.082862,0.146456,0.955000,0.066667,84.028082,0.055028,0.390382,0.945000,0.066667,0.000000,0.019600,0.317641
0.965000,0.044444,0.000000,0.062423,0.146724,0.955000,0.066667,102.583967,0.059340,0.185969,0.940000,0.066667,0.000000,0.019600,0.730580
0.960000,0.066667,0.000000,0.080796,0.146456,0.955000,0.066667,84.028082,0.054797,0.395152,0.940000,0.066667,0.000000,0.019600,0.319858
0.965000,0.066667,0.000000,0.077578,0.146724,0.955000,0.066667,84.028082,0.055028,0.390614,0.945000,0.066667,0.000000,0.019600,0.320120
0.965000,0.044444,0.000000,0.063738,0.146456,0.960000,0.044444,96.746296,0.058716,0.235968,0.940000,0.066667,105.253715,0.019600,0.730580
0.965000,0.044444,0.000000,0.063738,0.146456,0.955000,0.066667,102.583967,0.059340,0.181937,0.940000,0.066667,98.708063,0.019600,0.731455
0.960000,0.066667,0.000000,0.074624,0.146724,0.960000,0.066667,84.028082,0.055028,0.399352,0.940000,0.066667,0.000000,0.019600,0.316150
0.965000,0.044444,0.000000,0.086168,0.146456,0.955000,0.066667,84.028082,0.054797,0.395152,0.940000,0.066667,0.000000,0.019600,0.319858
0.965000,0.044444,0.000000,0.065141,0.146456,0.955000,0.044444,102.583967,0.059305,0.182475,0.940000,0.066667,98.708063,0.019600,0.730580
0.965000,0.066667,0.000000,0.063812,0.146456,0.960000,0.066667,102.583967,0.059305,0.189695,0.940000,0.066667,105.253715,0.019600,0.730580
0.965000,0.066667,0.000000,0.062423,0.146724,0.955000,0.066667,102.583967,0.059340,0.191836,0.940000,0.066667,98.708063,0.019600,0.730580
0.965000,0.066667,0.000000,0.077578,0.146724,0.955000,0.066667,84.028082,0.055028,0.390614,0.940000,0.066667,0.000000,0.019600,0.320109
0.965000,0.066667,0.000000,0.086281,0.137989,0.955000,0.066667,84.028082,0.054797,0.390382,0.940000,0.066667,0.000000,0.019600,0.319480
0.960000,0.044444,0.000000,0.062390,0.146456,0.955000,0.066667,102.583967,0.059340,0.189015,0.940000,0.066667,105.253715,0.019600,0.730580
0.965000,0.066667,0.000000,0.082862,0.146456,0.955000,0.066667,84.028082,0.055028,0.390382,0.940000,0.066667,98.708063,0.019600,0.318110
0.960000,0.066667,0.000000,0.074624,0.146724,0.955000,0.066667,84.028082,0.055028,0.390614,0.940000,0.066667,0.000000,0.019600,0.320103
0.960000,0.044444,0.000000,0.062423,0.146724,0.955000,0.066667,96.746296,0.058716,0.237054,0.945000,0.066667,98.708063,0.019600,0.732742
0.965000,0.044444,0.000000,0.072028,0.146724,0.955000,0.066667,96.746296,0.058716,0.236854,0.940000,0.066667,98.708063,0.019600,0.730580
0.965000,0.066667,0.000000,0.072303,0.147103,0.955000,0.044444,96.746296,0.058716,0.235937,0.940000,0.066667,0.000000,0.019600,0.731455
0.965000,0.066667,0.000000,0.063407,0.146724,0.960000,0.066667,96.746296,0.058716,0.237019,0.940000,0.066667,0.000000,0.019600,0.731455
0.965000,0.066667,0.000000,0.082862,0.146456,0.955000,0.066667,84.028082,0.055028,0.387560,0.940000,0.066667,0.000000,0.019600,0.318638
0.960000,0.044444,0.000000,0.068800,0.146724,0.955000,0.044444,96.746296,0.058716,0.236983,0.940000,0.066667,98.708063,0.019600,0.730446
0.965000,0.044444,0.000000,0.065141,0.146456,0.955000,0.044444,102.583967,0.059305,0.182475,0.940000,0.066667,90.127888,0.019600,0.730580
0.965000,0.044444,0.000000,0.063687,0.146456,0.960000,0.066667,102.583967,0.059340,0.189015,0.945000,0.066667,98.708063,0.019600,0.732742
0.965000,0.066667,0.000000,0.065141,0.146456,0.955000,0.066667,102.583967,0.059305,0.189695,0.940000,0.066667,98.708063,0.019600,0.731455
0.965000,0.044444,0.000000,0.065141,0.146456,0.955000,0.044444,102.583967,0.059305,0.182475,0.940000,0.066667,98.708063,0.019600,0.730580
0.965000,0.044444,0.000000,0.062423,0.146724,0.955000,0.066667,102.583967,0.059340,0.191700,0.940000,0.066667,0.000000,0.019600,0.731455
0.965000,0.066667,0.000000,0.072303,0.146456,0.955000,0.044444,96.746296,0.058716,0.236057,0.945000,0.066667,105.253715,0.019600,0.732742
0.965000,0.066667,0.000000,0.079843,0.140229,0.955000,0.044444,96.746296,0.058716,0.236521,0.940000,0.066667,90.127888,0.019600,0.732742
0.965000,0.044444,0.000000,0.063738,0.146456,0.960000,0.044444,96.746296,0.058716,0.235958,0.940000,0.066667,0.000000,0.019600,0.730580
0.960000,0.066667,0.000000,0.062423,0.146724,0.955000,0.066667,102.583967,0.059340,0.186103,0.940000,0.066667,115.347547,0.019600,0.731455
0.965000,0.066667,0.000000,0.073313,0.137989,0.955000,0.044444,102.583967,0.059305,0.182419,0.940000,0.066667,108.105071,0.019600,0.730580
0.965000,0.044444,0.000000,0.063812,0.146456,0.960000,0.066667,102.583967,0.059305,0.189559,0.945000,0.066667,98.708063,0.019600,0.732742
0.965000,0.044444,0.000000,0.072028,0.146724,0.955000,0.044444,96.746296,0.058716,0.237014,0.940000,0.066667,90.127888,0.019600,0.731455
0.965000,0.066667,0.000000,0.063738,0.146456,0.955000,0.066667,102.583967,0.059340,0.182070,0.940000,0.066667,98.708063,0.019600,0.730580
0.960000,0.044444,0.000000,0.064146,0.146456,0.955000,0.044444,96.746296,0.058716,0.236057,0.945000,0.066667,0.000000,0.019600,0.732742
0.965000,0.044444,0.000000,0.072028,0.146724,0.955000,0.066667,96.746296,0.058716,0.236848,0.940000,0.066667,105.253715,0.019600,0.731455
0.960000,0.066667,0.000000,0.072303,0.147103,0.955000,0.044444,96.746296,0.058716,0.235903,0.940000,0.066667,115.347547,0.019600,0.731455
0.960000,0.066667,0.000000,0.074171,0.146456,0.955000,0.066667,89.580657,0.056830,0.390097,0.940000,0.066667,0.000000,0.019600,0.317928
0.960000,0.066667,0.000000,0.063687,0.146456,0.960000,0.044444,96.746296,0.058716,0.235968,0.945000,0.066667,90.127888,0.019600,0.732742
0.965000,0.066667,0.000000,0.078623,0.146456,0.955000,0.066667,89.580657,0.056830,0.395152,0.940000,0.066667,0.000000,0.019600,0.315689
0.965000,0.044444,0.000000,0.063687,0.146456,0.960000,0.066667,102.583967,0.059340,0.189015,0.945000,0.066667,98.708063,0.019600,0.732742
0.965000,0.066667,0.000000,0.079106,0.146456,0.955000,0.066667,84.028082,0.055028,0.395152,0.940000,0.066667,0.000000,0.019600,0.318037
0.965000,0.066667,0.000000,0.072028,0.146724,0.955000,0.044444,96.746296,0.058716,0.237020,0.940000,0.066667,98.708063,0.019600,0.730580
0.960000,0.066667,0.000000,0.078818,0.146456,0.955000,0.066667,84.028082,0.055028,0.390382,0.940000,0.066667,0.000000,0.019600,0.318285
0.965000,0.066667,0.000000,0.079106,0.146456,0.960000,0.066667,84.028082,0.055028,0.397002,0.940000,0.066667,0.000000,0.019600,0.315424
0.965000,0.066667,0.000000,0.065141,0.147103,0.960000,0.044444,96.746296,0.058716,0.235878,0.940000,0.066667,98.708063,0.019600,0.730446
0.960000,0.066667,0.000000,0.062423,0.146724,0.955000,0.044444,96.746296,0.058716,0.237020,0.945000,0.066667,98.708063,0.019600,0.732742
0.960000,0.066667,0.000000,0.062390,0.146456,0.955000,0.066667,102.583967,0.059340,0.189150,0.940000,0.066667,98.708063,0.019600,0.730580
0.960000,0.066667,0.000000,0.068800,0.146724,0.955000,0.044444,96.746296,0.058716,0.237014,0.940000,0.066667,90.127888,0.019600,0.731455
0.965000,0.044444,0.000000,0.062423,0.146724,0.955000,0.066667,102.583967,0.059340,0.186103,0.940000,0.066667,0.000000,0.019600,0.730580
0.960000,0.066667,0.000000,0.063812,0.146456,0.960000,0.066667,102.583967,0.059305,0.189695,0.940000,0.066667,98.708063,0.019600,0.731455
0.960000,0.044444,0.000000,0.072303,0.146456,0.955000,0.044444,96.746296,0.058716,0.235872,0.940000,0.066667,90.127888,0.019600,0.730446
0.965000,0.066667,0.000000,0.063738,0.146456,0.955000,0.066667,102.583967,0.059340,0.189150,0.940000,0.066667,0.000000,0.019600,0.731455
0.960000,0.044444,0.000000,0.073313,0.135763,0.955000,0.044444,102.583967,0.059305,0.182285,0.940000,0.066667,0.000000,0.019600,0.730580
0.965000,0.066667,0.000000,0.086168,0.147103,0.960000,0.066667,84.028082,0.054797,0.397002,0.940000,0.066667,0.000000,0.019600,0.317821
0.960000,0.066667,0.000000,0.074624,0.146724,0.955000,0.066667,84.028082,0.055028,0.387804,0.940000,0.066667,0.000000,0.019600,0.321077
0.965000,0.044444,0.000000,0.063687,0.146456,0.960000,0.066667,102.583967,0.059340,0.189015,0.945000,0.066667,105.253715,0.019600,0.732742
0.960000,0.066667,0.000000,0.076738,0.147103,0.955000,0.066667,89.580657,0.056830,0.395152,0.940000,0.066667,0.000000,0.019600,0.319750
0.960000,0.044444,0.000000,0.063687,0.146456,0.960000,0.044444,96.746296,0.058716,0.235962,0.940000,0.066667,90.127888,0.019600,0.731455
0.965000,0.044444,0.000000,0.065141,0.146456,0.955000,0.066667,102.583967,0.059305,0.189559,0.940000,0.066667,90.127888,0.019600,0.730580
0.965000,0.066667,0.000000,0.082862,0.146456,0.955000,0.066667,84.028082,0.055028,0.390382,0.940000,0.066667,0.000000,0.019600,0.318110
0.960000,0.066667,0.000000,0.074624,0.146724,0.955000,0.066667,84.028082,0.055028,0.390614,0.940000,0.066667,98.708063,0.019600,0.320166
0.965000,0.066667,0.000000,0.063738,0.146456,0.955000,0.066667,102.583967,0.059340,0.182070,0.940000,0.066667,0.000000,0.019600,0.731455
0.965000,0.066667,0.000000,0.072303,0.146456,0.955000,0.044444,96.746296,0.058716,0.235997,0.940000,0.066667,90.127888,0.019600,0.730580
0.965000,0.044444,0.000000,0.079843,0.140229,0.955000,0.044444,96.746296,0.058716,0.236521,0.940000,0.066667,98.708063,0.019600,0.730580
0.965000,0.066667,0.000000,0.087223,0.146456,0.955000,0.066667,84.028082,0.054797,0.390382,0.940000,0.066667,0.000000,0.019600,0.319480
0.965000,0.044444,0.000000,0.072303,0.146456,0.955000,0.044444,96.746296,0.058716,0.235925,0.940000,0.066667,90.127888,0.019600,0.730446
0.960000,0.044444,0.000000,0.073313,0.136187,0.955000,0.044444,102.583967,0.059305,0.182285,0.940000,0.066667,90.127888,0.019600,0.732742
0.965000,0.044444,0.000000,0.065141,0.146456,0.955000,0.044444,102.583967,0.059305,0.182475,0.940000,0.066667,0.000000,0.019600,0.731455
0.960000,0.066667,0.000000,0.058134,0.146724,0.960000,0.066667,102.583967,0.059340,0.191836,0.940000,0.066667,115.347547,0.019600,0.730580
0.965000,0.044444,0.000000,0.078623,0.146456,0.955000,0.066667,89.580657,0.056830,0.395152,0.940000,0.066667,0.000000,0.019600,0.318142
0.960000,0.066667,0.000000,0.072303,0.146456,0.955000,0.044444,96.746296,0.058716,0.235903,0.940000,0.066667,90.127888,0.019600,0.731455
0.965000,0.044444,0.000000,0.063738,0.146456,0.955000,0.066667,102.583967,0.059340,0.181937,0.940000,0.066667,98.708063,0.019600,0.730580
0.960000,0.044444,0.000000,0.072303,0.146456,0.955000,0.044444,96.746296,0.058716,0.235927,0.940000,0.066667,98.708063,0.019600,0.731455
0.960000,0.066667,0.000000,0.076738,0.146456,0.955000,0.066667,89.580657,0.056830,0.395152,0.945000,0.066667,0.000000,0.019600,0.315906
0.960000,0.066667,0.000000,0.078623,0.146456,0.955000,0.066667,89.580657,0.056830,0.390382,0.940000,0.066667,105.253715,0.019600,0.317520
0.960000,0.066667,0.000000,0.086168,0.146456,0.955000,0.066667,84.028082,0.054797,0.390382,0.940000,0.066667,0.000000,0.019600,0.319890
0.965000,0.066667,0.000000,0.078623,0.147103,0.960000,0.066667,89.580657,0.056830,0.397002,0.940000,0.066667,0.000000,0.019600,0.317552
0.965000,0.066667,0.000000,0.087223,0.147103,0.955000,0.066667,84.028082,0.054797,0.390382,0.940000,0.066667,0.000000,0.019600,0.319480
0.960000,0.066667,0.000000,0.074624,0.146724,0.960000,0.066667,84.028082,0.055028,0.399352,0.940000,0.066667,0.000000,0.019600,0.316150
0.965000,0.044444,0.000000,0.079106,0.146456,0.960000,0.066667,84.028082,0.055028,0.397002,0.940000,0.066667,0.000000,0.019600,0.315528
0.965000,0.044444,0.000000,0.072303,0.146456,0.955000,0.044444,96.746296,0.058716,0.235896,0.940000,0.066667,98.708063,0.019600,0.730446
0.960000,0.066667,0.000000,0.062423,0.146724,0.955000,0.066667,102.583967,0.059340,0.191836,0.940000,0.066667,98.708063,0.019600,0.730580
0.965000,0.044444,0.000000,0.085447,0.140229,0.960000,0.066667,89.580657,0.056830,0.397002,0.940000,0.066667,0.000000,0.019600,0.317659
0.965000,0.066667,0.000000,0.078623,0.146456,0.955000,0.066667,89.580657,0.056830,0.395152,0.940000,0.066667,0.000000,0.019600,0.321139
0.965000,0.066667,0.000000,0.078623,0.146456,0.955000,0.066667,89.580657,0.056830,0.395152,0.940000,0.066667,0.000000,0.019600,0.319750
0.965000,0.066667,0.000000,0.063812,0.147103,0.960000,0.066667,102.583967,0.059305,0.189695,0.940000,0.066667,98.708063,0.019600,0.731455
0.960000,0.066667,0.000000,0.073313,0.140229,0.955000,0.044444,102.583967,0.059305,0.189505,0.940000,0.066667,0.000000,0.019600,0.730446
0.960000,0.066667,0.000000,0.072303,0.147103,0.955000,0.044444,96.746296,0.058716,0.235909,0.940000,0.066667,98.708063,0.019600,0.730580
0.960000,0.066667,0.000000,0.058134,0.146724,0.960000,0.066667,102.583967,0.059340,0.191836,0.940000,0.066667,0.000000,0.019600,0.731455
0.965000,0.066667,0.000000,0.079106,0.146456,0.955000,0.066667,84.028082,0.055028,0.395152,0.940000,0.066667,0.000000,0.019600,0.321139
0.965000,0.066667,0.000000,0.087223,0.146456,0.955000,0.066667,84.028082,0.054797,0.390382,0.940000,0.066667,0.000000,0.019600,0.319750
0.965000,0.044444,0.000000,0.085447,0.140229,0.955000,0.066667,89.580657,0.056830,0.395152,0.940000,0.066667,0.000000,0.019600,0.319588
0.965000,0.044444,0.000000,0.078818,0.146456,0.955000,0.066667,89.580657,0.056830,0.390097,0.940000,0.066667,105.253715,0.019600,0.317232
0.960000,0.044444,0.000000,0.072303,0.146456,0.955000,0.044444,96.746296,0.058716,0.235909,0.940000,0.066667,105.253715,0.019600,0.730580
0.960000,0.066667,0.000000,0.074171,0.146456,0.955000,0.066667,89.580657,0.056830,0.390382,0.940000,0.066667,0.000000,0.019600,0.321319
0.965000,0.066667,0.000000,0.079843,0.147103,0.955000,0.044444,96.746296,0.058716,0.236609,0.940000,0.066667,90.127888,0.019600,0.731455
0.965000,0.044444,0.000000,0.063812,0.146456,0.960000,0.066667,102.583967,0.059305,0.189559,0.940000,0.066667,90.127888,0.019600,0.731455
0.960000,0.044444,0.000000,0.072303,0.146456,0.955000,0.044444,96.746296,0.058716,0.235962,0.945000,0.066667,115.347547,0.019600,0.732742
0.965000,0.066667,0.000000,0.072303,0.146456,0.955000,0.044444,96.746296,0.058716,0.235909,0.940000,0.066667,98.708063,0.019600,0.730580
0.965000,0.044444,0.000000,0.063738,0.146456,0.955000,0.066667,102.583967,0.059340,0.181937,0.945000,0.066667,0.000000,0.019600,0.732742
0.965000,0.066667,0.000000,0.072028,0.146724,0.955000,0.066667,96.746296,0.058716,0.237054,0.940000,0.066667,115.347547,0.019600,0.730580
0.965000,0.066667,0.000000,0.078623,0.146456,0.960000,0.066667,89.580657,0.056830,0.397002,0.940000,0.066667,0.000000,0.019600,0.313769
0.960000,0.066667,0.000000,0.072303,0.147103,0.955000,0.044444,96.746296,0.058716,0.235903,0.940000,0.066667,98.708063,0.019600,0.731455
0.965000,0.044444,0.000000,0.079106,0.146456,0.960000,0.066667,84.028082,0.055028,0.397002,0.940000,0.066667,0.000000,0.019600,0.316222
0.965000,0.044444,0.000000,0.079843,0.140229,0.955000,0.044444,96.746296,0.058716,0.236523,0.940000,0.066667,98.708063,0.019600,0.732742
0.960000,0.066667,0.000000,0.076738,0.146456,0.955000,0.066667,89.580657,0.056830,0.390382,0.940000,0.066667,0.000000,0.019600,0.315796
0.960000,0.044444,0.000000,0.072303,0.146456,0.955000,0.044444,96.746296,0.058716,0.235962,0.940000,0.066667,105.253715,0.019600,0.730580
0.960000,0.044444,0.000000,0.065141,0.146456,0.955000,0.066667,102.583967,0.059305,0.189559,0.940000,0.066667,98.708063,0.019600,0.730580
