0.988000,0.005556,0.000000,0.023489,0.004696,0.985333,0.035889,0.684195,0.042153,0.004332,0.993444,0.022222,15.242004,0.028296,0.003256
0.988000,0.005556,0.000000,0.022998,0.004763,0.984889,0.034778,0.310352,0.042153,0.004210,0.993444,0.022111,16.885107,0.028554,0.003091
0.988000,0.005556,0.000000,0.022275,0.004781,0.984778,0.035889,0.684195,0.042153,0.004203,0.993889,0.025556,14.300240,0.028027,0.003939
0.988000,0.005444,0.000000,0.022289,0.004782,0.984778,0.035889,0.684195,0.042153,0.004202,0.993444,0.022222,15.242004,0.028296,0.003270
0.988000,0.005444,0.000000,0.022275,0.004776,0.984778,0.035889,0.629355,0.042153,0.004202,0.993444,0.022000,17.972444,0.029004,0.003028
0.988000,0.005444,0.000000,0.022873,0.004745,0.985222,0.037000,0.684195,0.042153,0.004258,0.993444,0.022222,14.300240,0.028077,0.003324
0.988000,0.004889,0.000000,0.022746,0.004763,0.985444,0.038111,0.684195,0.042153,0.004357,0.993556,0.023778,16.885107,0.028484,0.003437
0.988000,0.005444,0.000000,0.023333,0.004708,0.985444,0.037111,0.337725,0.042153,0.004376,0.993556,0.023444,17.972444,0.028935,0.003326
0.988000,0.005444,0.000000,0.023560,0.004690,0.985000,0.034222,0.629355,0.042153,0.004243,0.993556,0.023889,14.300240,0.028030,0.003654
0.988000,0.005667,0.000000,0.025010,0.004607,0.985556,0.034000,0.337725,0.042153,0.004655,0.993222,0.022222,11.154365,0.027623,0.003218
0.988000,0.005444,0.000000,0.022117,0.004782,0.985111,0.038000,0.337725,0.042153,0.004252,0.993444,0.022222,14.300240,0.028077,0.003337
0.988000,0.005444,0.000000,0.023532,0.004690,0.985000,0.034222,0.310352,0.042153,0.004243,0.993444,0.022222,15.242004,0.028296,0.003256
0.988000,0.005444,0.000000,0.022330,0.004783,0.984556,0.033778,0.310352,0.042153,0.004112,0.993889,0.025444,15.242004,0.028235,0.003835
0.988000,0.005556,0.000000,0.022117,0.004782,0.985111,0.038000,0.684195,0.042153,0.004253,0.993889,0.025556,14.300240,0.028027,0.003939
0.988000,0.005556,0.000000,0.022746,0.004767,0.985444,0.038111,0.629355,0.042153,0.004357,0.993444,0.022111,16.885107,0.028554,0.003091
0.988000,0.005444,0.000000,0.023489,0.004690,0.985333,0.035889,0.629355,0.042153,0.004332,0.993444,0.022000,17.972444,0.029004,0.003015
0.988000,0.005444,0.000000,0.022718,0.004761,0.985444,0.038111,0.629355,0.042153,0.004357,0.994000,0.025444,15.242004,0.028235,0.003814
0.988000,0.005444,0.000000,0.023560,0.004690,0.985000,0.034222,0.337725,0.042153,0.004243,0.993333,0.021222,17.972444,0.029057,0.002849
0.988000,0.005444,0.000000,0.022984,0.004763,0.984889,0.034778,0.629355,0.042153,0.004210,0.993444,0.022111,16.885107,0.028554,0.003091
0.988000,0.005556,0.000000,0.022859,0.004745,0.985222,0.037000,0.684195,0.042153,0.004259,0.993556,0.023778,15.242004,0.028252,0.003565
0.988000,0.005444,0.000000,0.022132,0.004782,0.985111,0.038000,0.310352,0.042153,0.004253,0.993889,0.025556,15.242004,0.028124,0.003939
0.988000,0.005556,0.000000,0.022132,0.004782,0.985111,0.038000,0.684195,0.042153,0.004253,0.993889,0.025556,14.300240,0.028027,0.003939
0.988000,0.005556,0.000000,0.022096,0.004803,0.985222,0.039111,0.337725,0.042153,0.004365,0.993222,0.021444,15.242004,0.028321,0.003143
0.988000,0.005444,0.000000,0.022732,0.004767,0.985444,0.038111,0.337725,0.042153,0.004357,0.994000,0.025444,15.242004,0.028235,0.003814
0.988000,0.005444,0.000000,0.022132,0.004782,0.985111,0.038000,0.684195,0.042153,0.004252,0.993444,0.022222,15.242004,0.028296,0.003270
0.988000,0.005556,0.000000,0.023347,0.004714,0.985444,0.037111,0.310352,0.042153,0.004376,0.994000,0.025222,17.972444,0.028903,0.003553
0.988000,0.005444,0.000000,0.022112,0.004803,0.985222,0.039111,0.684195,0.042153,0.004365,0.993556,0.023778,15.242004,0.028252,0.003555
0.988000,0.005556,0.000000,0.023361,0.004714,0.985444,0.037111,0.310352,0.042153,0.004376,0.993444,0.022000,17.972444,0.029004,0.003015
0.988000,0.005444,0.000000,0.023560,0.004690,0.985000,0.034222,0.337725,0.042153,0.004243,0.994000,0.025444,15.242004,0.028235,0.003813
0.988000,0.005444,0.000000,0.022732,0.004767,0.985444,0.038111,0.684195,0.042153,0.004357,0.993444,0.022222,14.300240,0.028077,0.003324
0.988000,0.005444,0.000000,0.023503,0.004690,0.985333,0.035889,0.629355,0.042153,0.004333,0.994000,0.025222,17.972444,0.028903,0.003553
0.988000,0.005556,0.000000,0.022888,0.004745,0.985222,0.037000,0.684195,0.042153,0.004258,0.993222,0.021444,15.242004,0.028321,0.003119
0.988000,0.005444,0.000000,0.023489,0.004690,0.985333,0.035889,0.629355,0.042153,0.004332,0.993222,0.021444,15.242004,0.028321,0.003108
0.988000,0.005444,0.000000,0.022969,0.004763,0.984889,0.034778,0.629355,0.042153,0.004211,0.993556,0.023889,14.300240,0.028030,0.003654
0.988000,0.005444,0.000000,0.023331,0.004708,0.985444,0.037111,0.684195,0.042153,0.004376,0.993333,0.021444,16.885107,0.028586,0.002926
0.988000,0.004889,0.000000,0.022984,0.004759,0.984889,0.034778,0.629355,0.042153,0.004210,0.993556,0.023778,16.885107,0.028484,0.003437
0.988000,0.005556,0.000000,0.022732,0.004767,0.985444,0.038111,0.629355,0.042153,0.004357,0.993444,0.022222,15.242004,0.028296,0.003257
0.988000,0.005444,0.000000,0.023347,0.004708,0.985444,0.037111,0.684195,0.042153,0.004376,0.993556,0.023778,15.242004,0.028252,0.003555
0.988000,0.005444,0.000000,0.022857,0.004745,0.985222,0.037000,0.629355,0.042153,0.004258,0.993222,0.021444,15.242004,0.028321,0.003119
0.988000,0.005444,0.000000,0.022097,0.004803,0.985222,0.039111,0.337725,0.042153,0.004365,0.993556,0.023778,15.242004,0.028252,0.003555
0.988000,0.005556,0.000000,0.023347,0.004714,0.985444,0.037111,0.629355,0.042153,0.004376,0.994000,0.025222,17.972444,0.028903,0.003553
0.988000,0.005444,0.000000,0.022304,0.004782,0.984778,0.035889,0.337725,0.042153,0.004202,0.993333,0.021444,16.885107,0.028586,0.002972
0.988000,0.005444,0.000000,0.022132,0.004776,0.985111,0.038000,0.629355,0.042153,0.004253,0.993889,0.025222,17.972444,0.028903,0.003564
0.988000,0.005444,0.000000,0.022873,0.004739,0.985222,0.037000,0.629355,0.042153,0.004258,0.993444,0.022222,14.300240,0.028077,0.003324
0.988000,0.005444,0.000000,0.022984,0.004757,0.984889,0.034778,0.684195,0.042153,0.004211,0.994000,0.025556,14.300240,0.028027,0.003939
0.988000,0.005556,0.000000,0.022984,0.004763,0.984889,0.034778,0.337725,0.042153,0.004210,0.993444,0.022000,17.972444,0.029004,0.003015
0.988000,0.005556,0.000000,0.024903,0.004601,0.985667,0.035333,0.629355,0.042153,0.004714,0.993556,0.023778,15.242004,0.028252,0.003555
0.988222,0.005444,0.000000,0.023195,0.004708,0.985444,0.037111,0.684195,0.042153,0.004376,0.993444,0.022222,14.300240,0.028077,0.003323
0.988000,0.005444,0.000000,0.022103,0.004782,0.985111,0.038000,0.684195,0.042153,0.004252,0.993444,0.022000,17.972444,0.029004,0.003028
0.988000,0.005444,0.000000,0.023560,0.004690,0.985000,0.034222,0.684195,0.042153,0.004243,0.993444,0.022222,14.300240,0.028077,0.003323
0.988000,0.005444,0.000000,0.023532,0.004690,0.985000,0.034222,0.629355,0.042153,0.004243,0.993444,0.022111,16.885107,0.028554,0.003091
0.988000,0.005556,0.000000,0.023532,0.004695,0.985000,0.034222,0.337725,0.042153,0.004243,0.994000,0.025222,17.972444,0.028903,0.003553
0.988000,0.005444,0.000000,0.022132,0.004776,0.985111,0.038000,0.310352,0.042153,0.004253,0.993889,0.025444,15.242004,0.028235,0.003824
0.988000,0.005556,0.000000,0.023489,0.004696,0.985333,0.035889,0.684195,0.042153,0.004333,0.993556,0.023778,15.242004,0.028252,0.003565
0.988000,0.005444,0.000000,0.023560,0.004690,0.985000,0.034222,0.684195,0.042153,0.004243,0.993333,0.021444,15.242004,0.028321,0.003119
0.988000,0.005444,0.000000,0.024985,0.004601,0.985556,0.034000,0.684195,0.042153,0.004655,0.993556,0.023889,14.300240,0.028030,0.003654
0.988000,0.005556,0.000000,0.022718,0.004767,0.985444,0.038111,0.337725,0.042153,0.004357,0.993444,0.022222,15.242004,0.028296,0.003257
0.988000,0.005444,0.000000,0.023333,0.004708,0.985444,0.037111,0.629355,0.042153,0.004376,0.993444,0.022222,14.300240,0.028077,0.003323
0.988000,0.005444,0.000000,0.022887,0.004745,0.985222,0.037000,0.629355,0.042153,0.004259,0.993556,0.023444,17.972444,0.028935,0.003326
0.988000,0.005444,0.000000,0.023532,0.004690,0.985000,0.034222,0.337725,0.042153,0.004243,0.993444,0.022111,17.972444,0.028878,0.003091
0.988000,0.005444,0.000000,0.023475,0.004690,0.985333,0.035889,0.629355,0.042153,0.004333,0.993556,0.023889,14.300240,0.028030,0.003654
0.988000,0.005444,0.000000,0.022718,0.004767,0.985444,0.038111,0.684195,0.042153,0.004357,0.993556,0.023444,17.972444,0.028935,0.003326
0.988000,0.005444,0.000000,0.022275,0.004776,0.984778,0.035889,0.684195,0.042153,0.004203,0.993556,0.023889,14.300240,0.028030,0.003654
0.988000,0.005444,0.000000,0.022998,0.004763,0.984889,0.034778,0.629355,0.042153,0.004210,0.993444,0.022222,14.300240,0.028077,0.003324
0.988000,0.005444,0.000000,0.022112,0.004797,0.985222,0.039111,0.629355,0.042153,0.004366,0.993889,0.025222,17.972444,0.028903,0.003564
0.988000,0.005444,0.000000,0.022998,0.004757,0.984889,0.034778,0.310352,0.042153,0.004211,0.993556,0.023778,16.885107,0.028484,0.003437
0.988000,0.005444,0.000000,0.022289,0.004782,0.984778,0.035889,0.684195,0.042153,0.004202,0.993222,0.021444,15.242004,0.028321,0.003154
0.988000,0.005556,0.000000,0.022289,0.004781,0.984778,0.035889,0.684195,0.042153,0.004203,0.993556,0.023778,15.242004,0.028252,0.003565
0.988000,0.005556,0.000000,0.022275,0.004781,0.984778,0.035889,0.684195,0.042153,0.004202,0.993444,0.022222,14.300240,0.028077,0.003337
0.988000,0.005444,0.000000,0.022732,0.004761,0.985444,0.038111,0.337725,0.042153,0.004357,0.993444,0.022111,16.885107,0.028554,0.003091
0.988000,0.005444,0.000000,0.023546,0.004690,0.985000,0.034222,0.337725,0.042153,0.004243,0.994000,0.025444,16.885107,0.028471,0.003702
0.988000,0.005444,0.000000,0.023333,0.004708,0.985444,0.037111,0.310352,0.042153,0.004376,0.993556,0.023778,16.885107,0.028484,0.003437
0.988000,0.005556,0.000000,0.022746,0.004767,0.985444,0.038111,0.629355,0.042153,0.004357,0.993444,0.022000,17.972444,0.029004,0.003015
0.988000,0.005556,0.000000,0.022887,0.004745,0.985222,0.037000,0.684195,0.042153,0.004258,0.993444,0.022222,15.242004,0.028296,0.003257
0.988000,0.005556,0.000000,0.024980,0.004583,0.985333,0.032667,0.310352,0.042153,0.004577,0.993444,0.022222,15.242004,0.028296,0.003256
0.988000,0.005444,0.000000,0.022718,0.004761,0.985444,0.038111,0.629355,0.042153,0.004357,0.993444,0.022000,17.972444,0.029004,0.003015
0.988000,0.005444,0.000000,0.022859,0.004739,0.985222,0.037000,0.629355,0.042153,0.004259,0.994000,0.025222,17.972444,0.028903,0.003564
0.988000,0.005556,0.000000,0.023475,0.004696,0.985333,0.035889,0.684195,0.042153,0.004333,0.993556,0.023667,17.972444,0.028776,0.003437
0.988000,0.005444,0.000000,0.023020,0.004740,0.984667,0.032667,0.684195,0.042153,0.004100,0.993556,0.023778,15.242004,0.028252,0.003565
0.988000,0.005556,0.000000,0.023503,0.004696,0.985333,0.035889,0.629355,0.042153,0.004332,0.993222,0.021556,14.300240,0.028080,0.003175
0.988000,0.005556,0.000000,0.022314,0.004783,0.984556,0.033778,0.684195,0.042153,0.004111,0.993333,0.021556,14.300240,0.028080,0.003233
0.988000,0.005444,0.000000,0.022103,0.004782,0.985111,0.038000,0.684195,0.042153,0.004253,0.993889,0.025444,15.242004,0.028235,0.003824
0.988000,0.005444,0.000000,0.022112,0.004797,0.985222,0.039111,0.337725,0.042153,0.004366,0.993889,0.025556,14.300240,0.028027,0.003929
0.988000,0.005556,0.000000,0.022969,0.004763,0.984889,0.034778,0.684195,0.042153,0.004211,0.993556,0.023889,14.300240,0.028030,0.003654
0.988000,0.005444,0.000000,0.022732,0.004767,0.985444,0.038111,0.310352,0.042153,0.004357,0.993556,0.023778,16.885107,0.028484,0.003437
0.988000,0.005444,0.000000,0.022132,0.004782,0.985111,0.038000,0.629355,0.042153,0.004252,0.993556,0.023778,15.242004,0.028252,0.003565
0.988000,0.005444,0.000000,0.022888,0.004739,0.985222,0.037000,0.310352,0.042153,0.004258,0.993222,0.021444,15.242004,0.028321,0.003119
0.988000,0.005444,0.000000,0.022859,0.004745,0.985222,0.037000,0.684195,0.042153,0.004259,0.993556,0.023889,14.300240,0.028030,0.003654
0.988000,0.005444,0.000000,0.023333,0.004708,0.985444,0.037111,0.629355,0.042153,0.004376,0.993556,0.023889,14.300240,0.028030,0.003644
0.988000,0.005444,0.000000,0.022304,0.004776,0.984778,0.035889,0.310352,0.042153,0.004202,0.993444,0.022222,14.300240,0.028077,0.003337
0.988000,0.005444,0.000000,0.024994,0.004583,0.985333,0.032667,0.337725,0.042153,0.004577,0.993444,0.022222,14.300240,0.028077,0.003323
0.988000,0.005556,0.000000,0.022112,0.004803,0.985222,0.039111,0.684195,0.042153,0.004365,0.993444,0.022222,15.242004,0.028296,0.003270
0.988000,0.005556,0.000000,0.022275,0.004781,0.984778,0.035889,0.310352,0.042153,0.004203,0.993889,0.025556,14.300240,0.028027,0.003939
0.988000,0.005444,0.000000,0.023546,0.004690,0.985000,0.034222,0.337725,0.042153,0.004243,0.994000,0.025556,14.300240,0.028027,0.003927
0.988000,0.005444,0.000000,0.023532,0.004690,0.985000,0.034222,0.337725,0.042153,0.004243,0.993556,0.023444,17.972444,0.028935,0.003326
0.988000,0.005556,0.000000,0.023503,0.004696,0.985333,0.035889,0.629355,0.042153,0.004332,0.993444,0.022222,14.300240,0.028077,0.003323
0.988000,0.005444,0.000000,0.023503,0.004690,0.985333,0.035889,0.684195,0.042153,0.004332,0.993444,0.022222,14.300240,0.028077,0.003323
0.988000,0.004889,0.000000,0.022132,0.004778,0.985111,0.038000,0.629355,0.042153,0.004252,0.993444,0.022222,14.300240,0.028077,0.003337
0.988000,0.005444,0.000000,0.023333,0.004708,0.985444,0.037111,0.310352,0.042153,0.004376,0.993556,0.023889,14.300240,0.028030,0.003644
0.988000,0.005444,0.000000,0.022097,0.004797,0.985222,0.039111,0.310352,0.042153,0.004365,0.993556,0.023778,15.242004,0.028252,0.003555
0.988000,0.005556,0.000000,0.023361,0.004714,0.985444,0.037111,0.629355,0.042153,0.004376,0.993556,0.023778,15.242004,0.028252,0.003555
0.988000,0.005444,0.000000,0.022859,0.004745,0.985222,0.037000,0.337725,0.042153,0.004259,0.993556,0.023889,14.300240,0.028030,0.003654
0.988000,0.005444,0.000000,0.022103,0.004776,0.985111,0.038000,0.629355,0.042153,0.004252,0.993444,0.022222,14.300240,0.028077,0.003337
0.988000,0.005556,0.000000,0.022732,0.004767,0.985444,0.038111,0.310352,0.042153,0.004357,0.993444,0.022222,14.300240,0.028077,0.003324
0.988000,0.005556,0.000000,0.022873,0.004745,0.985222,0.037000,0.310352,0.042153,0.004259,0.994000,0.025556,14.300240,0.028027,0.003939
0.988000,0.005556,0.000000,0.022998,0.004763,0.984889,0.034778,0.310352,0.042153,0.004211,0.993556,0.023444,17.972444,0.028935,0.003326
0.988000,0.004889,0.000000,0.022984,0.004759,0.984889,0.034778,0.310352,0.042153,0.004210,0.993444,0.022222,14.300240,0.028077,0.003324
0.988000,0.005444,0.000000,0.023489,0.004690,0.985333,0.035889,0.629355,0.042153,0.004332,0.993444,0.022222,15.242004,0.028296,0.003256
0.988222,0.005444,0.000000,0.022135,0.004782,0.984778,0.035889,0.684195,0.042153,0.004202,0.993444,0.022222,14.300240,0.028077,0.003337
0.988000,0.005556,0.000000,0.022887,0.004745,0.985222,0.037000,0.337725,0.042153,0.004259,0.993556,0.023778,16.885107,0.028484,0.003437
0.988000,0.005444,0.000000,0.022304,0.004776,0.984778,0.035889,0.684195,0.042153,0.004203,0.993556,0.023889,14.300240,0.028030,0.003654
0.988000,0.005444,0.000000,0.022873,0.004739,0.985222,0.037000,0.629355,0.042153,0.004258,0.993444,0.022222,14.300240,0.028077,0.003324
0.988000,0.005444,0.000000,0.022887,0.004745,0.985222,0.037000,0.629355,0.042153,0.004258,0.993444,0.022222,15.242004,0.028296,0.003257
0.988000,0.005444,0.000000,0.023361,0.004708,0.985444,0.037111,0.684195,0.042153,0.004376,0.993556,0.023444,17.972444,0.028935,0.003326
0.988000,0.005444,0.000000,0.022998,0.004763,0.984889,0.034778,0.684195,0.042153,0.004210,0.993444,0.022000,17.972444,0.029004,0.003015
0.988000,0.005444,0.000000,0.023475,0.004690,0.985333,0.035889,0.337725,0.042153,0.004332,0.993444,0.022000,17.972444,0.029004,0.003015
0.988000,0.005556,0.000000,0.023489,0.004696,0.985333,0.035889,0.629355,0.042153,0.004332,0.993444,0.022222,15.242004,0.028296,0.003256
0.988000,0.005556,0.000000,0.022887,0.004745,0.985222,0.037000,0.684195,0.042153,0.004258,0.993444,0.022111,16.885107,0.028554,0.003091
0.988000,0.005556,0.000000,0.022887,0.004745,0.985222,0.037000,0.337725,0.042153,0.004258,0.993444,0.022222,15.242004,0.028296,0.003257
0.988000,0.005556,0.000000,0.022984,0.004763,0.984889,0.034778,0.684195,0.042153,0.004211,0.993556,0.023778,16.885107,0.028484,0.003437
0.988000,0.005444,0.000000,0.022126,0.004803,0.985222,0.039111,0.629355,0.042153,0.004365,0.993333,0.021222,17.972444,0.029057,0.002884
0.988000,0.005556,0.000000,0.022859,0.004745,0.985222,0.037000,0.684195,0.042153,0.004259,0.994000,0.025444,15.242004,0.028235,0.003824
0.988000,0.005444,0.000000,0.022984,0.004757,0.984889,0.034778,0.337725,0.042153,0.004211,0.993556,0.023778,16.885107,0.028484,0.003437
0.988000,0.005444,0.000000,0.022275,0.004782,0.984778,0.035889,0.684195,0.042153,0.004203,0.993889,0.025556,14.300240,0.028027,0.003939
0.988222,0.005444,0.000000,0.022578,0.004767,0.985444,0.038111,0.629355,0.042153,0.004357,0.993444,0.022222,15.242004,0.028296,0.003257
0.988000,0.005556,0.000000,0.022859,0.004745,0.985222,0.037000,0.629355,0.042153,0.004259,0.993556,0.023778,16.885107,0.028484,0.003437
0.988000,0.005556,0.000000,0.023361,0.004714,0.985444,0.037111,0.629355,0.042153,0.004376,0.994000,0.025444,15.242004,0.028235,0.003803
0.988000,0.005444,0.000000,0.022275,0.004782,0.984778,0.035889,0.684195,0.042153,0.004203,0.993889,0.025556,14.300240,0.028027,0.003939
0.988222,0.005444,0.000000,0.024820,0.004601,0.985556,0.034000,0.629355,0.042153,0.004655,0.993444,0.022222,15.242004,0.028296,0.003256
0.988222,0.005444,0.000000,0.021963,0.004782,0.985111,0.038000,0.337725,0.042153,0.004252,0.993556,0.023889,14.300240,0.028030,0.003654
0.988000,0.005444,0.000000,0.022112,0.004803,0.985222,0.039111,0.310352,0.042153,0.004365,0.993333,0.021222,17.972444,0.029057,0.002884
0.988000,0.005444,0.000000,0.023532,0.004690,0.985000,0.034222,0.337725,0.042153,0.004243,0.993444,0.022222,14.300240,0.028077,0.003323
0.988000,0.005556,0.000000,0.022314,0.004783,0.984556,0.033778,0.629355,0.042153,0.004111,0.993444,0.022111,16.885107,0.028554,0.003105
0.988000,0.005556,0.000000,0.023532,0.004695,0.985000,0.034222,0.629355,0.042153,0.004243,0.993556,0.023778,16.885107,0.028484,0.003437
0.988000,0.005444,0.000000,0.023347,0.004708,0.985444,0.037111,0.629355,0.042153,0.004376,0.993444,0.022222,16.250976,0.028489,0.003256
0.988000,0.005556,0.000000,0.023489,0.004696,0.985333,0.035889,0.629355,0.042153,0.004332,0.993444,0.022000,17.972444,0.029004,0.003015
0.988000,0.005556,0.000000,0.022887,0.004745,0.985222,0.037000,0.629355,0.042153,0.004259,0.993556,0.023778,15.242004,0.028252,0.003565
0.988000,0.005444,0.000000,0.022103,0.004776,0.985111,0.038000,0.629355,0.042153,0.004252,0.993556,0.023889,14.300240,0.028030,0.003654
0.988000,0.005444,0.000000,0.023532,0.004690,0.985000,0.034222,0.684195,0.042153,0.004243,0.993444,0.022222,15.242004,0.028296,0.003256
0.988000,0.005667,0.000000,0.024994,0.004589,0.985333,0.032667,0.310352,0.042153,0.004577,0.993444,0.022222,14.300240,0.028077,0.003323
0.988000,0.005444,0.000000,0.022112,0.004797,0.985222,0.039111,0.684195,0.042153,0.004365,0.993444,0.022000,17.972444,0.029004,0.003028
0.988000,0.005444,0.000000,0.022969,0.004757,0.984889,0.034778,0.310352,0.042153,0.004211,0.994000,0.025444,15.242004,0.028235,0.003824
0.988000,0.005667,0.000000,0.024903,0.004607,0.985667,0.035333,0.337725,0.042153,0.004714,0.993556,0.023778,16.885107,0.028484,0.003437
0.988000,0.005444,0.000000,0.022097,0.004803,0.985222,0.039111,0.310352,0.042153,0.004365,0.993556,0.023778,15.242004,0.028252,0.003555
0.988000,0.005556,0.000000,0.022112,0.004803,0.985222,0.039111,0.684195,0.042153,0.004365,0.993556,0.023778,16.885107,0.028484,0.003437
0.988000,0.005444,0.000000,0.023489,0.004690,0.985333,0.035889,0.337725,0.042153,0.004333,0.993556,0.023889,14.300240,0.028030,0.003654
0.988000,0.005444,0.000000,0.022304,0.004782,0.984778,0.035889,0.337725,0.042153,0.004203,0.993556,0.023889,14.300240,0.028030,0.003654
0.988000,0.005556,0.000000,0.022984,0.004763,0.984889,0.034778,0.629355,0.042153,0.004211,0.994000,0.025444,15.242004,0.028235,0.003824
0.988000,0.005444,0.000000,0.023532,0.004690,0.985000,0.034222,0.684195,0.042153,0.004243,0.993556,0.023778,15.242004,0.028252,0.003565
0.988000,0.005556,0.000000,0.022998,0.004763,0.984889,0.034778,0.310352,0.042153,0.004211,0.994000,0.025444,16.885107,0.028471,0.003713
0.988000,0.004889,0.000000,0.023475,0.004686,0.985333,0.035889,0.684195,0.042153,0.004333,0.994000,0.025556,14.300240,0.028027,0.003927
0.988000,0.005444,0.000000,0.022984,0.004763,0.984889,0.034778,0.684195,0.042153,0.004210,0.993333,0.021444,15.242004,0.028321,0.003130
0.988000,0.005444,0.000000,0.022132,0.004776,0.985111,0.038000,0.310352,0.042153,0.004252,0.993556,0.023778,15.242004,0.028252,0.003565
0.988000,0.005444,0.000000,0.022103,0.004776,0.985111,0.038000,0.684195,0.042153,0.004252,0.993444,0.022222,14.300240,0.028077,0.003337
0.988000,0.005444,0.000000,0.022718,0.004761,0.985444,0.038111,0.310352,0.042153,0.004357,0.993556,0.023778,15.242004,0.028252,0.003555
0.988000,0.005444,0.000000,0.023489,0.004690,0.985333,0.035889,0.684195,0.042153,0.004333,0.994000,0.025556,14.300240,0.028027,0.003927
0.988000,0.005444,0.000000,0.022097,0.004797,0.985222,0.039111,0.337725,0.042153,0.004365,0.993444,0.022222,15.242004,0.028296,0.003270
0.988000,0.005444,0.000000,0.022117,0.004776,0.985111,0.038000,0.684195,0.042153,0.004252,0.993556,0.023889,14.300240,0.028030,0.003654
0.988000,0.005444,0.000000,0.023347,0.004708,0.985444,0.037111,0.629355,0.042153,0.004376,0.994000,0.025556,14.300240,0.028027,0.003917
0.988000,0.005556,0.000000,0.023560,0.004695,0.985000,0.034222,0.684195,0.042153,0.004243,0.993444,0.022000,17.972444,0.029004,0.003015
0.988000,0.005444,0.000000,0.023361,0.004708,0.985444,0.037111,0.684195,0.042153,0.004376,0.994000,0.025444,15.242004,0.028235,0.003803
0.988000,0.005556,0.000000,0.023361,0.004714,0.985444,0.037111,0.629355,0.042153,0.004376,0.994000,0.025444,16.885107,0.028471,0.003702
0.988000,0.005556,0.000000,0.024985,0.004601,0.985556,0.034000,0.337725,0.042153,0.004655,0.994000,0.025444,15.242004,0.028235,0.003807
0.988000,0.005444,0.000000,0.023764,0.004690,0.984778,0.031889,0.684195,0.042153,0.004117,0.993222,0.021444,15.242004,0.028321,0.003119
0.988000,0.005444,0.000000,0.023361,0.004708,0.985444,0.037111,0.629355,0.042153,0.004376,0.993444,0.022000,17.972444,0.029004,0.003015
0.988000,0.005556,0.000000,0.023503,0.004696,0.985333,0.035889,0.337725,0.042153,0.004332,0.993444,0.022222,14.300240,0.028077,0.003323
0.988000,0.005556,0.000000,0.023347,0.004714,0.985444,0.037111,0.310352,0.042153,0.004376,0.993556,0.023444,17.972444,0.028935,0.003326
0.988000,0.005556,0.000000,0.022859,0.004745,0.985222,0.037000,0.629355,0.042153,0.004259,0.993556,0.023889,14.300240,0.028030,0.003654
0.988000,0.005444,0.000000,0.022984,0.004757,0.984889,0.034778,0.629355,0.042153,0.004211,0.993556,0.023778,15.242004,0.028252,0.003565
0.988000,0.005444,0.000000,0.022984,0.004763,0.984889,0.034778,0.337725,0.042153,0.004211,0.993556,0.023778,15.242004,0.028252,0.003565
0.988000,0.005444,0.000000,0.022887,0.004745,0.985222,0.037000,0.629355,0.042153,0.004259,0.993556,0.023778,15.242004,0.028252,0.003565
0.988000,0.005556,0.000000,0.022103,0.004782,0.985111,0.038000,0.310352,0.042153,0.004253,0.993889,0.025444,16.885107,0.028471,0.003713
0.988000,0.004889,0.000000,0.023020,0.004742,0.984667,0.032667,0.684195,0.042153,0.004099,0.993222,0.021444,15.242004,0.028321,0.003142
0.988000,0.005556,0.000000,0.023503,0.004696,0.985333,0.035889,0.629355,0.042153,0.004332,0.993444,0.022222,14.300240,0.028077,0.003323
0.988000,0.005556,0.000000,0.022117,0.004782,0.985111,0.038000,0.629355,0.042153,0.004252,0.993556,0.023778,15.242004,0.028252,0.003565
0.988000,0.005444,0.000000,0.022275,0.004776,0.984778,0.035889,0.337725,0.042153,0.004202,0.993444,0.022111,16.885107,0.028554,0.003105
0.988000,0.005444,0.000000,0.023475,0.004690,0.985333,0.035889,0.310352,0.042153,0.004333,0.993556,0.023778,15.242004,0.028252,0.003565
0.988000,0.005444,0.000000,0.022859,0.004739,0.985222,0.037000,0.684195,0.042153,0.004259,0.993556,0.023778,15.242004,0.028252,0.003565
0.988000,0.005556,0.000000,0.022718,0.004767,0.985444,0.038111,0.337725,0.042153,0.004357,0.993556,0.023444,17.972444,0.028935,0.003326
0.988000,0.005444,0.000000,0.022132,0.004782,0.985111,0.038000,0.337725,0.042153,0.004252,0.993556,0.023778,16.885107,0.028484,0.003437
0.988000,0.005444,0.000000,0.023560,0.004690,0.985000,0.034222,0.684195,0.042153,0.004243,0.993444,0.022111,16.885107,0.028554,0.003091
0.988000,0.005444,0.000000,0.022275,0.004782,0.984778,0.035889,0.684195,0.042153,0.004202,0.993444,0.022000,17.972444,0.029004,0.003028
0.988000,0.004889,0.000000,0.022746,0.004763,0.985444,0.038111,0.629355,0.042153,0.004357,0.993556,0.023444,17.972444,0.028935,0.003326
0.988000,0.005556,0.000000,0.024994,0.004583,0.985333,0.032667,0.684195,0.042153,0.004577,0.994000,0.025444,15.242004,0.028235,0.003807
0.988000,0.005444,0.000000,0.022289,0.004776,0.984778,0.035889,0.310352,0.042153,0.004202,0.993333,0.021222,17.972444,0.029057,0.002895
0.988000,0.005556,0.000000,0.023750,0.004695,0.984778,0.031889,0.684195,0.042153,0.004117,0.993556,0.023889,14.300240,0.028030,0.003654
0.988000,0.005556,0.000000,0.022117,0.004782,0.985111,0.038000,0.629355,0.042153,0.004253,0.993889,0.025556,14.300240,0.028027,0.003939
0.988000,0.005444,0.000000,0.023532,0.004690,0.985000,0.034222,0.629355,0.042153,0.004243,0.993444,0.022222,14.300240,0.028077,0.003323
0.988000,0.004889,0.000000,0.022126,0.004799,0.985222,0.039111,0.684195,0.042153,0.004365,0.993556,0.023444,17.972444,0.028935,0.003326
0.988000,0.005444,0.000000,0.023546,0.004690,0.985000,0.034222,0.337725,0.042153,0.004243,0.994000,0.025556,14.300240,0.028027,0.003927
0.988000,0.005444,0.000000,0.022857,0.004745,0.985222,0.037000,0.629355,0.042153,0.004258,0.993222,0.021444,15.242004,0.028321,0.003119
0.988000,0.005444,0.000000,0.022998,0.004763,0.984889,0.034778,0.310352,0.042153,0.004211,0.993556,0.023778,15.242004,0.028252,0.003565
0.988000,0.005556,0.000000,0.022887,0.004745,0.985222,0.037000,0.629355,0.042153,0.004259,0.994000,0.025444,15.242004,0.028235,0.003824
0.988000,0.005556,0.000000,0.022732,0.004767,0.985444,0.038111,0.310352,0.042153,0.004357,0.993556,0.023778,16.885107,0.028484,0.003437
0.988000,0.005444,0.000000,0.022117,0.004776,0.985111,0.038000,0.337725,0.042153,0.004252,0.993444,0.022000,17.972444,0.029004,0.003028
0.988000,0.004889,0.000000,0.023530,0.004686,0.985000,0.034222,0.629355,0.042153,0.004243,0.993333,0.021444,15.242004,0.028321,0.003119
0.988000,0.005444,0.000000,0.023560,0.004690,0.985000,0.034222,0.684195,0.042153,0.004243,0.993333,0.021556,14.300240,0.028080,0.003187
0.988000,0.005444,0.000000,0.023546,0.004690,0.985000,0.034222,0.684195,0.042153,0.004243,0.994000,0.025444,15.242004,0.028235,0.003813
0.988000,0.005556,0.000000,0.023546,0.004695,0.985000,0.034222,0.684195,0.042153,0.004243,0.994000,0.025222,17.972444,0.028903,0.003553
0.988000,0.005444,0.000000,0.022732,0.004767,0.985444,0.038111,0.629355,0.042153,0.004356,0.993222,0.021444,15.242004,0.028321,0.003119
0.988000,0.005444,0.000000,0.023333,0.004708,0.985444,0.037111,0.684195,0.042153,0.004376,0.994000,0.025556,14.300240,0.028027,0.003917
0.988000,0.005444,0.000000,0.023347,0.004708,0.985444,0.037111,0.629355,0.042153,0.004376,0.993444,0.022222,15.242004,0.028296,0.003256
0.988000,0.005556,0.000000,0.022126,0.004803,0.985222,0.039111,0.629355,0.042153,0.004365,0.993556,0.023889,14.300240,0.028030,0.003644
0.988000,0.005444,0.000000,0.022126,0.004797,0.985222,0.039111,0.629355,0.042153,0.004365,0.993556,0.023889,14.300240,0.028030,0.003644
0.988000,0.005444,0.000000,0.022984,0.004763,0.984889,0.034778,0.310352,0.042153,0.004211,0.993556,0.023889,14.300240,0.028030,0.003654
0.988000,0.005444,0.000000,0.022859,0.004745,0.985222,0.037000,0.629355,0.042153,0.004258,0.993444,0.022222,14.300240,0.028077,0.003324
0.988000,0.005444,0.000000,0.022859,0.004739,0.985222,0.037000,0.684195,0.042153,0.004258,0.993444,0.022222,15.242004,0.028217,0.003324
0.988000,0.005444,0.000000,0.022112,0.004797,0.985222,0.039111,0.337725,0.042153,0.004365,0.993444,0.022111,16.885107,0.028554,0.003105
0.988000,0.005444,0.000000,0.022097,0.004797,0.985222,0.039111,0.684195,0.042153,0.004365,0.993444,0.022222,14.300240,0.028077,0.003337
0.988000,0.005444,0.000000,0.023598,0.004690,0.985000,0.034222,0.337725,0.042153,0.004243,0.993333,0.022222,11.884003,0.027747,0.003216
0.988000,0.005444,0.000000,0.022873,0.004745,0.985222,0.037000,0.337725,0.042153,0.004258,0.993444,0.022222,15.242004,0.028296,0.003257
0.988000,0.005556,0.000000,0.024888,0.004601,0.985667,0.035333,0.629355,0.042153,0.004714,0.993444,0.022222,15.242004,0.028296,0.003256
0.988000,0.005444,0.000000,0.023503,0.004690,0.985333,0.035889,0.684195,0.042153,0.004333,0.994000,0.025444,15.242004,0.028235,0.003813
0.988000,0.005444,0.000000,0.023560,0.004690,0.985000,0.034222,0.337725,0.042153,0.004243,0.994000,0.025556,14.300240,0.028027,0.003927
0.988000,0.005556,0.000000,0.022112,0.004803,0.985222,0.039111,0.337725,0.042153,0.004365,0.993333,0.021222,17.972444,0.029057,0.002884
0.988000,0.005444,0.000000,0.022859,0.004739,0.985222,0.037000,0.684195,0.042153,0.004259,0.993556,0.023889,14.300240,0.028030,0.003654
0.988000,0.005556,0.000000,0.022344,0.004783,0.984556,0.033778,0.629355,0.042153,0.004112,0.993556,0.023778,16.885107,0.028484,0.003437
0.988000,0.005444,0.000000,0.023560,0.004690,0.985000,0.034222,0.684195,0.042153,0.004243,0.993444,0.022222,15.242004,0.028296,0.003256
0.988000,0.005444,0.000000,0.022969,0.004757,0.984889,0.034778,0.629355,0.042153,0.004211,0.993556,0.023889,14.300240,0.028030,0.003654
0.988000,0.005556,0.000000,0.022097,0.004803,0.985222,0.039111,0.310352,0.042153,0.004365,0.993556,0.023444,17.972444,0.028935,0.003326
0.988000,0.005444,0.000000,0.022112,0.004803,0.985222,0.039111,0.337725,0.042153,0.004365,0.993556,0.023889,14.300240,0.028030,0.003644
0.988000,0.005444,0.000000,0.024903,0.004601,0.985667,0.035333,0.684195,0.042153,0.004714,0.994000,0.025556,14.300240,0.028027,0.003900
0.988000,0.005444,0.000000,0.022998,0.004757,0.984889,0.034778,0.337725,0.042153,0.004210,0.993444,0.022222,15.242004,0.028296,0.003257
0.988000,0.005444,0.000000,0.022103,0.004776,0.985111,0.038000,0.684195,0.042153,0.004252,0.993444,0.022000,17.972444,0.029004,0.003028
0.988222,0.005444,0.000000,0.023394,0.004690,0.985000,0.034222,0.629355,0.042153,0.004243,0.994000,0.025444,15.242004,0.028235,0.003813
0.988000,0.005444,0.000000,0.022112,0.004803,0.985222,0.039111,0.337725,0.042153,0.004365,0.993556,0.023778,15.242004,0.028252,0.003555
0.988000,0.005444,0.000000,0.023333,0.004708,0.985444,0.037111,0.310352,0.042153,0.004376,0.993556,0.023889,14.300240,0.028030,0.003644
0.988000,0.005444,0.000000,0.022969,0.004757,0.984889,0.034778,0.337725,0.042153,0.004210,0.993444,0.022000,17.972444,0.029004,0.003015
0.988000,0.005556,0.000000,0.023333,0.004714,0.985444,0.037111,0.684195,0.042153,0.004376,0.993556,0.023778,16.885107,0.028484,0.003437
0.988000,0.005444,0.000000,0.023503,0.004690,0.985333,0.035889,0.629355,0.042153,0.004333,0.993556,0.023444,17.972444,0.028935,0.003326
0.988000,0.005556,0.000000,0.023546,0.004695,0.985000,0.034222,0.684195,0.042153,0.004243,0.993333,0.021444,15.242004,0.028321,0.003119
0.988000,0.005556,0.000000,0.022857,0.004745,0.985222,0.037000,0.684195,0.042153,0.004258,0.993222,0.021444,15.242004,0.028321,0.003119
0.988000,0.005444,0.000000,0.022746,0.004761,0.985444,0.038111,0.684195,0.042153,0.004357,0.993556,0.023778,15.242004,0.028252,0.003555
0.988000,0.005444,0.000000,0.022984,0.004757,0.984889,0.034778,0.684195,0.042153,0.004211,0.994000,0.025444,15.242004,0.028235,0.003824
0.988222,0.005556,0.000000,0.022829,0.004763,0.984889,0.034778,0.629355,0.042153,0.004211,0.993556,0.023778,15.242004,0.028252,0.003565
0.988000,0.005556,0.000000,0.022126,0.004803,0.985222,0.039111,0.684195,0.042153,0.004365,0.993333,0.021444,16.885107,0.028586,0.002960
0.988000,0.005444,0.000000,0.022859,0.004745,0.985222,0.037000,0.629355,0.042153,0.004258,0.993444,0.022222,14.300240,0.028077,0.003324
0.988000,0.005444,0.000000,0.023503,0.004690,0.985333,0.035889,0.684195,0.042153,0.004333,0.993556,0.023889,14.300240,0.028030,0.003654
0.988000,0.005444,0.000000,0.022103,0.004782,0.985111,0.038000,0.310352,0.042153,0.004253,0.993889,0.025556,14.300240,0.028027,0.003939
0.988000,0.005444,0.000000,0.023546,0.004690,0.985000,0.034222,0.629355,0.042153,0.004243,0.993333,0.021444,15.242004,0.028321,0.003119
0.988000,0.004889,0.000000,0.022746,0.004763,0.985444,0.038111,0.684195,0.042153,0.004356,0.993444,0.022111,16.885107,0.028554,0.003091
0.988000,0.005444,0.000000,0.023333,0.004708,0.985444,0.037111,0.629355,0.042153,0.004376,0.994000,0.025444,15.242004,0.028235,0.003803
0.988000,0.005444,0.000000,0.022984,0.004757,0.984889,0.034778,0.684195,0.042153,0.004211,0.994000,0.025556,14.300240,0.028027,0.003939
0.988000,0.005444,0.000000,0.023036,0.004746,0.984667,0.032667,0.629355,0.042153,0.004100,0.993556,0.023444,17.972444,0.028935,0.003326
0.988000,0.005444,0.000000,0.023503,0.004690,0.985333,0.035889,0.310352,0.042153,0.004333,0.993556,0.023889,14.300240,0.028030,0.003654
0.988000,0.005444,0.000000,0.023361,0.004708,0.985444,0.037111,0.629355,0.042153,0.004376,0.993556,0.023778,16.885107,0.028484,0.003437
0.988000,0.005444,0.000000,0.023347,0.004708,0.985444,0.037111,0.629355,0.042153,0.004376,0.993444,0.022111,16.885107,0.028554,0.003091
0.988000,0.004889,0.000000,0.022969,0.004759,0.984889,0.034778,0.629355,0.042153,0.004210,0.993444,0.022222,14.300240,0.028077,0.003324
0.988000,0.005444,0.000000,0.022289,0.004776,0.984778,0.035889,0.310352,0.042153,0.004202,0.993444,0.022222,15.242004,0.028296,0.003270
0.988000,0.005444,0.000000,0.022289,0.004782,0.984778,0.035889,0.684195,0.042153,0.004203,0.993889,0.025556,14.300240,0.028027,0.003939
0.988000,0.004000,0.000000,0.019807,0.004887,0.983222,0.034000,0.337725,0.042153,0.003959,0.992556,0.018778,1.415360,0.027623,0.002535
0.988000,0.003889,0.000000,0.019773,0.004888,0.983222,0.034000,0.000000,0.042153,0.003958,0.992556,0.017444,1.510670,0.027623,0.002423
0.988000,0.003889,0.000000,0.019821,0.004887,0.983111,0.032889,0.000000,0.042153,0.003898,0.992778,0.019556,6.593448,0.027623,0.002675
0.988000,0.003889,0.000000,0.019807,0.004887,0.983222,0.034000,0.000000,0.042153,0.003959,0.992667,0.020444,1.510670,0.027623,0.002787
0.988222,0.004000,0.000000,0.020169,0.004889,0.983556,0.034222,0.337725,0.042153,0.003999,0.992556,0.017444,1.415360,0.027623,0.002423
0.988222,0.003889,0.000000,0.020843,0.004894,0.983556,0.032111,0.337725,0.042153,0.003914,0.992556,0.018778,1.415360,0.027623,0.002535
0.988222,0.003889,0.000000,0.020843,0.004894,0.983556,0.032111,0.000000,0.042153,0.003914,0.992556,0.017333,7.010024,0.027810,0.002423
0.988222,0.003889,0.000000,0.020334,0.004889,0.983444,0.033222,0.000000,0.042153,0.003940,0.992556,0.017333,7.010024,0.027810,0.002423
0.988222,0.004000,0.000000,0.020169,0.004888,0.983556,0.034222,0.000000,0.042153,0.003999,0.992667,0.019556,6.593448,0.027623,0.002655
0.988222,0.003889,0.000000,0.020169,0.004889,0.983556,0.034222,0.337725,0.042153,0.003999,0.992556,0.018778,1.510670,0.027623,0.002535
0.988222,0.003889,0.000000,0.020740,0.004894,0.983889,0.033333,0.000000,0.042153,0.003983,0.992556,0.018778,6.593448,0.027623,0.002535
0.988222,0.004000,0.000000,0.020368,0.004888,0.983444,0.033222,0.000000,0.042153,0.003940,0.992667,0.019556,6.593448,0.027623,0.002655
0.988000,0.003889,0.000000,0.019821,0.004887,0.983111,0.032889,0.310352,0.042153,0.003898,0.992778,0.020444,1.415360,0.027623,0.002787
0.988000,0.004000,0.000000,0.019686,0.004886,0.983333,0.034889,0.000000,0.042153,0.004033,0.992667,0.019556,6.593448,0.027623,0.002675
0.988222,0.004000,0.000000,0.020843,0.004893,0.983556,0.032111,0.000000,0.042153,0.003914,0.992556,0.018778,6.593448,0.027623,0.002535
0.988222,0.003889,0.000000,0.020368,0.004889,0.983444,0.033222,0.337725,0.042153,0.003940,0.992556,0.018667,7.010024,0.027810,0.002535
0.988222,0.004000,0.000000,0.021658,0.004888,0.983333,0.029889,0.337725,0.042153,0.003855,0.992778,0.019556,7.010024,0.027807,0.002675
0.988222,0.004000,0.000000,0.020381,0.004888,0.983333,0.032111,0.000000,0.042153,0.003890,0.992556,0.018778,1.415360,0.027623,0.002535
0.988000,0.003889,0.000000,0.019821,0.004888,0.983111,0.032889,0.000000,0.042153,0.003898,0.992556,0.018667,7.010024,0.027810,0.002535
0.988222,0.003889,0.000000,0.020169,0.004888,0.983556,0.034222,0.337725,0.042153,0.003999,0.992667,0.020444,7.010024,0.027756,0.002779
0.988222,0.003889,0.000000,0.020368,0.004888,0.983444,0.033222,0.000000,0.042153,0.003940,0.992667,0.020444,7.010024,0.027756,0.002779
0.988000,0.004000,0.000000,0.019991,0.004886,0.982778,0.031111,0.310352,0.042153,0.003832,0.992778,0.020556,7.010024,0.027756,0.002779
0.988000,0.003889,0.000000,0.019686,0.004888,0.983333,0.034889,0.000000,0.042153,0.004033,0.992556,0.018778,1.415360,0.027623,0.002535
0.988222,0.004000,0.000000,0.020740,0.004893,0.983889,0.033333,0.000000,0.042153,0.003983,0.992556,0.018778,1.415360,0.027623,0.002535
0.988000,0.003889,0.000000,0.019807,0.004888,0.983222,0.034000,0.310352,0.042153,0.003959,0.992556,0.018667,7.010024,0.027810,0.002535
0.988222,0.003889,0.000000,0.020843,0.004893,0.983556,0.032111,0.000000,0.042153,0.003914,0.992778,0.019556,1.510670,0.027623,0.002655
0.988222,0.003889,0.000000,0.020884,0.004890,0.983333,0.031000,0.310352,0.042153,0.003871,0.992778,0.020444,1.415360,0.027623,0.002787
0.988222,0.003889,0.000000,0.020169,0.004888,0.983556,0.034222,0.000000,0.042153,0.003999,0.992667,0.020444,7.010024,0.027756,0.002779
0.988222,0.003889,0.000000,0.020381,0.004888,0.983333,0.032111,0.000000,0.042153,0.003890,0.992778,0.019556,7.010024,0.027807,0.002655
0.988222,0.004000,0.000000,0.020843,0.004893,0.983556,0.032111,0.000000,0.042153,0.003914,0.992556,0.018667,7.010024,0.027810,0.002535
0.988000,0.004000,0.000000,0.019686,0.004887,0.983333,0.034889,0.000000,0.042153,0.004033,0.992556,0.018667,7.010024,0.027810,0.002535
0.988222,0.004000,0.000000,0.020381,0.004888,0.983333,0.032111,0.337725,0.042153,0.003890,0.992556,0.018778,6.593448,0.027623,0.002535
0.988222,0.003889,0.000000,0.021510,0.004892,0.983889,0.032556,0.000000,0.042153,0.003993,0.992778,0.019556,1.510670,0.027623,0.002656
0.988222,0.003444,0.000000,0.020368,0.004889,0.983444,0.033222,0.000000,0.042153,0.003940,0.992556,0.018778,1.510670,0.027623,0.002535
0.988222,0.003444,0.000000,0.020381,0.004888,0.983333,0.032111,0.000000,0.042153,0.003890,0.992778,0.019556,6.593448,0.027623,0.002655
0.988222,0.003889,0.000000,0.020843,0.004894,0.983556,0.032111,0.000000,0.042153,0.003914,0.992556,0.018778,6.593448,0.027623,0.002535
0.988000,0.004000,0.000000,0.019821,0.004886,0.983111,0.032889,0.337725,0.042153,0.003898,0.992778,0.019556,6.593448,0.027623,0.002675
0.988222,0.003889,0.000000,0.020740,0.004893,0.983889,0.033333,0.000000,0.042153,0.003983,0.992778,0.019556,1.415360,0.027623,0.002655
0.988222,0.003889,0.000000,0.020537,0.004889,0.983000,0.030556,0.337725,0.042153,0.003816,0.992556,0.018778,1.415360,0.027623,0.002535
0.988222,0.003889,0.000000,0.020334,0.004889,0.983444,0.033222,0.000000,0.042153,0.003940,0.992556,0.017333,7.010024,0.027810,0.002423
0.988000,0.003889,0.000000,0.019773,0.004888,0.983222,0.034000,0.310352,0.042153,0.003958,0.992556,0.017444,6.593448,0.027623,0.002423
0.988222,0.003889,0.000000,0.020381,0.004889,0.983333,0.032111,0.000000,0.042153,0.003890,0.992556,0.018778,1.510670,0.027623,0.002535
0.988000,0.003889,0.000000,0.019821,0.004888,0.983111,0.032889,0.310352,0.042153,0.003898,0.992556,0.018667,7.010024,0.027810,0.002535
0.988000,0.003889,0.000000,0.019821,0.004887,0.983111,0.032889,0.000000,0.042153,0.003898,0.992778,0.020444,7.010024,0.027756,0.002779
0.988222,0.004000,0.000000,0.020884,0.004889,0.983333,0.031000,0.310352,0.042153,0.003871,0.992778,0.019556,6.593448,0.027623,0.002655
0.988222,0.003889,0.000000,0.020740,0.004894,0.983889,0.033333,0.337725,0.042153,0.003983,0.992556,0.018667,7.010024,0.027810,0.002535
0.988222,0.003889,0.000000,0.020381,0.004888,0.983333,0.032111,0.310352,0.042153,0.003890,0.992778,0.019556,7.010024,0.027807,0.002655
0.988222,0.003889,0.000000,0.021510,0.004893,0.983889,0.032556,0.000000,0.042153,0.003993,0.992556,0.018778,6.593448,0.027623,0.002527
0.988000,0.004000,0.000000,0.019686,0.004887,0.983333,0.034889,0.000000,0.042153,0.004033,0.992556,0.017444,1.415360,0.027623,0.002423
0.988222,0.003889,0.000000,0.020169,0.004888,0.983556,0.034222,0.000000,0.042153,0.003999,0.992667,0.019556,1.510670,0.027623,0.002655
0.988222,0.004000,0.000000,0.020368,0.004888,0.983444,0.033222,0.000000,0.042153,0.003940,0.992667,0.020444,1.415360,0.027623,0.002787
0.988222,0.003889,0.000000,0.020368,0.004888,0.983444,0.033222,0.000000,0.042153,0.003940,0.992667,0.019556,6.593448,0.027623,0.002655
0.988222,0.003889,0.000000,0.020843,0.004893,0.983556,0.032111,0.000000,0.042153,0.003914,0.992778,0.020444,1.415360,0.027623,0.002787
0.988222,0.003889,0.000000,0.020169,0.004888,0.983556,0.034222,0.000000,0.042153,0.003999,0.992667,0.020444,6.593448,0.027623,0.002787
0.988222,0.004000,0.000000,0.021510,0.004891,0.983889,0.032556,0.000000,0.042153,0.003993,0.992778,0.020556,7.010024,0.027756,0.002779
0.988222,0.003889,0.000000,0.020884,0.004891,0.983333,0.031000,0.000000,0.042153,0.003871,0.992556,0.017333,7.010024,0.027810,0.002423
0.988000,0.003889,0.000000,0.019821,0.004887,0.983111,0.032889,0.337725,0.042153,0.003898,0.992778,0.019556,7.010024,0.027807,0.002675
0.988000,0.003889,0.000000,0.019686,0.004887,0.983333,0.034889,0.337725,0.042153,0.004033,0.992667,0.019556,6.593448,0.027623,0.002675
0.988222,0.003889,0.000000,0.020884,0.004890,0.983333,0.031000,0.000000,0.042153,0.003871,0.992778,0.020444,7.010024,0.027756,0.002779
0.988222,0.004000,0.000000,0.020368,0.004889,0.983444,0.033222,0.000000,0.042153,0.003940,0.992556,0.018778,6.593448,0.027623,0.002535
0.988222,0.003889,0.000000,0.020740,0.004893,0.983889,0.033333,0.000000,0.042153,0.003983,0.992778,0.019556,1.415360,0.027623,0.002655
0.988222,0.004000,0.000000,0.020381,0.004888,0.983333,0.032111,0.337725,0.042153,0.003890,0.992556,0.018667,7.010024,0.027810,0.002535
0.988222,0.003889,0.000000,0.020884,0.004891,0.983333,0.031000,0.337725,0.042153,0.003871,0.992556,0.017444,6.593448,0.027623,0.002423
0.988222,0.003889,0.000000,0.020381,0.004888,0.983333,0.032111,0.000000,0.042153,0.003890,0.992778,0.019556,1.415360,0.027623,0.002655
0.988000,0.004000,0.000000,0.019686,0.004887,0.983333,0.034889,0.337725,0.042153,0.004033,0.992556,0.018778,1.510670,0.027623,0.002535
0.988222,0.004000,0.000000,0.020843,0.004893,0.983556,0.032111,0.000000,0.042153,0.003914,0.992556,0.018778,1.510670,0.027623,0.002535
0.988000,0.003889,0.000000,0.019807,0.004887,0.983222,0.034000,0.000000,0.042153,0.003959,0.992667,0.019556,1.415360,0.027623,0.002675
0.988222,0.003889,0.000000,0.020169,0.004888,0.983556,0.034222,0.000000,0.042153,0.003999,0.992667,0.020444,6.593448,0.027623,0.002787
0.988222,0.003889,0.000000,0.020843,0.004893,0.983556,0.032111,0.337725,0.042153,0.003914,0.992778,0.019556,1.510670,0.027623,0.002655
0.988000,0.004000,0.000000,0.019821,0.004887,0.983111,0.032889,0.000000,0.042153,0.003898,0.992556,0.018778,1.510670,0.027623,0.002535
0.988222,0.003889,0.000000,0.020884,0.004891,0.983333,0.031000,0.000000,0.042153,0.003871,0.992556,0.018778,1.510670,0.027623,0.002535
0.988222,0.003889,0.000000,0.020843,0.004893,0.983556,0.032111,0.000000,0.042153,0.003914,0.992778,0.019556,7.010024,0.027807,0.002655
0.988222,0.003889,0.000000,0.021575,0.004893,0.983556,0.031000,0.337725,0.042153,0.003930,0.992556,0.018667,7.010024,0.027810,0.002527
0.988222,0.004000,0.000000,0.020169,0.004888,0.983556,0.034222,0.337725,0.042153,0.003999,0.992667,0.019556,1.510670,0.027623,0.002655
0.988000,0.003889,0.000000,0.019821,0.004887,0.983111,0.032889,0.000000,0.042153,0.003898,0.992778,0.019556,6.593448,0.027623,0.002675
0.988222,0.004000,0.000000,0.020884,0.004889,0.983333,0.031000,0.337725,0.042153,0.003871,0.992778,0.020444,7.010024,0.027756,0.002779
0.988222,0.004000,0.000000,0.020884,0.004889,0.983333,0.031000,0.337725,0.042153,0.003871,0.992778,0.019556,7.010024,0.027807,0.002655
0.988222,0.003889,0.000000,0.020381,0.004888,0.983333,0.032111,0.000000,0.042153,0.003890,0.992778,0.019556,7.010024,0.027807,0.002655
0.988000,0.004000,0.000000,0.019773,0.004887,0.983222,0.034000,0.000000,0.042153,0.003958,0.992556,0.017333,7.010024,0.027810,0.002423
0.988000,0.004000,0.000000,0.019686,0.004887,0.983333,0.034889,0.000000,0.042153,0.004033,0.992556,0.017444,1.510670,0.027623,0.002423
0.988222,0.003889,0.000000,0.020740,0.004894,0.983889,0.033333,0.000000,0.042153,0.003983,0.992556,0.018667,7.010024,0.027810,0.002535
0.988222,0.003889,0.000000,0.020843,0.004894,0.983556,0.032111,0.000000,0.042153,0.003914,0.992556,0.018778,6.593448,0.027623,0.002535
0.988222,0.003889,0.000000,0.020740,0.004894,0.983889,0.033333,0.337725,0.042153,0.003983,0.992556,0.018778,1.510670,0.027623,0.002535
0.988222,0.003889,0.000000,0.021131,0.004890,0.983000,0.029556,0.000000,0.042153,0.003773,0.992778,0.020556,1.510670,0.027623,0.002787
0.988222,0.004000,0.000000,0.020884,0.004889,0.983333,0.031000,0.000000,0.042153,0.003871,0.992778,0.019556,7.010024,0.027807,0.002655
0.988222,0.003889,0.000000,0.020740,0.004893,0.983889,0.033333,0.000000,0.042153,0.003983,0.992778,0.019556,6.593448,0.027623,0.002655
0.988222,0.003889,0.000000,0.021658,0.004889,0.983333,0.029889,0.000000,0.042153,0.003855,0.992778,0.020556,7.010024,0.027756,0.002779
0.988222,0.003889,0.000000,0.020740,0.004893,0.983889,0.033333,0.000000,0.042153,0.003983,0.992778,0.020444,1.415360,0.027623,0.002787
0.988222,0.003889,0.000000,0.020169,0.004888,0.983556,0.034222,0.000000,0.042153,0.003999,0.992667,0.020444,6.593448,0.027623,0.002787
0.988222,0.004000,0.000000,0.020884,0.004889,0.983333,0.031000,0.000000,0.042153,0.003871,0.992778,0.020444,7.010024,0.027756,0.002779
0.988000,0.003889,0.000000,0.019807,0.004888,0.983222,0.034000,0.000000,0.042153,0.003959,0.992556,0.018778,6.593448,0.027623,0.002535
0.988000,0.004000,0.000000,0.019821,0.004887,0.983111,0.032889,0.000000,0.042153,0.003898,0.992556,0.018778,6.593448,0.027623,0.002535
0.988222,0.003889,0.000000,0.020843,0.004893,0.983556,0.032111,0.000000,0.042153,0.003914,0.992778,0.019556,7.010024,0.027807,0.002655
0.988222,0.003889,0.000000,0.021575,0.004893,0.983556,0.031000,0.310352,0.042153,0.003930,0.992556,0.018667,7.010024,0.027810,0.002527
0.988222,0.004000,0.000000,0.020334,0.004889,0.983444,0.033222,0.000000,0.042153,0.003940,0.992556,0.017333,7.010024,0.027810,0.002423
0.988000,0.003889,0.000000,0.019773,0.004888,0.983222,0.034000,0.000000,0.042153,0.003958,0.992556,0.017444,6.593448,0.027623,0.002423
0.988222,0.003889,0.000000,0.020381,0.004889,0.983333,0.032111,0.000000,0.042153,0.003890,0.992556,0.018667,7.010024,0.027810,0.002535
0.988000,0.003889,0.000000,0.019686,0.004888,0.983333,0.034889,0.337725,0.042153,0.004033,0.992556,0.018778,1.510670,0.027623,0.002535
0.988222,0.003889,0.000000,0.020884,0.004890,0.983333,0.031000,0.000000,0.042153,0.003871,0.992778,0.020444,7.010024,0.027756,0.002779
0.988222,0.003889,0.000000,0.020740,0.004893,0.983889,0.033333,0.000000,0.042153,0.003983,0.992778,0.020444,6.593448,0.027623,0.002787
0.988222,0.003889,0.000000,0.020169,0.004889,0.983556,0.034222,0.000000,0.042153,0.003999,0.992556,0.017444,6.593448,0.027623,0.002423
0.988000,0.004000,0.000000,0.019991,0.004887,0.982778,0.031111,0.000000,0.042153,0.003832,0.992556,0.018778,1.415360,0.027623,0.002535
0.988222,0.004000,0.000000,0.020169,0.004888,0.983556,0.034222,0.310352,0.042153,0.003999,0.992667,0.019556,1.415360,0.027623,0.002655
0.988222,0.003889,0.000000,0.020368,0.004888,0.983444,0.033222,0.000000,0.042153,0.003940,0.992667,0.020444,1.415360,0.027623,0.002787
0.988000,0.003889,0.000000,0.019821,0.004887,0.983111,0.032889,0.310352,0.042153,0.003898,0.992778,0.019556,7.010024,0.027807,0.002675
0.988222,0.004000,0.000000,0.020537,0.004888,0.983000,0.030556,0.000000,0.042153,0.003816,0.992556,0.018667,7.010024,0.027810,0.002535
0.988222,0.004000,0.000000,0.020843,0.004893,0.983556,0.032111,0.000000,0.042153,0.003914,0.992556,0.018667,7.010024,0.027810,0.002535
0.988222,0.003889,0.000000,0.020740,0.004894,0.983889,0.033333,0.310352,0.042153,0.003982,0.992556,0.017333,7.010024,0.027810,0.002423
0.988222,0.004000,0.000000,0.020884,0.004889,0.983333,0.031000,0.000000,0.042153,0.003871,0.992778,0.019556,6.593448,0.027623,0.002655
0.988222,0.003889,0.000000,0.020884,0.004890,0.983333,0.031000,0.000000,0.042153,0.003871,0.992778,0.020444,6.593448,0.027623,0.002787
0.988222,0.003889,0.000000,0.021510,0.004893,0.983889,0.032556,0.337725,0.042153,0.003993,0.992556,0.018778,6.593448,0.027623,0.002527
0.988000,0.003889,0.000000,0.019821,0.004887,0.983111,0.032889,0.000000,0.042153,0.003898,0.992778,0.019556,7.010024,0.027807,0.002675
0.988222,0.003889,0.000000,0.020884,0.004890,0.983333,0.031000,0.000000,0.042153,0.003871,0.992778,0.020444,7.010024,0.027756,0.002779
0.988222,0.004000,0.000000,0.020740,0.004893,0.983889,0.033333,0.000000,0.042153,0.003983,0.992556,0.018667,7.010024,0.027810,0.002535
0.988222,0.003889,0.000000,0.020169,0.004888,0.983556,0.034222,0.000000,0.042153,0.003999,0.992667,0.020444,6.593448,0.027623,0.002787
0.988222,0.004000,0.000000,0.020368,0.004888,0.983444,0.033222,0.000000,0.042153,0.003940,0.992667,0.019556,7.010024,0.027807,0.002655
0.988000,0.003889,0.000000,0.019991,0.004887,0.982778,0.031111,0.000000,0.042153,0.003832,0.992778,0.019556,6.593448,0.027623,0.002675
0.988000,0.004000,0.000000,0.019686,0.004886,0.983333,0.034889,0.337725,0.042153,0.004033,0.992667,0.019556,7.010024,0.027807,0.002675
0.988222,0.003889,0.000000,0.020368,0.004888,0.983444,0.033222,0.000000,0.042153,0.003940,0.992667,0.020444,6.593448,0.027623,0.002787
0.988000,0.003444,0.000000,0.019807,0.004887,0.983222,0.034000,0.000000,0.042153,0.003959,0.992667,0.020444,6.593448,0.027623,0.002787
0.988000,0.004000,0.000000,0.019807,0.004886,0.983222,0.034000,0.000000,0.042153,0.003959,0.992667,0.019556,1.510670,0.027623,0.002675
0.988222,0.003889,0.000000,0.020381,0.004889,0.983333,0.032111,0.000000,0.042153,0.003890,0.992556,0.018778,1.415360,0.027623,0.002535
0.988222,0.003889,0.000000,0.020884,0.004890,0.983333,0.031000,0.000000,0.042153,0.003871,0.992778,0.019556,6.593448,0.027623,0.002655
0.988222,0.003889,0.000000,0.020368,0.004888,0.983444,0.033222,0.000000,0.042153,0.003940,0.992667,0.020444,6.593448,0.027623,0.002787
0.988222,0.004000,0.000000,0.020381,0.004887,0.983333,0.032111,0.000000,0.042153,0.003890,0.992778,0.020444,7.010024,0.027756,0.002779
0.988222,0.004000,0.000000,0.020740,0.004892,0.983889,0.033333,0.000000,0.042153,0.003983,0.992778,0.019556,7.010024,0.027807,0.002655
0.988222,0.003889,0.000000,0.020740,0.004894,0.983889,0.033333,0.337725,0.042153,0.003983,0.992556,0.018667,7.010024,0.027810,0.002535
0.988222,0.003889,0.000000,0.020537,0.004889,0.983000,0.030556,0.000000,0.042153,0.003816,0.992556,0.018778,1.510670,0.027623,0.002535
0.988222,0.003889,0.000000,0.020843,0.004894,0.983556,0.032111,0.000000,0.042153,0.003914,0.992556,0.018667,7.010024,0.027810,0.002535
0.988222,0.003889,0.000000,0.020843,0.004893,0.983556,0.032111,0.310352,0.042153,0.003914,0.992778,0.019556,1.510670,0.027623,0.002655
0.988222,0.003889,0.000000,0.020884,0.004890,0.983333,0.031000,0.000000,0.042153,0.003871,0.992778,0.019556,7.010024,0.027807,0.002655
0.988222,0.003889,0.000000,0.020368,0.004889,0.983444,0.033222,0.000000,0.042153,0.003940,0.992556,0.018778,1.415360,0.027623,0.002535
0.988222,0.004000,0.000000,0.020169,0.004889,0.983556,0.034222,0.000000,0.042153,0.003999,0.992556,0.018778,6.593448,0.027623,0.002535
0.988222,0.003889,0.000000,0.020740,0.004893,0.983889,0.033333,0.000000,0.042153,0.003983,0.992778,0.019556,6.593448,0.027623,0.002655
0.988000,0.003889,0.000000,0.019686,0.004887,0.983333,0.034889,0.000000,0.042153,0.004033,0.992667,0.019556,7.010024,0.027807,0.002675
0.988000,0.003889,0.000000,0.019686,0.004888,0.983333,0.034889,0.000000,0.042153,0.004033,0.992556,0.018778,1.510670,0.027623,0.002535
0.988222,0.003889,0.000000,0.020368,0.004888,0.983444,0.033222,0.000000,0.042153,0.003940,0.992667,0.019556,7.010024,0.027807,0.002655
0.988222,0.003889,0.000000,0.020368,0.004889,0.983444,0.033222,0.000000,0.042153,0.003940,0.992556,0.018778,1.415360,0.027623,0.002535
0.988222,0.003889,0.000000,0.020169,0.004889,0.983556,0.034222,0.310352,0.042153,0.003999,0.992556,0.018667,7.010024,0.027810,0.002535
0.988222,0.003889,0.000000,0.020381,0.004889,0.983333,0.032111,0.000000,0.042153,0.003890,0.992556,0.017333,7.010024,0.027810,0.002423
0.988222,0.003889,0.000000,0.020381,0.004888,0.983333,0.032111,0.000000,0.042153,0.003890,0.992778,0.020444,1.415360,0.027623,0.002787
0.988000,0.003889,0.000000,0.019821,0.004887,0.983111,0.032889,0.337725,0.042153,0.003898,0.992778,0.019556,1.415360,0.027623,0.002675
0.988222,0.003889,0.000000,0.020368,0.004889,0.983444,0.033222,0.000000,0.042153,0.003940,0.992556,0.018778,6.593448,0.027623,0.002535
0.988000,0.004000,0.000000,0.019821,0.004886,0.983111,0.032889,0.000000,0.042153,0.003898,0.992778,0.020444,7.010024,0.027756,0.002779
0.988222,0.003889,0.000000,0.020169,0.004888,0.983556,0.034222,0.000000,0.042153,0.003999,0.992667,0.019556,6.593448,0.027623,0.002655
0.988000,0.003889,0.000000,0.019991,0.004888,0.982778,0.031111,0.310352,0.042153,0.003832,0.992556,0.018778,6.593448,0.027623,0.002535
0.988000,0.004000,0.000000,0.019686,0.004886,0.983333,0.034889,0.000000,0.042153,0.004033,0.992667,0.020444,7.010024,0.027756,0.002779
0.988222,0.003889,0.000000,0.020843,0.004893,0.983556,0.032111,0.000000,0.042153,0.003914,0.992778,0.019556,6.593448,0.027623,0.002655
0.988222,0.003889,0.000000,0.020884,0.004890,0.983333,0.031000,0.000000,0.042153,0.003871,0.992778,0.019556,7.010024,0.027807,0.002655
0.988222,0.003889,0.000000,0.020740,0.004893,0.983889,0.033333,0.000000,0.042153,0.003983,0.992778,0.019556,6.593448,0.027623,0.002655
0.988000,0.003889,0.000000,0.019807,0.004887,0.983222,0.034000,0.000000,0.042153,0.003959,0.992667,0.019556,6.593448,0.027623,0.002675
0.988000,0.004000,0.000000,0.019821,0.004886,0.983111,0.032889,0.000000,0.042153,0.003898,0.992778,0.019556,6.593448,0.027623,0.002675
0.988222,0.003889,0.000000,0.020884,0.004891,0.983333,0.031000,0.000000,0.042153,0.003871,0.992556,0.017444,1.510670,0.027623,0.002423
0.988222,0.003889,0.000000,0.020368,0.004888,0.983444,0.033222,0.310352,0.042153,0.003940,0.992667,0.019556,7.010024,0.027807,0.002655
0.988222,0.003889,0.000000,0.020381,0.004889,0.983333,0.032111,0.000000,0.042153,0.003890,0.992556,0.018778,6.593448,0.027623,0.002535
0.988000,0.003444,0.000000,0.019821,0.004887,0.983111,0.032889,0.000000,0.042153,0.003898,0.992778,0.019556,7.010024,0.027807,0.002675
0.988000,0.003889,0.000000,0.019821,0.004887,0.983111,0.032889,0.310352,0.042153,0.003898,0.992778,0.020444,6.593448,0.027623,0.002787
0.988000,0.003444,0.000000,0.019821,0.004887,0.983111,0.032889,0.000000,0.042153,0.003898,0.992778,0.019556,1.415360,0.027623,0.002675
0.988222,0.004000,0.000000,0.020843,0.004892,0.983556,0.032111,0.000000,0.042153,0.003914,0.992778,0.019556,1.415360,0.027623,0.002655
0.988000,0.004000,0.000000,0.019686,0.004887,0.983333,0.034889,0.310352,0.042153,0.004033,0.992556,0.018778,1.510670,0.027623,0.002535
0.988222,0.004000,0.000000,0.020381,0.004888,0.983333,0.032111,0.000000,0.042153,0.003890,0.992556,0.018778,1.510670,0.027623,0.002535
0.988000,0.003889,0.000000,0.019773,0.004888,0.983222,0.034000,0.310352,0.042153,0.003958,0.992556,0.017444,6.593448,0.027623,0.002423
0.988222,0.003889,0.000000,0.020884,0.004890,0.983333,0.031000,0.000000,0.042153,0.003871,0.992778,0.020444,1.415360,0.027623,0.002787
0.988222,0.003889,0.000000,0.020169,0.004888,0.983556,0.034222,0.337725,0.042153,0.003999,0.992667,0.020444,1.415360,0.027623,0.002787
0.988222,0.003889,0.000000,0.020843,0.004894,0.983556,0.032111,0.337725,0.042153,0.003914,0.992556,0.018778,7.010024,0.027801,0.002535
0.988222,0.003889,0.000000,0.020884,0.004890,0.983333,0.031000,0.000000,0.042153,0.003871,0.992778,0.019556,6.593448,0.027623,0.002655
0.988000,0.003444,0.000000,0.019686,0.004888,0.983333,0.034889,0.337725,0.042153,0.004033,0.992556,0.018778,1.510670,0.027623,0.002535
0.988222,0.003889,0.000000,0.020381,0.004888,0.983333,0.032111,0.310352,0.042153,0.003890,0.992778,0.020444,6.593448,0.027623,0.002787
0.988222,0.003889,0.000000,0.020843,0.004893,0.983556,0.032111,0.310352,0.042153,0.003914,0.992778,0.020444,7.010024,0.027756,0.002779
0.988222,0.003444,0.000000,0.020169,0.004888,0.983556,0.034222,0.000000,0.042153,0.003999,0.992667,0.019556,1.415360,0.027623,0.002655
0.988000,0.004000,0.000000,0.019821,0.004887,0.983111,0.032889,0.310352,0.042153,0.003898,0.992556,0.018778,6.593448,0.027623,0.002535
0.988222,0.003889,0.000000,0.020884,0.004890,0.983333,0.031000,0.310352,0.042153,0.003871,0.992778,0.019556,6.593448,0.027623,0.002655
0.988222,0.003889,0.000000,0.020740,0.004893,0.983889,0.033333,0.000000,0.042153,0.003983,0.992778,0.020444,6.593448,0.027623,0.002787
0.988000,0.003889,0.000000,0.019807,0.004888,0.983222,0.034000,0.337725,0.042153,0.003959,0.992556,0.018778,6.593448,0.027623,0.002535
0.988000,0.004000,0.000000,0.019821,0.004886,0.983111,0.032889,0.000000,0.042153,0.003898,0.992778,0.020444,6.593448,0.027623,0.002787
0.988000,0.003889,0.000000,0.019821,0.004887,0.983111,0.032889,0.310352,0.042153,0.003898,0.992778,0.020444,1.415360,0.027623,0.002787
0.988000,0.003889,0.000000,0.019821,0.004888,0.983111,0.032889,0.310352,0.042153,0.003898,0.992556,0.018667,7.010024,0.027810,0.002535
0.988222,0.004000,0.000000,0.020843,0.004892,0.983556,0.032111,0.310352,0.042153,0.003914,0.992778,0.019556,6.593448,0.027623,0.002655
0.988000,0.003889,0.000000,0.019821,0.004888,0.983111,0.032889,0.000000,0.042153,0.003898,0.992556,0.018778,1.415360,0.027623,0.002535
0.988000,0.003889,0.000000,0.019686,0.004887,0.983333,0.034889,0.000000,0.042153,0.004033,0.992667,0.020444,7.010024,0.027756,0.002779
0.988222,0.003889,0.000000,0.020843,0.004893,0.983556,0.032111,0.000000,0.042153,0.003914,0.992778,0.019556,1.415360,0.027623,0.002655
0.988222,0.003889,0.000000,0.020169,0.004888,0.983556,0.034222,0.337725,0.042153,0.003999,0.992667,0.020444,1.510670,0.027623,0.002787
0.988222,0.004000,0.000000,0.020368,0.004889,0.983444,0.033222,0.000000,0.042153,0.003940,0.992556,0.018778,6.593448,0.027623,0.002535
0.988000,0.003889,0.000000,0.019807,0.004887,0.983222,0.034000,0.310352,0.042153,0.003959,0.992667,0.019556,6.593448,0.027623,0.002675
0.988222,0.003889,0.000000,0.020381,0.004889,0.983333,0.032111,0.000000,0.042153,0.003890,0.992556,0.018667,7.010024,0.027810,0.002535
0.988222,0.004000,0.000000,0.020169,0.004888,0.983556,0.034222,0.000000,0.042153,0.003999,0.992667,0.020444,7.010024,0.027756,0.002779
0.988222,0.004000,0.000000,0.020169,0.004889,0.983556,0.034222,0.337725,0.042153,0.003999,0.992556,0.017444,6.593448,0.027623,0.002423
0.988000,0.003889,0.000000,0.019686,0.004887,0.983333,0.034889,0.337725,0.042153,0.004033,0.992667,0.020444,1.510670,0.027623,0.002787
0.988222,0.004000,0.000000,0.020368,0.004888,0.983444,0.033222,0.310352,0.042153,0.003940,0.992667,0.019556,6.593448,0.027623,0.002655
0.988000,0.003889,0.000000,0.019807,0.004888,0.983222,0.034000,0.000000,0.042153,0.003959,0.992556,0.018778,1.510670,0.027623,0.002535
0.988000,0.003889,0.000000,0.019821,0.004887,0.983111,0.032889,0.000000,0.042153,0.003898,0.992778,0.019556,1.510670,0.027623,0.002675
0.988222,0.003889,0.000000,0.020740,0.004894,0.983889,0.033333,0.310352,0.042153,0.003983,0.992556,0.018778,1.510670,0.027623,0.002535
0.988222,0.003889,0.000000,0.020740,0.004894,0.983889,0.033333,0.000000,0.042153,0.003982,0.992556,0.017444,6.593448,0.027623,0.002423
0.988000,0.004000,0.000000,0.019807,0.004887,0.983222,0.034000,0.000000,0.042153,0.003959,0.992556,0.018778,1.510670,0.027623,0.002535
0.988222,0.003444,0.000000,0.020884,0.004890,0.983333,0.031000,0.000000,0.042153,0.003871,0.992778,0.019556,1.415360,0.027623,0.002655
0.988222,0.004000,0.000000,0.020740,0.004893,0.983889,0.033333,0.000000,0.042153,0.003983,0.992556,0.018778,1.510670,0.027623,0.002535
0.988000,0.003889,0.000000,0.019821,0.004887,0.983111,0.032889,0.000000,0.042153,0.003898,0.992778,0.019556,7.010024,0.027807,0.002675
0.988000,0.003889,0.000000,0.019686,0.004887,0.983333,0.034889,0.337725,0.042153,0.004033,0.992667,0.020444,6.593448,0.027623,0.002787
0.988222,0.004000,0.000000,0.020843,0.004893,0.983556,0.032111,0.000000,0.042153,0.003914,0.992556,0.018667,7.010024,0.027810,0.002535
0.988222,0.003889,0.000000,0.020169,0.004889,0.983556,0.034222,0.310352,0.042153,0.003999,0.992556,0.018778,1.415360,0.027623,0.002535
0.988222,0.003889,0.000000,0.020368,0.004888,0.983444,0.033222,0.000000,0.042153,0.003940,0.992667,0.019556,1.415360,0.027623,0.002655
0.988222,0.003889,0.000000,0.020381,0.004889,0.983333,0.032111,0.000000,0.042153,0.003890,0.992556,0.018778,1.415360,0.027623,0.002535
0.988000,0.003889,0.000000,0.019821,0.004888,0.983111,0.032889,0.000000,0.042153,0.003898,0.992556,0.018778,6.593448,0.027623,0.002535
0.988222,0.004000,0.000000,0.020368,0.004889,0.983444,0.033222,0.310352,0.042153,0.003940,0.992556,0.018778,1.415360,0.027623,0.002535
0.988000,0.004000,0.000000,0.019821,0.004886,0.983111,0.032889,0.310352,0.042153,0.003898,0.992778,0.019556,1.510670,0.027623,0.002675
0.988222,0.003889,0.000000,0.020843,0.004893,0.983556,0.032111,0.310352,0.042153,0.003914,0.992778,0.019556,7.010024,0.027807,0.002655
0.988222,0.003889,0.000000,0.020884,0.004891,0.983333,0.031000,0.000000,0.042153,0.003871,0.992556,0.017444,1.510670,0.027623,0.002423
0.988222,0.003889,0.000000,0.020334,0.004889,0.983444,0.033222,0.000000,0.042153,0.003940,0.992556,0.017444,6.593448,0.027623,0.002423
0.988222,0.003889,0.000000,0.020843,0.004893,0.983556,0.032111,0.337725,0.042153,0.003914,0.992778,0.020444,6.593448,0.027623,0.002787
0.988222,0.003444,0.000000,0.020884,0.004891,0.983333,0.031000,0.310352,0.042153,0.003871,0.992556,0.018778,1.510670,0.027623,0.002535
0.988000,0.004000,0.000000,0.019686,0.004886,0.983333,0.034889,0.000000,0.042153,0.004033,0.992667,0.019556,7.010024,0.027807,0.002675
0.988222,0.003889,0.000000,0.020368,0.004889,0.983444,0.033222,0.000000,0.042153,0.003940,0.992556,0.018667,7.010024,0.027810,0.002535
0.988222,0.003889,0.000000,0.020843,0.004894,0.983556,0.032111,0.000000,0.042153,0.003914,0.992556,0.018778,6.593448,0.027623,0.002535
0.988222,0.003444,0.000000,0.020381,0.004888,0.983333,0.032111,0.337725,0.042153,0.003890,0.992778,0.020444,7.010024,0.027756,0.002779
0.988222,0.003889,0.000000,0.020884,0.004891,0.983333,0.031000,0.000000,0.042153,0.003871,0.992556,0.018778,6.593448,0.027623,0.002535
0.988222,0.003889,0.000000,0.020740,0.004893,0.983889,0.033333,0.000000,0.042153,0.003983,0.992778,0.020444,1.510670,0.027623,0.002787
0.988222,0.003889,0.000000,0.020381,0.004888,0.983333,0.032111,0.000000,0.042153,0.003890,0.992778,0.019556,6.593448,0.027623,0.002655
0.988222,0.003889,0.000000,0.020884,0.004891,0.983333,0.031000,0.000000,0.042153,0.003871,0.992556,0.018667,7.010024,0.027810,0.002535
0.988222,0.004000,0.000000,0.020169,0.004889,0.983556,0.034222,0.000000,0.042153,0.003999,0.992556,0.017444,6.593448,0.027623,0.002423
0.988222,0.004000,0.000000,0.020884,0.004890,0.983333,0.031000,0.000000,0.042153,0.003871,0.992556,0.018778,1.415360,0.027623,0.002535
0.988000,0.003889,0.000000,0.019686,0.004887,0.983333,0.034889,0.000000,0.042153,0.004033,0.992667,0.019556,6.593448,0.027623,0.002675
0.988222,0.003889,0.000000,0.020169,0.004888,0.983556,0.034222,0.000000,0.042153,0.003999,0.992667,0.019556,1.415360,0.027623,0.002655
0.988222,0.003889,0.000000,0.020884,0.004891,0.983333,0.031000,0.310352,0.042153,0.003871,0.992556,0.018778,1.415360,0.027623,0.002535
0.988000,0.003889,0.000000,0.019807,0.004887,0.983222,0.034000,0.337725,0.042153,0.003959,0.992667,0.019556,7.010024,0.027807,0.002675
0.988222,0.003889,0.000000,0.021510,0.004893,0.983889,0.032556,0.000000,0.042153,0.003993,0.992556,0.017444,6.593448,0.027623,0.002413
0.988000,0.004000,0.000000,0.019773,0.004887,0.983222,0.034000,0.000000,0.042153,0.003958,0.992556,0.017444,6.593448,0.027623,0.002423
0.988222,0.003889,0.000000,0.020843,0.004894,0.983556,0.032111,0.000000,0.042153,0.003914,0.992556,0.018778,1.510670,0.027623,0.002535
0.988222,0.004000,0.000000,0.020740,0.004893,0.983889,0.033333,0.337725,0.042153,0.003983,0.992556,0.018667,7.010024,0.027810,0.002535
0.988222,0.003889,0.000000,0.021575,0.004893,0.983556,0.031000,0.310352,0.042153,0.003930,0.992556,0.017444,1.415360,0.027623,0.002423
0.988222,0.004000,0.000000,0.020368,0.004888,0.983444,0.033222,0.000000,0.042153,0.003940,0.992667,0.019556,6.593448,0.027623,0.002655
0.988000,0.004000,0.000000,0.019686,0.004887,0.983333,0.034889,0.000000,0.042153,0.004033,0.992556,0.018778,1.510670,0.027623,0.002535
0.988222,0.004000,0.000000,0.020334,0.004889,0.983444,0.033222,0.000000,0.042153,0.003940,0.992556,0.017333,7.010024,0.027810,0.002423
0.988222,0.004000,0.000000,0.020843,0.004892,0.983556,0.032111,0.000000,0.042153,0.003914,0.992778,0.019556,7.010024,0.027807,0.002655
0.988222,0.003889,0.000000,0.021575,0.004893,0.983556,0.031000,0.000000,0.042153,0.003930,0.992556,0.017444,1.415360,0.027623,0.002423
0.988222,0.003889,0.000000,0.020381,0.004888,0.983333,0.032111,0.000000,0.042153,0.003890,0.992778,0.019556,6.593448,0.027623,0.002655
0.988222,0.003889,0.000000,0.020368,0.004888,0.983444,0.033222,0.337725,0.042153,0.003940,0.992667,0.019556,6.593448,0.027623,0.002655
0.988222,0.003889,0.000000,0.020381,0.004889,0.983333,0.032111,0.000000,0.042153,0.003890,0.992556,0.017444,1.510670,0.027623,0.002423
0.988222,0.004000,0.000000,0.021658,0.004889,0.983333,0.029889,0.310352,0.042153,0.003855,0.992556,0.018778,6.593448,0.027623,0.002527
0.988222,0.003889,0.000000,0.020169,0.004889,0.983556,0.034222,0.337725,0.042153,0.003999,0.992556,0.018778,6.593448,0.027623,0.002535
0.988222,0.003889,0.000000,0.020368,0.004888,0.983444,0.033222,0.000000,0.042153,0.003940,0.992667,0.020444,7.010024,0.027756,0.002779
0.988222,0.003889,0.000000,0.020843,0.004893,0.983556,0.032111,0.000000,0.042153,0.003914,0.992778,0.019556,6.593448,0.027623,0.002655
0.988222,0.003889,0.000000,0.020381,0.004888,0.983333,0.032111,0.000000,0.042153,0.003890,0.992778,0.020444,1.510670,0.027623,0.002787
0.988000,0.003889,0.000000,0.019821,0.004887,0.983111,0.032889,0.000000,0.042153,0.003898,0.992778,0.019556,6.593448,0.027623,0.002675
0.988222,0.003889,0.000000,0.020740,0.004893,0.983889,0.033333,0.000000,0.042153,0.003983,0.992778,0.020444,7.010024,0.027756,0.002779
0.988222,0.004000,0.000000,0.020843,0.004892,0.983556,0.032111,0.337725,0.042153,0.003914,0.992778,0.019556,7.010024,0.027807,0.002655
0.988000,0.003889,0.000000,0.019686,0.004887,0.983333,0.034889,0.000000,0.042153,0.004033,0.992667,0.019556,7.010024,0.027807,0.002675
0.988222,0.003444,0.000000,0.020843,0.004893,0.983556,0.032111,0.337725,0.042153,0.003914,0.992778,0.020444,6.593448,0.027623,0.002787
0.988222,0.003889,0.000000,0.020884,0.004890,0.983333,0.031000,0.000000,0.042153,0.003871,0.992778,0.019556,1.415360,0.027623,0.002655
0.988222,0.003889,0.000000,0.020368,0.004888,0.983444,0.033222,0.000000,0.042153,0.003940,0.992667,0.020444,7.010024,0.027756,0.002779
0.988222,0.003889,0.000000,0.020740,0.004893,0.983889,0.033333,0.000000,0.042153,0.003983,0.992778,0.019556,1.415360,0.027623,0.002655
