0.980000,0.533333,83.828283,0.054735,0.212660,0.990000,0.311111,124.917889,0.070266,0.249544,0.985000,0.488889,0.000000,0.068863,0.414860
0.980000,0.444444,91.691662,0.062204,0.212660,0.990000,0.333333,124.861294,0.069861,0.249544,0.985000,0.488889,98.708063,0.068863,0.414860
0.985000,0.466667,82.564029,0.041845,0.212660,0.990000,0.288889,131.432357,0.071823,0.249544,0.985000,0.511111,98.708063,0.068863,0.347416
0.985000,0.266667,91.691662,0.056928,0.206328,0.990000,0.266667,124.917889,0.072742,0.216754,0.980000,0.488889,0.000000,0.068863,0.309607
0.985000,0.422222,83.828283,0.045614,0.212660,0.990000,0.266667,131.432357,0.072337,0.216754,0.980000,0.488889,122.965282,0.068863,0.335465
0.985000,0.333333,91.691662,0.056928,0.212660,0.990000,0.288889,130.559963,0.071071,0.249544,0.985000,0.488889,0.000000,0.068863,0.335465
0.980000,0.244444,83.828283,0.065092,0.206328,0.990000,0.311111,124.861294,0.069861,0.249544,0.985000,0.511111,90.127888,0.068863,0.418804
0.980000,0.400000,82.564029,0.045775,0.212660,0.990000,0.333333,124.861294,0.069861,0.249544,0.985000,0.511111,108.249759,0.068863,0.347416
0.980000,0.400000,91.691662,0.062204,0.212660,0.990000,0.311111,124.917889,0.070350,0.257622,0.985000,0.511111,0.000000,0.068863,0.418804
0.980000,0.533333,82.564029,0.055549,0.212660,0.990000,0.333333,130.559963,0.070020,0.259640,0.985000,0.488889,98.708063,0.068863,0.309607
0.985000,0.311111,83.828283,0.062204,0.206328,0.990000,0.333333,124.861294,0.069861,0.249544,0.985000,0.488889,98.708063,0.068863,0.335465
0.980000,0.422222,83.828283,0.045466,0.212660,0.990000,0.311111,130.559963,0.071071,0.249544,0.985000,0.488889,0.000000,0.068863,0.335465
0.985000,0.288889,82.564029,0.063511,0.206328,0.990000,0.355556,124.861294,0.068306,0.258749,0.985000,0.511111,98.708063,0.068863,0.347416
0.985000,0.533333,91.691662,0.055138,0.212660,0.990000,0.311111,124.861294,0.069861,0.249544,0.985000,0.511111,0.000000,0.068863,0.347416
0.985000,0.533333,91.691662,0.051950,0.212660,0.990000,0.311111,124.917889,0.070463,0.249544,0.985000,0.488889,98.708063,0.068863,0.296794
0.985000,0.266667,83.828283,0.067639,0.206328,0.990000,0.266667,131.432357,0.072337,0.249544,0.985000,0.488889,122.965282,0.068863,0.414860
0.985000,0.400000,91.691662,0.047973,0.212660,0.990000,0.288889,124.917889,0.071933,0.216754,0.980000,0.511111,0.000000,0.068863,0.347416
0.980000,0.266667,91.691662,0.067639,0.206328,0.990000,0.311111,124.861294,0.069861,0.249544,0.985000,0.488889,90.127888,0.068863,0.296794
0.985000,0.377778,91.691662,0.056928,0.212660,0.990000,0.266667,124.917889,0.071227,0.216754,0.980000,0.488889,98.708063,0.068863,0.296794
0.985000,0.444444,91.691662,0.043347,0.212660,0.990000,0.288889,124.917889,0.071933,0.216754,0.980000,0.511111,90.127888,0.068863,0.347416
0.985000,0.355556,82.564029,0.064484,0.212660,0.990000,0.311111,130.559963,0.071071,0.249544,0.985000,0.511111,90.127888,0.068863,0.418804
0.985000,0.533333,83.828283,0.045628,0.212660,0.990000,0.311111,124.917889,0.070350,0.249544,0.985000,0.511111,90.127888,0.068863,0.418804
0.985000,0.533333,91.691662,0.055549,0.212660,0.990000,0.355556,124.861294,0.069214,0.249544,0.985000,0.488889,0.000000,0.068863,0.309607
0.985000,0.377778,91.691662,0.065031,0.212660,0.990000,0.333333,124.861294,0.069861,0.249544,0.985000,0.511111,0.000000,0.068863,0.418804
0.985000,0.288889,83.828283,0.065092,0.206328,0.990000,0.288889,124.917889,0.071933,0.249544,0.985000,0.488889,90.127888,0.068863,0.344863
0.980000,0.444444,91.691662,0.062204,0.212660,0.990000,0.333333,130.559963,0.069353,0.259640,0.985000,0.511111,108.249759,0.068863,0.347416
0.985000,0.311111,91.691662,0.062204,0.206328,0.990000,0.266667,124.917889,0.071933,0.216754,0.980000,0.511111,0.000000,0.068863,0.418804
0.980000,0.444444,91.691662,0.063729,0.212660,0.990000,0.333333,124.861294,0.069861,0.249544,0.985000,0.488889,98.708063,0.068863,0.296794
0.980000,0.377778,91.691662,0.067604,0.212660,0.990000,0.355556,124.861294,0.068306,0.259640,0.985000,0.511111,90.127888,0.068863,0.433057
0.985000,0.266667,82.564029,0.063511,0.206328,0.990000,0.311111,124.861294,0.069861,0.249544,0.985000,0.488889,90.127888,0.068863,0.335465
0.980000,0.400000,83.828283,0.048798,0.212660,0.990000,0.266667,124.917889,0.071227,0.215826,0.980000,0.511111,90.127888,0.068863,0.418804
0.985000,0.466667,82.564029,0.054557,0.212660,0.990000,0.288889,131.432357,0.071668,0.249544,0.985000,0.488889,98.708063,0.068863,0.309607
0.980000,0.400000,83.828283,0.055592,0.212660,0.990000,0.288889,130.559963,0.071668,0.249544,0.985000,0.488889,0.000000,0.068863,0.309607
0.980000,0.355556,82.564029,0.045775,0.212660,0.990000,0.266667,131.432357,0.071823,0.249544,0.985000,0.488889,98.708063,0.068863,0.335465
0.985000,0.444444,91.691662,0.047629,0.212660,0.990000,0.266667,131.432357,0.073557,0.215826,0.980000,0.488889,98.708063,0.068863,0.296794
0.985000,0.244444,82.564029,0.062204,0.206328,0.990000,0.288889,131.432357,0.071823,0.249544,0.985000,0.511111,117.797387,0.068863,0.347416
0.985000,0.466667,82.564029,0.045628,0.212660,0.990000,0.288889,131.432357,0.071668,0.249544,0.985000,0.488889,98.708063,0.068863,0.309607
0.980000,0.400000,91.691662,0.053287,0.212660,0.990000,0.288889,131.432357,0.071668,0.249544,0.985000,0.511111,0.000000,0.068863,0.347416
0.985000,0.266667,91.691662,0.052445,0.206328,0.990000,0.266667,124.917889,0.072337,0.216754,0.980000,0.488889,90.127888,0.068863,0.330280
0.985000,0.377778,91.691662,0.062204,0.212660,0.990000,0.333333,124.861294,0.069861,0.249544,0.985000,0.511111,98.708063,0.068863,0.347416
0.980000,0.444444,91.691662,0.048798,0.212660,0.990000,0.266667,124.917889,0.071933,0.215826,0.980000,0.511111,98.708063,0.068863,0.347416
0.985000,0.377778,91.691662,0.064484,0.212660,0.990000,0.333333,130.559963,0.071071,0.249544,0.985000,0.488889,117.797387,0.068863,0.296794
0.985000,0.400000,91.691662,0.054735,0.212660,0.990000,0.288889,130.559963,0.071071,0.249544,0.985000,0.511111,90.127888,0.068863,0.418804
0.985000,0.422222,83.828283,0.045775,0.212660,0.990000,0.311111,124.917889,0.070266,0.249544,0.985000,0.488889,0.000000,0.068863,0.335465
0.985000,0.377778,91.691662,0.048680,0.212660,0.990000,0.266667,124.917889,0.072742,0.216754,0.980000,0.511111,0.000000,0.068863,0.347416
0.985000,0.444444,91.691662,0.055138,0.212660,0.990000,0.311111,124.861294,0.069861,0.249544,0.985000,0.488889,98.708063,0.068863,0.296794
0.980000,0.444444,91.691662,0.053287,0.212660,0.990000,0.288889,131.432357,0.071668,0.257622,0.985000,0.511111,0.000000,0.068863,0.339022
0.980000,0.266667,91.691662,0.053212,0.206328,0.990000,0.311111,131.432357,0.071668,0.249544,0.985000,0.488889,0.000000,0.068863,0.330280
0.985000,0.377778,91.691662,0.047973,0.212660,0.990000,0.311111,124.917889,0.070350,0.249544,0.985000,0.488889,90.127888,0.068863,0.296794
0.980000,0.466667,83.828283,0.054735,0.212660,0.990000,0.311111,130.559963,0.071071,0.249544,0.985000,0.488889,90.127888,0.068863,0.414860
0.980000,0.266667,83.828283,0.053862,0.206328,0.990000,0.288889,131.432357,0.071823,0.249544,0.985000,0.488889,98.708063,0.068863,0.296794
0.980000,0.533333,91.691662,0.048798,0.212660,0.990000,0.355556,124.861294,0.068103,0.257622,0.985000,0.511111,98.708063,0.068863,0.347416
0.985000,0.400000,83.828283,0.062204,0.212660,0.990000,0.333333,130.559963,0.068879,0.258749,0.985000,0.511111,0.000000,0.068863,0.418804
0.980000,0.533333,91.691662,0.054735,0.212660,0.990000,0.288889,131.432357,0.071668,0.257622,0.985000,0.511111,90.127888,0.068863,0.418804
0.980000,0.400000,83.828283,0.063894,0.212660,0.990000,0.266667,131.432357,0.071823,0.257285,0.985000,0.488889,0.000000,0.068863,0.309607
0.980000,0.244444,91.691662,0.067747,0.206328,0.990000,0.288889,131.432357,0.071668,0.257416,0.985000,0.511111,0.000000,0.068863,0.418804
0.980000,0.533333,91.691662,0.048798,0.212660,0.990000,0.333333,130.559963,0.068879,0.260180,0.985000,0.488889,0.000000,0.068863,0.300174
0.980000,0.222222,91.691662,0.058796,0.206328,0.990000,0.311111,124.861294,0.069861,0.249544,0.985000,0.488889,0.000000,0.068863,0.335159
0.985000,0.266667,91.691662,0.067639,0.206328,0.990000,0.266667,131.432357,0.072337,0.249544,0.985000,0.511111,98.708063,0.068863,0.418804
0.980000,0.422222,83.828283,0.048798,0.212660,0.990000,0.311111,130.559963,0.071071,0.249544,0.985000,0.488889,108.249759,0.068863,0.335465
0.985000,0.377778,91.691662,0.047975,0.212660,0.990000,0.266667,131.432357,0.073759,0.215826,0.980000,0.511111,0.000000,0.068863,0.335465
0.985000,0.377778,91.691662,0.055476,0.212660,0.990000,0.311111,124.917889,0.070350,0.249544,0.985000,0.511111,90.127888,0.068863,0.347416
0.985000,0.400000,83.828283,0.040388,0.212660,0.990000,0.288889,124.917889,0.070463,0.216754,0.980000,0.511111,0.000000,0.068863,0.347416
0.985000,0.266667,82.564029,0.065031,0.206328,0.990000,0.266667,131.432357,0.072337,0.216754,0.980000,0.488889,90.127888,0.068863,0.414860
0.985000,0.400000,82.564029,0.047094,0.212660,0.990000,0.288889,131.432357,0.071823,0.249544,0.985000,0.511111,108.249759,0.068863,0.347416
0.985000,0.377778,91.691662,0.057881,0.212660,0.990000,0.311111,124.861294,0.069861,0.249544,0.985000,0.511111,90.127888,0.068863,0.418804
0.985000,0.244444,91.691662,0.061277,0.206328,0.990000,0.288889,124.917889,0.070463,0.216754,0.980000,0.488889,0.000000,0.068863,0.330280
0.985000,0.444444,91.691662,0.053287,0.212660,0.990000,0.311111,124.917889,0.069861,0.249544,0.985000,0.511111,0.000000,0.068863,0.347416
0.985000,0.466667,83.828283,0.045614,0.212660,0.990000,0.288889,131.432357,0.071668,0.249544,0.985000,0.488889,0.000000,0.068863,0.335465
0.985000,0.400000,83.828283,0.056873,0.212660,0.990000,0.333333,130.559963,0.070463,0.249544,0.985000,0.488889,90.127888,0.068863,0.296794
0.980000,0.311111,83.828283,0.070771,0.206328,0.990000,0.333333,130.559963,0.069353,0.259640,0.985000,0.511111,98.708063,0.068863,0.418804
0.980000,0.355556,82.564029,0.051118,0.212660,0.990000,0.311111,130.559963,0.071071,0.249544,0.985000,0.511111,115.434245,0.068863,0.347416
0.985000,0.533333,91.691662,0.051946,0.212660,0.990000,0.288889,131.432357,0.071823,0.249544,0.985000,0.488889,98.708063,0.068863,0.414860
0.985000,0.533333,91.691662,0.054735,0.212660,0.990000,0.288889,131.432357,0.071823,0.249544,0.985000,0.488889,0.000000,0.068863,0.344863
0.980000,0.400000,91.691662,0.057834,0.212660,0.990000,0.355556,124.861294,0.069861,0.257622,0.985000,0.488889,0.000000,0.068863,0.335465
0.980000,0.400000,83.828283,0.045466,0.212660,0.990000,0.288889,131.432357,0.071823,0.249544,0.985000,0.488889,98.708063,0.068863,0.335465
0.985000,0.377778,91.691662,0.047973,0.212660,0.990000,0.311111,124.917889,0.070350,0.249544,0.985000,0.511111,90.127888,0.068863,0.347416
0.985000,0.444444,91.691662,0.041845,0.212660,0.990000,0.266667,131.432357,0.073759,0.215826,0.980000,0.511111,98.708063,0.068863,0.347416
0.985000,0.377778,91.691662,0.047973,0.212660,0.990000,0.311111,124.917889,0.069861,0.249544,0.985000,0.511111,0.000000,0.068863,0.347416
0.980000,0.533333,91.691662,0.051946,0.212660,0.990000,0.266667,131.432357,0.073557,0.215826,0.980000,0.488889,0.000000,0.068863,0.339922
0.985000,0.533333,82.564029,0.045614,0.212660,0.990000,0.311111,124.861294,0.069861,0.249544,0.985000,0.488889,90.127888,0.068863,0.330280
0.985000,0.333333,91.691662,0.056640,0.212660,0.990000,0.311111,131.432357,0.071823,0.249544,0.985000,0.511111,90.127888,0.068863,0.347416
0.985000,0.400000,83.828283,0.047973,0.212660,0.990000,0.288889,130.559963,0.071071,0.249544,0.985000,0.511111,98.708063,0.068863,0.347416
0.985000,0.466667,82.564029,0.045466,0.212660,0.990000,0.311111,124.861294,0.069861,0.249544,0.985000,0.511111,90.127888,0.068863,0.347416
0.985000,0.244444,91.691662,0.064704,0.206328,0.990000,0.333333,130.559963,0.068879,0.258749,0.985000,0.511111,90.127888,0.068863,0.335465
0.985000,0.288889,83.828283,0.067604,0.206328,0.990000,0.311111,124.861294,0.069861,0.249544,0.985000,0.511111,98.708063,0.068863,0.418804
0.985000,0.400000,91.691662,0.063894,0.212660,0.990000,0.355556,124.861294,0.068103,0.263169,0.985000,0.488889,0.000000,0.068863,0.339922
0.985000,0.266667,91.691662,0.062204,0.206328,0.990000,0.311111,124.861294,0.069861,0.249544,0.985000,0.511111,0.000000,0.068863,0.347416
0.980000,0.377778,91.691662,0.056640,0.212660,0.990000,0.288889,130.559963,0.071071,0.249544,0.985000,0.511111,98.708063,0.068863,0.347416
0.985000,0.422222,83.828283,0.063717,0.212660,0.990000,0.311111,130.559963,0.071071,0.249544,0.985000,0.488889,0.000000,0.068863,0.414860
0.980000,0.266667,91.691662,0.067639,0.206328,0.990000,0.311111,124.861294,0.069861,0.257416,0.985000,0.488889,0.000000,0.068863,0.309607
0.985000,0.466667,83.828283,0.046181,0.212660,0.990000,0.266667,131.432357,0.073759,0.216754,0.980000,0.488889,98.708063,0.068863,0.309607
0.985000,0.466667,82.564029,0.040388,0.212660,0.990000,0.311111,130.559963,0.071071,0.249544,0.985000,0.511111,98.708063,0.068863,0.347416
0.980000,0.400000,83.828283,0.063511,0.212660,0.990000,0.333333,130.559963,0.068879,0.257622,0.985000,0.511111,0.000000,0.068863,0.347416
0.980000,0.222222,91.691662,0.063897,0.206328,0.990000,0.311111,130.559963,0.071071,0.257622,0.985000,0.511111,98.708063,0.068863,0.347416
0.980000,0.533333,91.691662,0.055138,0.212660,0.990000,0.311111,124.917889,0.070266,0.249544,0.985000,0.488889,0.000000,0.068863,0.309607
0.980000,0.422222,82.564029,0.048798,0.212660,0.990000,0.288889,131.432357,0.071823,0.249544,0.985000,0.488889,98.708063,0.068863,0.414860
0.985000,0.244444,82.564029,0.067747,0.206328,0.990000,0.288889,130.559963,0.071071,0.249544,0.985000,0.488889,90.127888,0.068863,0.339922
0.980000,0.400000,82.564029,0.048680,0.212660,0.990000,0.311111,124.861294,0.069861,0.257622,0.985000,0.511111,90.127888,0.068863,0.347416
0.985000,0.400000,83.828283,0.045614,0.212660,0.990000,0.311111,124.861294,0.069861,0.249544,0.985000,0.511111,0.000000,0.068863,0.347416
0.980000,0.444444,91.691662,0.057834,0.212660,0.990000,0.311111,124.917889,0.070350,0.257416,0.985000,0.511111,0.000000,0.068863,0.433057
0.985000,0.311111,83.828283,0.051118,0.206328,0.990000,0.311111,130.559963,0.071071,0.249544,0.985000,0.511111,90.127888,0.068863,0.347416
0.985000,0.400000,83.828283,0.043007,0.212660,0.990000,0.311111,124.917889,0.070350,0.249544,0.985000,0.488889,90.127888,0.068863,0.335465
0.985000,0.444444,91.691662,0.057881,0.212660,0.990000,0.355556,124.861294,0.069214,0.249544,0.985000,0.488889,0.000000,0.068863,0.414860
0.985000,0.533333,82.564029,0.045775,0.212660,0.990000,0.333333,124.861294,0.069861,0.249544,0.985000,0.511111,98.708063,0.068863,0.347416
0.980000,0.444444,91.691662,0.063717,0.212660,0.990000,0.333333,130.559963,0.069993,0.257381,0.985000,0.511111,98.708063,0.068863,0.418804
0.985000,0.222222,91.691662,0.065092,0.206328,0.990000,0.333333,130.559963,0.068879,0.262050,0.985000,0.488889,0.000000,0.068863,0.335159
0.980000,0.377778,91.691662,0.048798,0.212660,0.990000,0.266667,131.432357,0.073759,0.215826,0.980000,0.488889,0.000000,0.068863,0.335159
0.985000,0.222222,91.691662,0.053862,0.206328,0.990000,0.266667,124.917889,0.071933,0.216754,0.980000,0.488889,0.000000,0.068863,0.335465
0.985000,0.533333,83.828283,0.055138,0.212660,0.990000,0.311111,124.861294,0.069861,0.249544,0.985000,0.511111,98.708063,0.068863,0.418804
0.985000,0.466667,83.828283,0.047360,0.212660,0.990000,0.266667,131.432357,0.073759,0.216754,0.980000,0.511111,0.000000,0.068863,0.418804
0.985000,0.377778,91.691662,0.055138,0.212660,0.990000,0.288889,130.559963,0.071071,0.249544,0.985000,0.488889,0.000000,0.068863,0.335159
0.985000,0.400000,83.828283,0.063894,0.212660,0.990000,0.311111,124.917889,0.070350,0.249544,0.985000,0.488889,0.000000,0.068863,0.309607
0.980000,0.422222,82.564029,0.048798,0.212660,0.990000,0.311111,130.559963,0.071071,0.249544,0.985000,0.511111,122.965282,0.068863,0.418804
0.985000,0.355556,83.828283,0.062204,0.206328,0.990000,0.266667,124.917889,0.072742,0.216754,0.980000,0.488889,117.797387,0.068863,0.414860
0.980000,0.288889,83.828283,0.064484,0.206328,0.990000,0.355556,124.861294,0.068306,0.259640,0.985000,0.488889,98.708063,0.068863,0.335465
0.980000,0.444444,91.691662,0.051946,0.212660,0.990000,0.288889,130.559963,0.071668,0.249544,0.985000,0.488889,0.000000,0.068863,0.335465
0.985000,0.533333,82.564029,0.051950,0.212660,0.990000,0.311111,124.861294,0.069861,0.249544,0.985000,0.488889,117.797387,0.068863,0.296794
0.985000,0.466667,83.828283,0.063717,0.212660,0.990000,0.355556,124.861294,0.068103,0.260180,0.985000,0.488889,0.000000,0.068863,0.309607
0.985000,0.533333,91.691662,0.051946,0.212660,0.990000,0.311111,124.917889,0.070350,0.249544,0.985000,0.511111,90.127888,0.068863,0.347416
0.985000,0.266667,83.828283,0.065092,0.206328,0.990000,0.266667,131.432357,0.072337,0.216754,0.980000,0.488889,112.636514,0.068863,0.296794
0.985000,0.466667,82.564029,0.045614,0.212660,0.990000,0.311111,131.432357,0.071668,0.249544,0.985000,0.511111,90.127888,0.068863,0.347416
0.980000,0.377778,91.691662,0.062204,0.212660,0.990000,0.333333,124.861294,0.069861,0.249544,0.985000,0.511111,98.708063,0.068863,0.347416
0.985000,0.400000,82.564029,0.051118,0.212660,0.990000,0.266667,131.432357,0.072337,0.249544,0.985000,0.511111,98.708063,0.068863,0.347416
0.985000,0.266667,91.691662,0.055138,0.206328,0.990000,0.311111,124.917889,0.070350,0.249544,0.985000,0.488889,0.000000,0.068863,0.330280
0.985000,0.533333,91.691662,0.045628,0.212660,0.990000,0.266667,124.917889,0.072742,0.216754,0.980000,0.511111,98.708063,0.068863,0.347416
0.980000,0.533333,91.691662,0.062204,0.212660,0.990000,0.288889,124.917889,0.071933,0.257416,0.985000,0.511111,0.000000,0.068863,0.433057
0.985000,0.266667,82.564029,0.048886,0.206328,0.990000,0.266667,131.432357,0.073759,0.216754,0.980000,0.511111,90.127888,0.068863,0.347416
0.980000,0.333333,91.691662,0.050146,0.212660,0.990000,0.266667,131.432357,0.073557,0.217613,0.980000,0.488889,0.000000,0.068863,0.300174
0.985000,0.311111,91.691662,0.053862,0.206328,0.990000,0.333333,130.559963,0.068879,0.263161,0.985000,0.511111,0.000000,0.068863,0.347416
0.985000,0.266667,91.691662,0.063511,0.206328,0.990000,0.355556,124.861294,0.068103,0.262050,0.985000,0.488889,90.127888,0.068863,0.296794
0.980000,0.377778,91.691662,0.055138,0.212660,0.990000,0.333333,130.559963,0.069993,0.257285,0.985000,0.488889,0.000000,0.068863,0.335465
0.985000,0.533333,83.828283,0.046181,0.212660,0.990000,0.266667,124.917889,0.072742,0.216754,0.980000,0.488889,108.105071,0.068863,0.296794
0.980000,0.533333,82.564029,0.041018,0.212660,0.990000,0.311111,130.559963,0.071668,0.249544,0.985000,0.511111,117.797387,0.068863,0.347416
0.980000,0.400000,91.691662,0.057834,0.212660,0.990000,0.311111,124.917889,0.069861,0.249544,0.985000,0.488889,0.000000,0.068863,0.414860
0.980000,0.466667,82.564029,0.048798,0.212660,0.990000,0.266667,124.917889,0.071933,0.215826,0.980000,0.488889,115.434245,0.068863,0.296794
0.985000,0.533333,91.691662,0.062204,0.212660,0.990000,0.311111,124.917889,0.070350,0.249544,0.985000,0.511111,0.000000,0.068863,0.418804
0.985000,0.377778,91.691662,0.048680,0.212660,0.990000,0.311111,124.917889,0.070266,0.249544,0.985000,0.511111,0.000000,0.068863,0.335465
0.980000,0.377778,91.691662,0.056873,0.212660,0.990000,0.311111,130.559963,0.071668,0.249544,0.985000,0.488889,0.000000,0.068863,0.335465
0.980000,0.466667,82.564029,0.062204,0.212660,0.990000,0.355556,124.861294,0.069861,0.257285,0.985000,0.488889,98.708063,0.068863,0.414860
0.985000,0.422222,83.828283,0.054557,0.212660,0.990000,0.311111,124.917889,0.070350,0.249544,0.985000,0.488889,90.127888,0.068863,0.296794
0.985000,0.377778,91.691662,0.051162,0.212660,0.990000,0.311111,130.559963,0.070492,0.249544,0.985000,0.511111,0.000000,0.068863,0.347416
0.980000,0.444444,91.691662,0.057834,0.212660,0.990000,0.355556,124.861294,0.068306,0.257622,0.985000,0.511111,117.797387,0.068863,0.335465
0.985000,0.355556,82.564029,0.046146,0.206328,0.990000,0.311111,124.861294,0.069861,0.249544,0.985000,0.511111,98.708063,0.068863,0.347416
0.985000,0.444444,91.691662,0.051946,0.212660,0.990000,0.311111,124.917889,0.070350,0.249544,0.985000,0.511111,90.127888,0.068863,0.347416
0.980000,0.377778,91.691662,0.055138,0.212660,0.990000,0.288889,130.559963,0.071071,0.249544,0.985000,0.511111,0.000000,0.068863,0.335465
0.985000,0.288889,82.564029,0.067916,0.206328,0.990000,0.333333,130.559963,0.068879,0.258749,0.985000,0.511111,98.708063,0.068863,0.418804
0.985000,0.533333,91.691662,0.045628,0.212660,0.990000,0.288889,130.559963,0.071668,0.249544,0.985000,0.511111,0.000000,0.068863,0.347416
0.980000,0.244444,91.691662,0.056640,0.206328,0.990000,0.266667,124.917889,0.071933,0.215826,0.980000,0.511111,0.000000,0.068863,0.347416
0.985000,0.444444,91.691662,0.063894,0.212660,0.990000,0.311111,124.861294,0.069861,0.249544,0.985000,0.511111,108.249759,0.068863,0.433057
0.985000,0.222222,91.691662,0.053862,0.206328,0.990000,0.266667,124.917889,0.071227,0.215826,0.980000,0.511111,0.000000,0.068863,0.347416
0.985000,0.400000,83.828283,0.054735,0.212660,0.990000,0.266667,124.917889,0.071933,0.216754,0.980000,0.488889,0.000000,0.068863,0.330852
0.985000,0.422222,82.564029,0.062204,0.212660,0.990000,0.355556,124.861294,0.068306,0.261693,0.985000,0.511111,98.708063,0.068863,0.418804
0.985000,0.422222,83.828283,0.043007,0.212660,0.990000,0.311111,124.917889,0.070350,0.249544,0.985000,0.488889,0.000000,0.068863,0.335159
0.985000,0.422222,82.564029,0.045628,0.212660,0.990000,0.333333,130.559963,0.069993,0.257381,0.985000,0.511111,98.708063,0.068863,0.347416
0.980000,0.444444,91.691662,0.053287,0.212660,0.990000,0.266667,131.432357,0.072337,0.215826,0.980000,0.511111,0.000000,0.068863,0.418804
0.985000,0.444444,91.691662,0.048125,0.212660,0.990000,0.311111,130.559963,0.071071,0.249544,0.985000,0.488889,0.000000,0.068863,0.335465
0.985000,0.400000,91.691662,0.055138,0.212660,0.990000,0.311111,124.917889,0.070350,0.249544,0.985000,0.511111,98.708063,0.068863,0.347416
0.980000,0.400000,82.564029,0.048680,0.212660,0.990000,0.311111,130.559963,0.071071,0.257622,0.985000,0.511111,90.127888,0.068863,0.347416
0.980000,0.533333,82.564029,0.051950,0.212660,0.990000,0.311111,124.917889,0.070266,0.257285,0.985000,0.488889,108.249759,0.068863,0.296794
0.980000,0.266667,91.691662,0.067639,0.206328,0.990000,0.266667,131.432357,0.073557,0.215826,0.980000,0.511111,0.000000,0.068863,0.418804
0.980000,0.533333,91.691662,0.051946,0.212660,0.990000,0.266667,131.432357,0.073557,0.215826,0.980000,0.511111,108.249759,0.068863,0.418804
0.980000,0.444444,91.691662,0.062204,0.212660,0.990000,0.288889,130.559963,0.071071,0.257622,0.985000,0.511111,0.000000,0.068863,0.418804
0.980000,0.400000,83.828283,0.048798,0.212660,0.990000,0.311111,124.917889,0.070463,0.249544,0.985000,0.488889,0.000000,0.068863,0.309607
0.980000,0.266667,82.564029,0.067639,0.206328,0.990000,0.288889,130.559963,0.071071,0.249544,0.985000,0.488889,117.797387,0.068863,0.296794
0.980000,0.444444,91.691662,0.066298,0.212660,0.990000,0.355556,124.861294,0.068306,0.257416,0.985000,0.488889,90.127888,0.068863,0.429043
0.980000,0.533333,82.564029,0.048798,0.212660,0.990000,0.333333,130.559963,0.071071,0.249544,0.985000,0.511111,117.797387,0.068863,0.347416
0.985000,0.533333,83.828283,0.038745,0.212660,0.990000,0.311111,124.917889,0.070350,0.249544,0.985000,0.511111,0.000000,0.068863,0.347416
0.985000,0.400000,91.691662,0.047975,0.212660,0.990000,0.266667,124.917889,0.072742,0.216754,0.980000,0.511111,0.000000,0.068863,0.347416
0.985000,0.400000,83.828283,0.063511,0.212660,0.990000,0.355556,124.861294,0.068103,0.258749,0.985000,0.511111,98.708063,0.068863,0.347416
0.985000,0.266667,91.691662,0.065031,0.206328,0.990000,0.288889,131.432357,0.071668,0.249544,0.985000,0.511111,0.000000,0.068863,0.418804
0.985000,0.444444,91.691662,0.055536,0.212660,0.990000,0.333333,124.861294,0.069861,0.249544,0.985000,0.511111,98.708063,0.068863,0.347416
0.985000,0.222222,91.691662,0.056640,0.206328,0.990000,0.288889,131.432357,0.071668,0.249544,0.985000,0.488889,90.127888,0.068863,0.296794
0.980000,0.444444,91.691662,0.053287,0.212660,0.990000,0.266667,131.432357,0.072337,0.249544,0.985000,0.488889,0.000000,0.068863,0.414860
0.985000,0.533333,91.691662,0.055138,0.212660,0.990000,0.311111,124.917889,0.070350,0.249544,0.985000,0.511111,0.000000,0.068863,0.347416
0.985000,0.422222,83.828283,0.045628,0.212660,0.990000,0.333333,130.559963,0.069353,0.258772,0.985000,0.488889,98.708063,0.068863,0.335465
0.980000,0.377778,91.691662,0.053862,0.212660,0.990000,0.333333,130.559963,0.070492,0.257622,0.985000,0.511111,0.000000,0.068863,0.347416
0.985000,0.377778,91.691662,0.052997,0.212660,0.990000,0.311111,124.917889,0.069861,0.249544,0.985000,0.511111,0.000000,0.068863,0.347416
0.985000,0.466667,83.828283,0.045628,0.212660,0.990000,0.355556,124.861294,0.068103,0.257381,0.985000,0.511111,90.127888,0.068863,0.347416
0.985000,0.333333,91.691662,0.067747,0.212660,0.990000,0.333333,130.559963,0.069353,0.258749,0.985000,0.488889,98.708063,0.068863,0.414860
0.980000,0.422222,83.828283,0.055138,0.212660,0.990000,0.311111,130.559963,0.071071,0.249544,0.985000,0.488889,108.249759,0.068863,0.414860
0.985000,0.266667,91.691662,0.056640,0.206328,0.990000,0.311111,124.917889,0.070350,0.249544,0.985000,0.488889,98.708063,0.068863,0.296794
0.985000,0.222222,91.691662,0.065092,0.206328,0.990000,0.311111,124.861294,0.069861,0.249544,0.985000,0.511111,90.127888,0.068863,0.418804
0.980000,0.377778,91.691662,0.054735,0.212660,0.990000,0.266667,124.917889,0.071933,0.217613,0.980000,0.511111,90.127888,0.068863,0.418804
0.985000,0.400000,82.564029,0.055138,0.212660,0.990000,0.355556,124.861294,0.068103,0.262011,0.985000,0.488889,117.797387,0.068863,0.296794
0.980000,0.466667,82.564029,0.050146,0.212660,0.990000,0.288889,131.432357,0.071668,0.257622,0.985000,0.511111,98.708063,0.068863,0.347416
0.985000,0.444444,91.691662,0.055138,0.212660,0.990000,0.311111,124.917889,0.070463,0.249544,0.985000,0.511111,0.000000,0.068863,0.347416
0.980000,0.400000,91.691662,0.048798,0.212660,0.990000,0.311111,124.917889,0.070463,0.257285,0.985000,0.488889,0.000000,0.068863,0.335465
0.985000,0.244444,83.828283,0.065031,0.206328,0.990000,0.266667,124.917889,0.072337,0.216754,0.980000,0.511111,90.127888,0.068863,0.418804
0.980000,0.400000,91.691662,0.057881,0.212660,0.990000,0.333333,124.861294,0.069861,0.249544,0.985000,0.511111,0.000000,0.068863,0.347416
0.985000,0.266667,91.691662,0.056640,0.206328,0.990000,0.311111,124.861294,0.069861,0.249544,0.985000,0.488889,0.000000,0.068863,0.300174
0.980000,0.400000,82.564029,0.064484,0.212660,0.990000,0.355556,124.861294,0.068306,0.257381,0.985000,0.511111,98.708063,0.068863,0.418804
0.985000,0.533333,83.828283,0.062204,0.212660,0.990000,0.311111,130.559963,0.071071,0.249544,0.985000,0.511111,98.708063,0.068863,0.418804
0.985000,0.466667,82.564029,0.045628,0.212660,0.990000,0.311111,130.559963,0.071071,0.249544,0.985000,0.511111,122.965282,0.068863,0.347416
0.985000,0.400000,91.691662,0.053287,0.212660,0.990000,0.311111,124.861294,0.069861,0.249544,0.985000,0.488889,90.127888,0.068863,0.335465
0.980000,0.244444,82.564029,0.053212,0.206328,0.990000,0.288889,131.432357,0.071668,0.257285,0.985000,0.488889,90.127888,0.068863,0.330280
0.980000,0.377778,91.691662,0.067302,0.212660,0.990000,0.266667,131.432357,0.072337,0.249544,0.985000,0.488889,0.000000,0.068863,0.339922
0.980000,0.400000,83.828283,0.048798,0.212660,0.990000,0.266667,131.432357,0.073557,0.215826,0.980000,0.511111,90.127888,0.068863,0.418804
0.980000,0.466667,82.564029,0.045775,0.212660,0.990000,0.311111,124.861294,0.069861,0.249544,0.985000,0.511111,115.434245,0.068863,0.347416
0.985000,0.266667,83.828283,0.063511,0.206328,0.990000,0.311111,130.559963,0.071071,0.249544,0.985000,0.488889,90.127888,0.068863,0.330280
0.980000,0.400000,83.828283,0.055138,0.212660,0.990000,0.311111,124.917889,0.070463,0.249544,0.985000,0.511111,0.000000,0.068863,0.347416
0.980000,0.377778,91.691662,0.062204,0.212660,0.990000,0.311111,124.861294,0.069861,0.249544,0.985000,0.488889,0.000000,0.068863,0.339922
0.985000,0.444444,91.691662,0.046181,0.212660,0.990000,0.266667,131.432357,0.073557,0.216754,0.980000,0.511111,0.000000,0.068863,0.418804
0.985000,0.400000,91.691662,0.048079,0.212660,0.990000,0.266667,131.432357,0.072337,0.216754,0.980000,0.511111,0.000000,0.068863,0.414860
0.985000,0.400000,83.828283,0.062204,0.212660,0.990000,0.311111,130.559963,0.071071,0.249544,0.985000,0.511111,98.708063,0.068863,0.347416
0.980000,0.377778,91.691662,0.051162,0.212660,0.990000,0.288889,131.432357,0.071823,0.249544,0.985000,0.488889,0.000000,0.068863,0.335465
0.985000,0.400000,91.691662,0.047973,0.212660,0.990000,0.311111,124.917889,0.070350,0.249544,0.985000,0.488889,0.000000,0.068863,0.335465
0.985000,0.422222,82.564029,0.047973,0.212660,0.990000,0.355556,124.861294,0.067714,0.262050,0.985000,0.488889,108.249759,0.068863,0.296794
0.985000,0.377778,91.691662,0.045628,0.212660,0.990000,0.311111,131.432357,0.071668,0.249544,0.985000,0.488889,0.000000,0.068863,0.330280
0.980000,0.422222,82.564029,0.048798,0.212660,0.990000,0.333333,130.559963,0.069353,0.260180,0.985000,0.488889,90.127888,0.068863,0.330280
0.980000,0.400000,83.828283,0.056873,0.212660,0.990000,0.311111,124.861294,0.069861,0.249544,0.985000,0.488889,0.000000,0.068863,0.309607
0.980000,0.400000,91.691662,0.047973,0.212660,0.990000,0.288889,130.559963,0.071071,0.257622,0.985000,0.488889,0.000000,0.068863,0.335465
0.980000,0.400000,82.564029,0.050428,0.212660,0.990000,0.311111,124.917889,0.070463,0.249544,0.985000,0.511111,117.797387,0.068863,0.418804
0.980000,0.266667,82.564029,0.065092,0.206328,0.990000,0.311111,124.861294,0.069861,0.249544,0.985000,0.511111,98.708063,0.068863,0.418804
0.985000,0.466667,83.828283,0.045628,0.212660,0.990000,0.355556,124.861294,0.068306,0.249544,0.985000,0.488889,90.127888,0.068863,0.296794
0.985000,0.400000,83.828283,0.045628,0.212660,0.990000,0.266667,124.917889,0.071933,0.216754,0.980000,0.511111,98.708063,0.068863,0.347416
0.985000,0.533333,91.691662,0.055992,0.212660,0.990000,0.266667,131.432357,0.072337,0.249544,0.985000,0.511111,108.249759,0.068863,0.418804
0.980000,0.400000,82.564029,0.055138,0.212660,0.990000,0.288889,131.432357,0.071823,0.249544,0.985000,0.488889,90.127888,0.068863,0.339922
0.980000,0.466667,82.564029,0.045628,0.212660,0.990000,0.311111,124.861294,0.069861,0.249544,0.985000,0.511111,98.708063,0.068863,0.347416
0.985000,0.444444,91.691662,0.055138,0.212660,0.990000,0.333333,124.861294,0.069861,0.249544,0.985000,0.511111,90.127888,0.068863,0.335465
0.985000,0.288889,82.564029,0.063897,0.206328,0.990000,0.333333,130.559963,0.069993,0.249544,0.985000,0.511111,108.249759,0.068863,0.347416
0.980000,0.377778,91.691662,0.057834,0.212660,0.990000,0.288889,124.917889,0.071933,0.257622,0.985000,0.511111,0.000000,0.068863,0.347416
0.985000,0.400000,91.691662,0.063717,0.212660,0.990000,0.355556,124.861294,0.068103,0.260156,0.985000,0.488889,0.000000,0.068863,0.309607
0.985000,0.400000,91.691662,0.048079,0.212660,0.990000,0.266667,131.432357,0.072337,0.249544,0.985000,0.488889,117.797387,0.068863,0.296794
0.980000,0.377778,91.691662,0.052445,0.212660,0.990000,0.311111,124.861294,0.069861,0.249544,0.985000,0.511111,98.708063,0.068863,0.347416
0.985000,0.333333,91.691662,0.063511,0.212660,0.990000,0.333333,130.559963,0.069353,0.258749,0.985000,0.511111,0.000000,0.068863,0.347416
0.980000,0.400000,91.691662,0.048798,0.212660,0.990000,0.333333,124.861294,0.069861,0.257622,0.985000,0.511111,0.000000,0.068863,0.347416
0.985000,0.400000,82.564029,0.048680,0.212660,0.990000,0.333333,124.861294,0.069861,0.249544,0.985000,0.488889,117.797387,0.068863,0.296794
0.985000,0.533333,91.691662,0.048079,0.212660,0.990000,0.266667,124.917889,0.071933,0.215826,0.980000,0.511111,98.708063,0.068863,0.347416
0.980000,0.466667,83.828283,0.048798,0.212660,0.990000,0.266667,131.432357,0.073557,0.215826,0.980000,0.488889,90.127888,0.068863,0.414860
0.980000,0.533333,91.691662,0.048798,0.212660,0.990000,0.311111,124.917889,0.070266,0.257285,0.985000,0.488889,0.000000,0.068863,0.330280
0.985000,0.444444,91.691662,0.055138,0.212660,0.990000,0.311111,124.861294,0.069861,0.249544,0.985000,0.488889,90.127888,0.068863,0.296794
0.985000,0.400000,91.691662,0.054735,0.212660,0.990000,0.288889,131.432357,0.071668,0.249544,0.985000,0.511111,0.000000,0.068863,0.418804
0.985000,0.422222,83.828283,0.045775,0.212660,0.990000,0.266667,124.917889,0.071933,0.216754,0.980000,0.511111,0.000000,0.068863,0.347416
0.985000,0.444444,91.691662,0.045628,0.212660,0.990000,0.311111,124.917889,0.070266,0.249544,0.985000,0.511111,0.000000,0.068863,0.347416
0.985000,0.533333,83.828283,0.051950,0.212660,0.990000,0.311111,130.559963,0.071071,0.249544,0.985000,0.488889,90.127888,0.068863,0.296794
0.985000,0.400000,82.564029,0.046839,0.212660,0.990000,0.288889,131.432357,0.071668,0.249544,0.985000,0.488889,108.249759,0.068863,0.296794
0.980000,0.266667,82.564029,0.067639,0.206328,0.990000,0.288889,124.917889,0.070350,0.249544,0.985000,0.511111,98.708063,0.068863,0.433057
0.985000,0.266667,91.691662,0.064484,0.206328,0.990000,0.311111,130.559963,0.071071,0.249544,0.985000,0.511111,0.000000,0.068863,0.347416
0.980000,0.377778,91.691662,0.054557,0.212660,0.990000,0.288889,131.432357,0.071823,0.249544,0.985000,0.488889,0.000000,0.068863,0.309607
0.985000,0.244444,82.564029,0.065092,0.206328,0.990000,0.311111,124.917889,0.070350,0.249544,0.985000,0.488889,122.965282,0.068863,0.414860
0.980000,0.266667,83.828283,0.052445,0.206328,0.990000,0.266667,124.917889,0.071933,0.215826,0.980000,0.511111,98.708063,0.068863,0.347416
0.985000,0.400000,91.691662,0.047975,0.212660,0.990000,0.266667,131.432357,0.073557,0.216754,0.980000,0.511111,0.000000,0.068863,0.418804
0.985000,0.266667,82.564029,0.062204,0.206328,0.990000,0.288889,131.432357,0.071823,0.249544,0.985000,0.511111,117.797387,0.068863,0.347416
0.980000,0.288889,91.691662,0.067916,0.206328,0.990000,0.355556,124.861294,0.068306,0.257416,0.985000,0.511111,98.708063,0.068863,0.433057
0.980000,0.400000,91.691662,0.062204,0.212660,0.990000,0.288889,131.432357,0.071668,0.249544,0.985000,0.511111,98.708063,0.068863,0.418804
0.980000,0.244444,91.691662,0.063511,0.206328,0.990000,0.311111,124.917889,0.070463,0.249544,0.985000,0.488889,90.127888,0.068863,0.296794
0.985000,0.222222,91.691662,0.062204,0.206328,0.990000,0.266667,131.432357,0.071933,0.249544,0.985000,0.488889,0.000000,0.068863,0.309607
0.985000,0.422222,83.828283,0.048680,0.212660,0.990000,0.333333,130.559963,0.069977,0.249544,0.985000,0.488889,0.000000,0.068863,0.335465
0.985000,0.266667,91.691662,0.065092,0.206328,0.990000,0.288889,124.917889,0.071933,0.249544,0.985000,0.511111,0.000000,0.068863,0.418804
0.975000,0.177778,71.713372,0.045538,0.189612,0.985000,0.377778,116.478622,0.062337,0.271108,0.970000,0.333333,0.000000,0.068863,0.225193
0.975000,0.111111,79.143346,0.059062,0.182040,0.985000,0.400000,120.432892,0.057478,0.300466,0.970000,0.333333,0.000000,0.068863,0.203052
0.980000,0.111111,80.699675,0.060304,0.181615,0.980000,0.355556,120.432892,0.058351,0.291665,0.970000,0.355556,0.000000,0.068863,0.284851
0.980000,0.111111,85.676312,0.058776,0.194299,0.985000,0.377778,116.016992,0.060293,0.295994,0.980000,0.400000,0.000000,0.068863,0.305579
0.975000,0.177778,57.340193,0.037908,0.194637,0.985000,0.377778,116.478622,0.062337,0.271149,0.970000,0.333333,0.000000,0.068863,0.225193
0.970000,0.111111,74.112315,0.052140,0.177638,0.985000,0.377778,116.478622,0.061433,0.295449,0.970000,0.333333,0.000000,0.068863,0.225193
0.975000,0.088889,82.993669,0.062204,0.175309,0.985000,0.400000,116.016992,0.060199,0.295179,0.965000,0.333333,0.000000,0.068863,0.225193
0.975000,0.111111,78.250003,0.053982,0.181615,0.985000,0.400000,121.114859,0.059751,0.300261,0.970000,0.333333,0.000000,0.068863,0.225193
0.980000,0.133333,82.993669,0.063947,0.194792,0.985000,0.400000,121.114859,0.059793,0.304045,0.970000,0.355556,0.000000,0.068863,0.233430
0.975000,0.133333,74.112315,0.047313,0.181615,0.985000,0.400000,116.478622,0.061433,0.299846,0.970000,0.355556,0.000000,0.068863,0.233430
0.970000,0.111111,60.816156,0.039325,0.178646,0.985000,0.400000,121.114859,0.059751,0.295714,0.970000,0.355556,0.000000,0.068863,0.203052
0.980000,0.133333,85.676312,0.060304,0.193180,0.985000,0.422222,120.432892,0.057478,0.300387,0.970000,0.355556,0.000000,0.068863,0.284851
0.980000,0.111111,82.993669,0.058776,0.187964,0.980000,0.333333,116.478622,0.060902,0.293218,0.980000,0.400000,0.000000,0.068863,0.305579
0.980000,0.133333,80.699675,0.052140,0.194276,0.985000,0.422222,120.432892,0.057478,0.301573,0.970000,0.355556,0.000000,0.068863,0.295862
0.975000,0.177778,64.426859,0.049588,0.195077,0.985000,0.400000,121.114859,0.059751,0.295449,0.970000,0.355556,0.000000,0.068863,0.225193
0.975000,0.155556,72.536574,0.053457,0.186125,0.985000,0.333333,122.805741,0.063479,0.264777,0.970000,0.355556,0.000000,0.068863,0.239717
0.975000,0.177778,58.009063,0.037195,0.193180,0.980000,0.333333,116.478622,0.061611,0.287653,0.970000,0.355556,0.000000,0.068863,0.276070
0.975000,0.222222,66.985266,0.051101,0.193590,0.980000,0.333333,122.805741,0.062906,0.291676,0.970000,0.333333,0.000000,0.068863,0.203052
0.975000,0.133333,78.055090,0.058776,0.194792,0.980000,0.333333,116.016992,0.060199,0.291520,0.970000,0.333333,0.000000,0.068863,0.225193
0.975000,0.133333,63.025518,0.040762,0.191197,0.985000,0.400000,116.478622,0.061625,0.264775,0.980000,0.400000,0.000000,0.068863,0.284851
0.975000,0.111111,78.411973,0.056282,0.192759,0.985000,0.377778,120.432892,0.059134,0.295994,0.980000,0.400000,0.000000,0.068863,0.305579
0.975000,0.177778,74.112315,0.050613,0.192355,0.980000,0.311111,116.478622,0.060902,0.288907,0.980000,0.400000,0.000000,0.068863,0.295273
0.975000,0.133333,76.948974,0.051172,0.193590,0.985000,0.422222,114.494083,0.058570,0.301624,0.970000,0.355556,0.000000,0.068863,0.211031
0.975000,0.155556,72.536574,0.045543,0.194792,0.985000,0.400000,116.016992,0.060199,0.299620,0.970000,0.333333,0.000000,0.068863,0.225193
0.975000,0.111111,66.091710,0.043720,0.194792,0.985000,0.355556,122.805741,0.062906,0.295844,0.970000,0.333333,0.000000,0.068863,0.225193
0.975000,0.111111,66.985266,0.046188,0.194276,0.985000,0.400000,121.114859,0.059793,0.295821,0.970000,0.355556,0.000000,0.068863,0.284851
0.970000,0.111111,75.684142,0.052140,0.178646,0.985000,0.333333,122.805741,0.063479,0.260822,0.980000,0.400000,0.000000,0.068863,0.295273
0.975000,0.133333,66.985266,0.044739,0.195848,0.985000,0.422222,120.432892,0.057478,0.300134,0.980000,0.400000,0.000000,0.068863,0.305579
0.970000,0.111111,63.025518,0.045609,0.178646,0.985000,0.400000,114.494083,0.055927,0.291676,0.970000,0.355556,0.000000,0.068863,0.284851
0.975000,0.177778,63.169214,0.040762,0.199612,0.985000,0.400000,121.114859,0.059751,0.300134,0.970000,0.355556,0.000000,0.068863,0.211031
0.975000,0.177778,74.112315,0.051076,0.192293,0.985000,0.422222,120.432892,0.059134,0.299959,0.965000,0.333333,0.000000,0.068863,0.231410
0.975000,0.177778,72.536574,0.052465,0.192293,0.980000,0.355556,116.478622,0.061433,0.296044,0.970000,0.333333,0.000000,0.068863,0.203052
0.975000,0.088889,82.993669,0.063947,0.175309,0.985000,0.377778,122.805741,0.062906,0.295821,0.970000,0.355556,0.000000,0.068863,0.301559
0.970000,0.111111,58.009063,0.038979,0.178646,0.985000,0.355556,122.432732,0.061625,0.296044,0.970000,0.355556,0.000000,0.068863,0.203052
0.975000,0.088889,85.676312,0.063947,0.175309,0.980000,0.333333,115.549972,0.059078,0.287364,0.970000,0.355556,0.000000,0.068863,0.301559
0.975000,0.088889,79.143346,0.062204,0.175309,0.985000,0.377778,121.114859,0.059751,0.299846,0.965000,0.333333,0.000000,0.068863,0.225193
0.975000,0.155556,74.112315,0.046188,0.192343,0.985000,0.311111,122.805741,0.062925,0.261235,0.975000,0.377778,0.000000,0.068863,0.284851
0.980000,0.088889,85.676312,0.062420,0.178060,0.985000,0.377778,122.432732,0.061416,0.296059,0.970000,0.355556,0.000000,0.068863,0.284851
0.975000,0.111111,69.018483,0.054006,0.191143,0.980000,0.311111,116.478622,0.062454,0.260847,0.970000,0.333333,0.000000,0.068863,0.203052
0.975000,0.111111,76.948974,0.053982,0.192293,0.985000,0.422222,114.494083,0.058570,0.291061,0.965000,0.333333,0.000000,0.068863,0.231410
0.975000,0.133333,78.055090,0.053457,0.192293,0.985000,0.377778,116.478622,0.061625,0.299959,0.965000,0.333333,0.000000,0.068863,0.225193
0.970000,0.111111,72.536574,0.051172,0.178060,0.980000,0.355556,114.494083,0.055927,0.291676,0.970000,0.333333,0.000000,0.068863,0.203052
0.975000,0.155556,56.295803,0.038062,0.194792,0.980000,0.333333,122.805741,0.062906,0.295401,0.965000,0.333333,0.000000,0.068863,0.231410
0.980000,0.088889,80.699675,0.056282,0.177638,0.980000,0.311111,122.432732,0.061900,0.291665,0.980000,0.400000,0.000000,0.068863,0.305579
0.975000,0.133333,69.018483,0.053457,0.186125,0.985000,0.355556,116.478622,0.062454,0.260597,0.970000,0.355556,0.000000,0.068863,0.295862
0.975000,0.155556,63.025518,0.040069,0.193590,0.985000,0.377778,122.805741,0.062925,0.295714,0.970000,0.355556,0.000000,0.068863,0.211031
0.975000,0.155556,66.091710,0.047810,0.194276,0.985000,0.311111,122.805741,0.062906,0.291676,0.980000,0.377778,0.000000,0.068863,0.301559
0.975000,0.088889,80.053747,0.062316,0.175309,0.985000,0.400000,116.016992,0.060188,0.299620,0.970000,0.355556,0.000000,0.068863,0.233430
0.975000,0.177778,64.426859,0.040762,0.192293,0.985000,0.422222,115.549972,0.058848,0.301524,0.970000,0.333333,0.000000,0.068863,0.225193
0.975000,0.133333,58.009063,0.043720,0.194276,0.985000,0.400000,116.016992,0.060199,0.300134,0.970000,0.355556,0.000000,0.068863,0.284851
0.975000,0.177778,74.112315,0.044739,0.192355,0.985000,0.377778,116.478622,0.060391,0.300387,0.980000,0.400000,0.000000,0.068863,0.305579
0.975000,0.111111,79.143346,0.060304,0.181615,0.985000,0.400000,115.549972,0.058880,0.300416,0.970000,0.355556,0.000000,0.068863,0.284851
0.975000,0.111111,66.985266,0.046188,0.192759,0.985000,0.400000,116.016992,0.060199,0.300134,0.980000,0.400000,0.000000,0.068863,0.305579
0.975000,0.111111,85.676312,0.056686,0.182040,0.985000,0.400000,116.016992,0.060199,0.301795,0.980000,0.400000,0.000000,0.068863,0.305579
0.980000,0.177778,78.859588,0.055576,0.194299,0.985000,0.422222,120.432892,0.059134,0.299685,0.980000,0.400000,0.000000,0.068863,0.305579
0.975000,0.155556,66.985266,0.052465,0.192293,0.985000,0.355556,122.432732,0.061416,0.287314,0.970000,0.333333,0.000000,0.068863,0.203052
0.975000,0.133333,74.112315,0.052140,0.194276,0.980000,0.311111,122.805741,0.062906,0.295994,0.970000,0.377778,0.000000,0.068863,0.284851
0.970000,0.111111,63.025518,0.043720,0.178646,0.990000,0.355556,122.805741,0.063329,0.271199,0.970000,0.355556,0.000000,0.068863,0.284851
0.980000,0.133333,80.053747,0.062204,0.194299,0.980000,0.311111,122.805741,0.061900,0.283135,0.980000,0.400000,0.000000,0.068863,0.295273
0.975000,0.155556,78.055090,0.051172,0.193590,0.985000,0.377778,122.805741,0.062906,0.300134,0.970000,0.355556,0.000000,0.068863,0.211031
0.975000,0.111111,76.948974,0.056602,0.194276,0.985000,0.422222,120.432892,0.059134,0.299685,0.980000,0.377778,0.000000,0.068863,0.284851
0.975000,0.177778,56.295803,0.038062,0.194792,0.985000,0.355556,122.805741,0.062925,0.291392,0.970000,0.355556,0.000000,0.068863,0.225193
0.975000,0.111111,69.018483,0.053658,0.195028,0.985000,0.355556,116.478622,0.061625,0.260578,0.965000,0.333333,0.000000,0.068863,0.225193
0.975000,0.088889,85.676312,0.063353,0.177638,0.980000,0.333333,116.016992,0.060199,0.291676,0.980000,0.377778,0.000000,0.068863,0.301559
0.975000,0.155556,60.816156,0.038545,0.191197,0.985000,0.377778,116.478622,0.061625,0.271149,0.970000,0.355556,0.000000,0.068863,0.225193
0.975000,0.155556,72.536574,0.049588,0.194792,0.985000,0.377778,122.432732,0.061625,0.287053,0.970000,0.355556,0.000000,0.068863,0.233430
0.980000,0.111111,82.993669,0.058804,0.194276,0.985000,0.377778,116.478622,0.060902,0.300416,0.970000,0.355556,0.000000,0.068863,0.301559
0.975000,0.133333,82.477081,0.059390,0.192759,0.985000,0.400000,115.549972,0.058848,0.300416,0.980000,0.400000,0.000000,0.068863,0.284851
0.975000,0.111111,79.143346,0.060508,0.181615,0.985000,0.333333,122.805741,0.063329,0.259721,0.970000,0.355556,0.000000,0.068863,0.276070
0.975000,0.111111,85.676312,0.063686,0.194792,0.980000,0.355556,115.549972,0.058742,0.291516,0.970000,0.333333,0.000000,0.068863,0.225193
0.975000,0.133333,63.025518,0.047755,0.192293,0.980000,0.333333,122.432732,0.061900,0.287053,0.965000,0.333333,0.000000,0.068863,0.225193
0.975000,0.111111,58.009063,0.043219,0.194276,0.985000,0.400000,114.494083,0.058740,0.295821,0.970000,0.355556,0.000000,0.068863,0.284851
0.980000,0.111111,85.676312,0.060304,0.181615,0.985000,0.377778,116.478622,0.062454,0.255217,0.970000,0.355556,0.000000,0.068863,0.233430
0.975000,0.155556,82.477081,0.056686,0.194716,0.990000,0.355556,122.805741,0.063599,0.263690,0.980000,0.377778,0.000000,0.068863,0.301559
0.975000,0.133333,81.738209,0.059560,0.194276,0.980000,0.355556,116.016992,0.060293,0.295941,0.980000,0.377778,0.000000,0.068863,0.284851
0.980000,0.133333,85.676312,0.058776,0.195886,0.985000,0.311111,122.805741,0.063599,0.254379,0.980000,0.400000,0.000000,0.068863,0.305579
0.975000,0.177778,74.120034,0.051172,0.193180,0.980000,0.311111,122.805741,0.062906,0.283367,0.970000,0.355556,0.000000,0.068863,0.295862
0.975000,0.155556,63.169214,0.045609,0.194276,0.985000,0.400000,114.494083,0.058570,0.291676,0.970000,0.355556,0.000000,0.068863,0.301559
0.980000,0.177778,78.859588,0.053036,0.192293,0.985000,0.400000,114.494083,0.058740,0.295841,0.970000,0.333333,0.000000,0.068863,0.225193
0.975000,0.133333,80.699675,0.053457,0.192293,0.985000,0.400000,116.016992,0.060188,0.301116,0.965000,0.333333,0.000000,0.068863,0.231410
0.980000,0.088889,82.993669,0.063754,0.175309,0.985000,0.400000,116.478622,0.060391,0.299620,0.970000,0.333333,0.000000,0.068863,0.225193
0.975000,0.088889,81.738209,0.063353,0.177638,0.985000,0.422222,114.494083,0.055927,0.299846,0.970000,0.355556,0.000000,0.068863,0.225641
0.980000,0.111111,80.053747,0.060304,0.194792,0.985000,0.400000,116.478622,0.061307,0.299620,0.970000,0.355556,0.000000,0.068863,0.225193
0.980000,0.088889,91.691662,0.063500,0.177214,0.980000,0.355556,120.432892,0.057673,0.287364,0.980000,0.400000,0.000000,0.068863,0.301559
0.975000,0.133333,78.411973,0.055269,0.193180,0.980000,0.355556,114.494083,0.058740,0.283367,0.970000,0.355556,0.000000,0.068863,0.301559
0.975000,0.111111,74.120034,0.051172,0.182040,0.985000,0.400000,121.114859,0.059751,0.296059,0.970000,0.355556,0.000000,0.068863,0.233430
0.975000,0.111111,64.755655,0.045795,0.195077,0.985000,0.355556,122.432732,0.061625,0.287419,0.980000,0.400000,0.000000,0.068863,0.284851
0.980000,0.088889,79.143346,0.054911,0.177732,0.985000,0.377778,122.432732,0.061900,0.299685,0.980000,0.400000,0.000000,0.068863,0.305579
0.975000,0.133333,76.948974,0.047810,0.194299,0.985000,0.400000,116.478622,0.060391,0.301573,0.980000,0.400000,0.000000,0.068863,0.301559
0.975000,0.177778,72.536574,0.055269,0.194299,0.980000,0.333333,116.478622,0.060391,0.283135,0.980000,0.400000,0.000000,0.068863,0.284851
0.975000,0.155556,74.112315,0.052465,0.195077,0.985000,0.377778,121.114859,0.059751,0.296044,0.970000,0.355556,0.000000,0.068863,0.211031
0.975000,0.155556,66.091710,0.049588,0.195077,0.980000,0.355556,120.432892,0.057478,0.291516,0.970000,0.355556,0.000000,0.068863,0.233430
0.975000,0.111111,66.091710,0.047810,0.192339,0.985000,0.400000,120.432892,0.059134,0.295380,0.980000,0.377778,0.000000,0.068863,0.284851
0.970000,0.111111,66.091710,0.047810,0.192293,0.985000,0.377778,116.478622,0.061307,0.287314,0.965000,0.333333,0.000000,0.068863,0.203052
0.975000,0.133333,78.859588,0.058123,0.192293,0.985000,0.400000,120.432892,0.057478,0.291348,0.970000,0.333333,0.000000,0.068863,0.225193
0.975000,0.111111,78.859588,0.053036,0.182040,0.985000,0.400000,116.016992,0.060199,0.300466,0.970000,0.333333,0.000000,0.068863,0.203052
0.980000,0.111111,80.699675,0.062204,0.194792,0.985000,0.377778,116.016992,0.060293,0.291392,0.970000,0.333333,0.000000,0.068863,0.225193
0.975000,0.155556,71.713372,0.044739,0.191197,0.990000,0.355556,122.805741,0.063329,0.271149,0.970000,0.333333,0.000000,0.068863,0.225193
0.975000,0.133333,76.948974,0.052140,0.192759,0.980000,0.333333,116.016992,0.060293,0.287364,0.980000,0.400000,0.000000,0.068863,0.301559
0.975000,0.133333,58.009063,0.038062,0.192759,0.985000,0.400000,121.114859,0.060182,0.295821,0.980000,0.400000,0.000000,0.068863,0.295273
0.975000,0.111111,78.250003,0.054006,0.182040,0.985000,0.400000,116.016992,0.060188,0.304336,0.970000,0.333333,0.000000,0.068863,0.203052
0.975000,0.200000,63.169214,0.044868,0.193590,0.980000,0.355556,114.494083,0.055927,0.291715,0.970000,0.333333,0.000000,0.068863,0.225193
0.975000,0.177778,78.055090,0.053457,0.189612,0.990000,0.355556,122.805741,0.063479,0.271948,0.975000,0.377778,0.000000,0.068863,0.284851
0.975000,0.088889,80.699675,0.053097,0.177638,0.985000,0.400000,115.549972,0.058966,0.300134,0.980000,0.400000,0.000000,0.068863,0.305579
0.975000,0.133333,66.985266,0.047810,0.186125,0.985000,0.311111,122.805741,0.063329,0.261185,0.970000,0.355556,0.000000,0.068863,0.276070
0.980000,0.133333,81.299936,0.062316,0.192293,0.980000,0.288889,122.805741,0.062906,0.287364,0.970000,0.333333,0.000000,0.068863,0.203052
0.975000,0.177778,78.072245,0.053457,0.194792,0.985000,0.400000,115.549972,0.058880,0.295449,0.970000,0.355556,0.000000,0.068863,0.239717
0.975000,0.111111,66.091710,0.044414,0.187182,0.985000,0.355556,122.805741,0.063329,0.264516,0.965000,0.333333,0.000000,0.068863,0.225193
0.980000,0.133333,85.676312,0.063396,0.194276,0.980000,0.377778,115.549972,0.058740,0.287419,0.980000,0.377778,0.000000,0.068863,0.284851
0.975000,0.133333,74.112315,0.050568,0.182040,0.980000,0.311111,122.805741,0.062906,0.283367,0.980000,0.400000,0.000000,0.068863,0.305579
0.980000,0.088889,85.676312,0.062420,0.178060,0.985000,0.377778,122.805741,0.062906,0.299887,0.970000,0.355556,0.000000,0.068863,0.203052
0.975000,0.133333,64.755655,0.038545,0.195077,0.985000,0.400000,115.549972,0.058740,0.295994,0.975000,0.377778,0.000000,0.068863,0.284851
0.980000,0.111111,80.699675,0.059911,0.194299,0.980000,0.355556,120.432892,0.057478,0.283135,0.980000,0.400000,0.000000,0.068863,0.295273
0.975000,0.177778,63.025518,0.040762,0.194792,0.985000,0.422222,115.549972,0.059078,0.304045,0.970000,0.355556,0.000000,0.068863,0.233430
0.975000,0.111111,78.055090,0.056854,0.194276,0.985000,0.422222,114.494083,0.055927,0.300416,0.980000,0.377778,0.000000,0.068863,0.284851
0.975000,0.222222,64.426859,0.044326,0.196854,0.985000,0.400000,116.016992,0.060199,0.291676,0.970000,0.355556,0.000000,0.068863,0.233430
0.970000,0.111111,57.340193,0.038545,0.178646,0.980000,0.355556,114.494083,0.058740,0.291516,0.975000,0.355556,0.000000,0.068863,0.233430
0.975000,0.177778,78.072245,0.045538,0.193180,0.985000,0.377778,122.805741,0.062906,0.301795,0.970000,0.355556,0.000000,0.068863,0.301559
0.980000,0.111111,79.143346,0.056282,0.181615,0.985000,0.400000,120.432892,0.057673,0.300134,0.980000,0.400000,0.000000,0.068863,0.295273
0.980000,0.088889,85.676312,0.062316,0.177732,0.985000,0.422222,120.432892,0.059134,0.300416,0.980000,0.400000,0.000000,0.068863,0.305579
0.975000,0.177778,74.120034,0.053036,0.194276,0.985000,0.355556,122.432732,0.061900,0.295994,0.970000,0.355556,0.000000,0.068863,0.284851
0.975000,0.111111,81.738209,0.055269,0.178060,0.985000,0.377778,116.016992,0.060199,0.296044,0.970000,0.355556,0.000000,0.068863,0.211031
0.980000,0.088889,85.676312,0.061155,0.182040,0.980000,0.355556,120.432892,0.057673,0.283367,0.980000,0.377778,0.000000,0.068863,0.301559
0.980000,0.088889,80.699675,0.062204,0.178060,0.985000,0.377778,122.432732,0.061625,0.291925,0.980000,0.400000,0.000000,0.068863,0.284851
0.975000,0.177778,63.025518,0.040762,0.194299,0.980000,0.355556,120.432892,0.059488,0.291676,0.980000,0.400000,0.000000,0.068863,0.295273
0.975000,0.111111,85.676312,0.063947,0.194276,0.985000,0.422222,114.494083,0.058740,0.295821,0.980000,0.377778,0.000000,0.068863,0.284851
0.975000,0.133333,64.503255,0.045563,0.193590,0.985000,0.400000,116.478622,0.060391,0.295714,0.970000,0.355556,0.000000,0.068863,0.211031
0.975000,0.155556,66.985266,0.047810,0.193590,0.980000,0.311111,122.432732,0.061433,0.287364,0.970000,0.355556,0.000000,0.068863,0.211031
0.975000,0.133333,63.169214,0.044149,0.192293,0.985000,0.377778,121.114859,0.060182,0.295449,0.970000,0.333333,0.000000,0.068863,0.225193
0.975000,0.133333,58.009063,0.037509,0.194276,0.985000,0.377778,122.805741,0.062925,0.295821,0.980000,0.377778,0.000000,0.068863,0.284851
0.975000,0.111111,85.676312,0.062204,0.178829,0.985000,0.355556,116.016992,0.060199,0.286986,0.970000,0.355556,0.000000,0.068863,0.301559
0.980000,0.133333,82.993669,0.060304,0.194792,0.985000,0.355556,121.114859,0.059793,0.295844,0.970000,0.333333,0.000000,0.068863,0.225193
0.975000,0.133333,74.120034,0.047313,0.194792,0.985000,0.377778,122.432732,0.061900,0.299846,0.970000,0.355556,0.000000,0.068863,0.233430
0.975000,0.155556,63.169214,0.045563,0.194276,0.985000,0.377778,122.432732,0.061900,0.295380,0.970000,0.355556,0.000000,0.068863,0.284851
0.975000,0.111111,78.250003,0.062204,0.177638,0.985000,0.400000,116.016992,0.060199,0.301573,0.980000,0.377778,0.000000,0.068863,0.284851
0.970000,0.111111,74.112315,0.046188,0.178646,0.985000,0.400000,121.114859,0.059751,0.301422,0.970000,0.355556,0.000000,0.068863,0.233430
0.975000,0.155556,57.340193,0.040762,0.194276,0.985000,0.400000,115.549972,0.059078,0.300134,0.975000,0.377778,0.000000,0.068863,0.284851
0.975000,0.111111,85.676312,0.058804,0.181615,0.985000,0.400000,115.549972,0.058880,0.295844,0.970000,0.355556,0.000000,0.068863,0.233430
0.975000,0.111111,61.509330,0.041176,0.194792,0.985000,0.400000,116.478622,0.060391,0.300264,0.970000,0.355556,0.000000,0.068863,0.233430
0.970000,0.111111,61.509330,0.047810,0.178060,0.980000,0.377778,120.432892,0.057478,0.291676,0.970000,0.333333,0.000000,0.068863,0.203052
0.975000,0.111111,74.120034,0.055269,0.181615,0.980000,0.355556,115.549972,0.058742,0.287364,0.980000,0.400000,0.000000,0.068863,0.295273
0.975000,0.111111,87.031311,0.062204,0.182040,0.985000,0.311111,122.805741,0.062925,0.264121,0.970000,0.355556,0.000000,0.068863,0.276070
0.975000,0.133333,63.169214,0.053097,0.194792,0.985000,0.422222,114.494083,0.058570,0.299846,0.965000,0.333333,0.000000,0.068863,0.225193
0.980000,0.133333,85.676312,0.055772,0.192355,0.980000,0.377778,120.432892,0.059134,0.296160,0.980000,0.400000,0.000000,0.068863,0.305579
0.975000,0.111111,78.072245,0.047313,0.174884,0.985000,0.400000,116.016992,0.060199,0.299685,0.970000,0.355556,0.000000,0.068863,0.301559
0.975000,0.111111,76.948974,0.058776,0.191197,0.985000,0.288889,122.805741,0.062925,0.260845,0.970000,0.333333,0.000000,0.068863,0.225193
0.975000,0.133333,68.535360,0.045538,0.193180,0.985000,0.422222,120.432892,0.059134,0.297621,0.980000,0.400000,0.000000,0.068863,0.284851
0.975000,0.111111,74.112315,0.053457,0.194792,0.985000,0.377778,121.114859,0.059751,0.295821,0.970000,0.355556,0.000000,0.068863,0.239717
0.975000,0.111111,78.411973,0.063396,0.178060,0.980000,0.311111,122.432732,0.061900,0.283367,0.970000,0.355556,0.000000,0.068863,0.284851
0.975000,0.133333,74.112315,0.053457,0.194276,0.985000,0.400000,116.478622,0.060391,0.299685,0.975000,0.377778,0.000000,0.068863,0.284851
0.975000,0.133333,82.993669,0.059560,0.193180,0.985000,0.377778,116.016992,0.060199,0.293218,0.980000,0.377778,0.000000,0.068863,0.284851
0.975000,0.133333,79.143346,0.062204,0.194792,0.980000,0.355556,114.494083,0.055927,0.291665,0.970000,0.355556,0.000000,0.068863,0.239717
0.975000,0.111111,80.699675,0.062204,0.182040,0.980000,0.355556,114.494083,0.056998,0.287314,0.970000,0.333333,0.000000,0.068863,0.203052
0.975000,0.133333,63.025518,0.043720,0.195077,0.985000,0.355556,122.805741,0.062906,0.295994,0.975000,0.355556,0.000000,0.068863,0.284851
0.975000,0.111111,82.993669,0.060304,0.194792,0.985000,0.400000,114.494083,0.057478,0.291392,0.970000,0.355556,0.000000,0.068863,0.233430
0.975000,0.111111,71.713372,0.045538,0.187600,0.980000,0.355556,120.432892,0.057478,0.295941,0.970000,0.355556,0.000000,0.068863,0.301559
0.975000,0.133333,60.749813,0.037198,0.192759,0.985000,0.311111,122.805741,0.062906,0.295994,0.980000,0.400000,0.000000,0.068863,0.295273
0.975000,0.088889,78.411973,0.053036,0.177638,0.985000,0.355556,121.114859,0.059793,0.295994,0.970000,0.355556,0.000000,0.068863,0.301559
0.980000,0.133333,80.053747,0.060006,0.194792,0.985000,0.400000,115.549972,0.058880,0.287053,0.970000,0.355556,0.000000,0.068863,0.233430
0.975000,0.133333,78.411973,0.057784,0.194792,0.985000,0.400000,116.478622,0.060391,0.300264,0.970000,0.355556,0.000000,0.068863,0.233430
0.975000,0.111111,85.676312,0.062535,0.194792,0.980000,0.355556,115.549972,0.058742,0.287082,0.970000,0.355556,0.000000,0.068863,0.233430
0.975000,0.133333,64.503255,0.045538,0.191143,0.990000,0.355556,122.805741,0.062925,0.264786,0.970000,0.333333,0.000000,0.068863,0.203052
0.975000,0.111111,78.859588,0.055297,0.182040,0.980000,0.311111,122.805741,0.062906,0.283367,0.980000,0.400000,0.000000,0.068863,0.301559
0.975000,0.111111,78.072245,0.050596,0.181615,0.985000,0.400000,116.478622,0.061307,0.301795,0.980000,0.400000,0.000000,0.068863,0.305579
0.980000,0.133333,78.859588,0.059904,0.191197,0.985000,0.377778,116.478622,0.062337,0.255217,0.970000,0.355556,0.000000,0.068863,0.233430
0.975000,0.111111,78.250003,0.059670,0.174884,0.980000,0.355556,115.549972,0.058966,0.283135,0.970000,0.355556,0.000000,0.068863,0.284851
0.975000,0.088889,82.993669,0.067916,0.175309,0.985000,0.377778,122.805741,0.062906,0.300264,0.970000,0.355556,0.000000,0.068863,0.233430
0.975000,0.155556,72.536574,0.053457,0.192359,0.980000,0.311111,116.478622,0.061625,0.261257,0.980000,0.400000,0.000000,0.068863,0.284851
0.975000,0.111111,82.477081,0.058525,0.192359,0.985000,0.355556,122.805741,0.063329,0.255217,0.980000,0.400000,0.000000,0.068863,0.305579
0.980000,0.088889,85.676312,0.063353,0.177638,0.985000,0.400000,116.016992,0.060199,0.300134,0.970000,0.355556,0.000000,0.068863,0.301559
0.975000,0.177778,66.985266,0.053775,0.196854,0.980000,0.311111,116.478622,0.060902,0.291520,0.970000,0.355556,0.000000,0.068863,0.233430
0.980000,0.111111,85.676312,0.063396,0.191197,0.985000,0.311111,122.805741,0.063329,0.252749,0.980000,0.377778,0.000000,0.068863,0.284851
0.975000,0.111111,79.143346,0.052140,0.181615,0.985000,0.400000,116.016992,0.060188,0.299685,0.980000,0.400000,0.000000,0.068863,0.305579
0.980000,0.111111,85.676312,0.058663,0.181615,0.985000,0.377778,116.478622,0.061433,0.300264,0.970000,0.355556,0.000000,0.068863,0.233430
0.980000,0.133333,80.699675,0.059532,0.193180,0.980000,0.333333,116.478622,0.060391,0.293218,0.980000,0.400000,0.000000,0.068863,0.284851
0.970000,0.111111,63.169214,0.043720,0.178748,0.980000,0.311111,116.478622,0.062454,0.261268,0.980000,0.400000,0.000000,0.068863,0.295273
0.975000,0.111111,74.120034,0.052140,0.177638,0.980000,0.311111,116.478622,0.061625,0.260067,0.970000,0.355556,0.000000,0.068863,0.225193
0.975000,0.177778,75.684142,0.044149,0.199612,0.985000,0.377778,122.805741,0.062906,0.295821,0.970000,0.355556,0.000000,0.068863,0.295862
0.975000,0.111111,65.560911,0.047810,0.187600,0.980000,0.355556,120.432892,0.059488,0.291516,0.970000,0.355556,0.000000,0.068863,0.233430
0.975000,0.133333,52.850807,0.034690,0.192759,0.985000,0.422222,115.549972,0.058880,0.301573,0.980000,0.400000,0.000000,0.068863,0.295273
0.975000,0.111111,80.699675,0.060798,0.182040,0.985000,0.422222,114.494083,0.056998,0.300387,0.975000,0.355556,0.000000,0.068863,0.284851
0.975000,0.111111,78.072245,0.056282,0.181615,0.990000,0.355556,122.805741,0.063329,0.263671,0.980000,0.400000,0.000000,0.068863,0.295273
0.980000,0.133333,85.676312,0.062204,0.194792,0.985000,0.422222,120.432892,0.059134,0.299846,0.965000,0.333333,0.000000,0.068863,0.225193
0.980000,0.111111,79.143346,0.057926,0.186125,0.990000,0.333333,122.805741,0.063329,0.264121,0.970000,0.355556,0.000000,0.068863,0.301559
0.975000,0.111111,75.684142,0.053982,0.187600,0.980000,0.377778,120.432892,0.059488,0.291392,0.970000,0.333333,0.000000,0.068863,0.225193
0.980000,0.133333,85.676312,0.062316,0.194276,0.985000,0.422222,120.432892,0.057673,0.299685,0.980000,0.400000,0.000000,0.068863,0.284851
0.980000,0.133333,85.676312,0.062204,0.192293,0.985000,0.400000,116.478622,0.060391,0.299508,0.965000,0.333333,0.000000,0.068863,0.225193
0.975000,0.155556,57.340193,0.038062,0.192359,0.990000,0.355556,122.805741,0.063329,0.271858,0.980000,0.400000,0.000000,0.068863,0.305579
0.975000,0.177778,60.749813,0.038062,0.194716,0.985000,0.377778,116.478622,0.062454,0.271879,0.980000,0.377778,0.000000,0.068863,0.284851
0.975000,0.155556,63.025518,0.039455,0.194792,0.985000,0.377778,121.114859,0.059793,0.295844,0.970000,0.355556,0.000000,0.068863,0.225193
0.980000,0.111111,82.993669,0.062204,0.193180,0.980000,0.311111,122.805741,0.062906,0.288907,0.970000,0.355556,0.000000,0.068863,0.284851
0.975000,0.155556,66.091710,0.044326,0.193590,0.985000,0.377778,122.805741,0.062925,0.304336,0.970000,0.355556,0.000000,0.068863,0.233430
0.975000,0.111111,66.985266,0.047810,0.192293,0.985000,0.400000,115.549972,0.058848,0.295449,0.970000,0.333333,0.000000,0.068863,0.225193
0.980000,0.133333,80.699675,0.062204,0.194792,0.985000,0.355556,122.432732,0.061625,0.295844,0.970000,0.355556,0.000000,0.068863,0.233430
0.970000,0.111111,63.169214,0.046188,0.178646,0.980000,0.311111,122.432732,0.061900,0.283135,0.970000,0.355556,0.000000,0.068863,0.301559
0.975000,0.177778,78.055090,0.054911,0.193590,0.985000,0.422222,114.494083,0.058740,0.295714,0.970000,0.355556,0.000000,0.068863,0.211031
0.975000,0.155556,63.025518,0.045538,0.194276,0.980000,0.355556,114.494083,0.057478,0.291665,0.980000,0.377778,0.000000,0.068863,0.284851
0.980000,0.088889,85.676312,0.062854,0.177638,0.985000,0.377778,116.478622,0.062454,0.276163,0.980000,0.400000,0.000000,0.068863,0.295273
0.975000,0.177778,66.985266,0.047618,0.194792,0.985000,0.400000,121.114859,0.059751,0.295449,0.970000,0.333333,0.000000,0.068863,0.225193
0.975000,0.133333,66.091710,0.044326,0.191197,0.985000,0.377778,116.478622,0.062454,0.271296,0.970000,0.333333,0.000000,0.068863,0.203052
0.975000,0.088889,79.143346,0.062204,0.175309,0.985000,0.400000,115.549972,0.058966,0.300134,0.975000,0.377778,0.000000,0.068863,0.301559
0.975000,0.133333,80.053747,0.062204,0.193590,0.980000,0.377778,114.494083,0.058740,0.291676,0.970000,0.355556,0.000000,0.068863,0.211031
0.975000,0.133333,64.503255,0.045538,0.194792,0.980000,0.355556,114.494083,0.058740,0.295844,0.970000,0.355556,0.000000,0.068863,0.233430
0.980000,0.133333,79.143346,0.057620,0.194792,0.990000,0.355556,129.476549,0.063467,0.295844,0.970000,0.355556,0.000000,0.068863,0.233430
0.980000,0.133333,80.699675,0.052465,0.194716,0.985000,0.333333,122.805741,0.063479,0.264121,0.970000,0.355556,0.000000,0.068863,0.284851
0.975000,0.111111,82.993669,0.060695,0.182040,0.985000,0.355556,116.478622,0.062337,0.255217,0.980000,0.377778,0.000000,0.068863,0.284851
0.975000,0.111111,79.143346,0.062316,0.192293,0.980000,0.355556,114.494083,0.058740,0.286787,0.965000,0.333333,0.000000,0.068863,0.225193
0.975000,0.111111,78.055090,0.053457,0.175309,0.985000,0.377778,121.114859,0.059793,0.299508,0.965000,0.333333,0.000000,0.068863,0.225193
0.975000,0.133333,64.426859,0.045795,0.192359,0.985000,0.355556,122.805741,0.062925,0.256357,0.980000,0.400000,0.000000,0.068863,0.301559
0.975000,0.088889,90.288268,0.063713,0.175309,0.985000,0.333333,122.805741,0.062925,0.259721,0.970000,0.355556,0.000000,0.068863,0.233430
0.975000,0.177778,64.426859,0.042712,0.199612,0.985000,0.400000,122.432732,0.061416,0.301573,0.980000,0.377778,0.000000,0.068863,0.284851
0.975000,0.111111,87.031311,0.058776,0.182040,0.985000,0.422222,114.494083,0.058570,0.300134,0.970000,0.333333,0.000000,0.068863,0.203052
0.975000,0.155556,63.169214,0.041176,0.194792,0.985000,0.377778,122.805741,0.062906,0.295449,0.970000,0.355556,0.000000,0.068863,0.233430
0.975000,0.088889,82.993669,0.063500,0.177638,0.985000,0.311111,122.805741,0.063329,0.254379,0.980000,0.400000,0.000000,0.068863,0.284851
0.970000,0.111111,64.426859,0.046188,0.178646,0.980000,0.355556,115.549972,0.058966,0.283030,0.970000,0.355556,0.000000,0.068863,0.211031
0.975000,0.111111,58.009063,0.043072,0.187600,0.985000,0.422222,114.494083,0.057478,0.295821,0.980000,0.400000,0.000000,0.068863,0.295273
0.975000,0.111111,52.850807,0.037311,0.195077,0.980000,0.355556,114.494083,0.058570,0.291925,0.980000,0.377778,0.000000,0.068863,0.284851
0.975000,0.111111,76.948974,0.053658,0.187600,0.980000,0.355556,121.114859,0.059751,0.287053,0.970000,0.355556,0.000000,0.068863,0.239717
0.980000,0.133333,80.053747,0.058916,0.192293,0.985000,0.422222,114.494083,0.058570,0.304336,0.970000,0.333333,0.000000,0.068863,0.203052
0.975000,0.133333,79.143346,0.062316,0.192293,0.980000,0.355556,120.432892,0.057673,0.282772,0.965000,0.333333,0.000000,0.068863,0.225193
0.975000,0.155556,63.169214,0.037195,0.193180,0.985000,0.400000,121.114859,0.059751,0.297621,0.970000,0.355556,0.000000,0.068863,0.301559
0.975000,0.111111,85.676312,0.062204,0.174884,0.985000,0.422222,115.549972,0.058740,0.299685,0.970000,0.355556,0.000000,0.068863,0.284851
0.980000,0.088889,81.299936,0.063150,0.178060,0.980000,0.333333,116.478622,0.061307,0.291676,0.970000,0.333333,0.000000,0.068863,0.203052
0.975000,0.155556,61.448760,0.040762,0.186125,0.990000,0.377778,122.805741,0.062925,0.271858,0.975000,0.377778,0.000000,0.068863,0.301559
0.980000,0.111111,85.676312,0.060605,0.178829,0.985000,0.400000,120.432892,0.059488,0.299376,0.965000,0.333333,0.000000,0.068863,0.231410
0.975000,0.177778,72.536574,0.052140,0.192293,0.985000,0.422222,120.432892,0.057478,0.300261,0.970000,0.333333,0.000000,0.068863,0.225193
0.975000,0.133333,82.993669,0.059599,0.193590,0.985000,0.400000,120.432892,0.057478,0.295714,0.970000,0.355556,0.000000,0.068863,0.211031
0.975000,0.177778,74.112315,0.051101,0.194716,0.985000,0.377778,116.478622,0.062454,0.264657,0.970000,0.333333,0.000000,0.068863,0.225193
0.975000,0.155556,61.448760,0.045731,0.186104,0.985000,0.355556,122.805741,0.063329,0.258177,0.965000,0.333333,0.000000,0.068863,0.225193
0.975000,0.177778,60.749813,0.038902,0.194276,0.985000,0.400000,116.016992,0.060199,0.291676,0.970000,0.355556,0.000000,0.068863,0.284851
0.975000,0.155556,68.535360,0.049588,0.194792,0.985000,0.377778,122.805741,0.062906,0.301422,0.970000,0.355556,0.000000,0.068863,0.233430
0.975000,0.155556,82.477081,0.062204,0.192293,0.985000,0.422222,115.549972,0.058740,0.299508,0.965000,0.333333,0.000000,0.068863,0.231410
0.980000,0.111111,85.676312,0.058682,0.193590,0.985000,0.377778,120.432892,0.059488,0.287653,0.970000,0.355556,0.000000,0.068863,0.211031
0.975000,0.111111,74.112315,0.054006,0.192293,0.985000,0.400000,121.114859,0.059751,0.295714,0.970000,0.333333,0.000000,0.068863,0.203052
0.975000,0.111111,74.112315,0.052140,0.181615,0.980000,0.355556,115.549972,0.058742,0.287364,0.970000,0.355556,0.000000,0.068863,0.284851
0.975000,0.111111,66.985266,0.046188,0.194276,0.985000,0.355556,122.805741,0.062920,0.291676,0.975000,0.377778,0.000000,0.068863,0.284851
0.975000,0.133333,71.713372,0.045731,0.192293,0.980000,0.377778,115.549972,0.058740,0.295541,0.965000,0.333333,0.000000,0.068863,0.225193
0.980000,0.111111,85.676312,0.067916,0.193590,0.980000,0.311111,122.805741,0.062906,0.283030,0.970000,0.355556,0.000000,0.068863,0.203052
0.980000,0.088889,81.299936,0.063947,0.175309,0.985000,0.400000,117.535499,0.062594,0.263150,0.970000,0.355556,0.000000,0.068863,0.225193
0.975000,0.111111,66.091710,0.044326,0.195848,0.985000,0.377778,116.478622,0.060902,0.291925,0.980000,0.400000,0.000000,0.068863,0.295273
0.975000,0.111111,78.250003,0.058525,0.174884,0.985000,0.377778,121.114859,0.059751,0.287419,0.970000,0.355556,0.000000,0.068863,0.301559
0.975000,0.111111,74.120034,0.055269,0.192759,0.980000,0.333333,116.016992,0.060199,0.287364,0.980000,0.400000,0.000000,0.068863,0.284851
0.980000,0.111111,85.676312,0.060304,0.194276,0.980000,0.311111,122.805741,0.062906,0.295994,0.970000,0.377778,0.000000,0.068863,0.301559
0.980000,0.111111,85.676312,0.062204,0.194276,0.985000,0.400000,121.114859,0.059751,0.299685,0.980000,0.377778,0.000000,0.068863,0.301559
0.975000,0.177778,64.426859,0.046188,0.194716,0.985000,0.377778,116.478622,0.062337,0.256328,0.970000,0.355556,0.000000,0.068863,0.233430
0.975000,0.111111,81.738209,0.059588,0.174884,0.985000,0.400000,126.947750,0.060293,0.301573,0.970000,0.355556,0.000000,0.068863,0.233430
0.980000,0.088889,80.699675,0.062204,0.177732,0.985000,0.377778,116.478622,0.060902,0.287419,0.980000,0.400000,0.000000,0.068863,0.295273
0.975000,0.133333,64.426859,0.053457,0.194276,0.980000,0.355556,120.432892,0.057673,0.287364,0.980000,0.377778,0.000000,0.068863,0.284851
0.975000,0.133333,64.426859,0.045609,0.194276,0.985000,0.355556,121.114859,0.059793,0.291676,0.980000,0.400000,0.000000,0.068863,0.284851
0.975000,0.133333,56.295803,0.037195,0.193180,0.985000,0.400000,116.016992,0.060199,0.296059,0.975000,0.355556,0.000000,0.068863,0.301559
