1.385955809999999955e-01,2.243280390000000069e-01,2.447101439999999906e-01,2.685728569999999982e-01,9.793690750000000333e-01,8.958027910000000427e-01,7.678527200000000164e-02,5.000000000000000278e-02,2.215009999999999896e-03,6.449156000000000159e-03,1.265711899999999966e-02,3.044477749999999761e-01,8.435145600000000243e-01,2.268552999999999889e-02,1.763396399999999850e-02,1.727119900000000097e-02,1.277745500000000006e-02,4.943311859999999780e-01,1.465146159999999864e-01,8.178332839999999937e-01,4.944399360000000243e-01,9.935943820000000537e-01,9.666852489999999687e-01,8.058824420000000321e-01,2.370424550000000130e-01,4.402984300000000184e-01,8.719403039999999994e-01,3.495652739999999814e-01,1.000000000000000000e+00,9.543937220000000554e-01
1.938681640000000095e-01,2.842771610000000004e-01,3.267202350000000255e-01,1.747705109999999895e-01,9.985863189999999445e-01,8.975770950000000470e-01,9.965418299999999341e-02,5.075592200000000193e-02,3.794128999999999818e-03,2.183461800000000008e-02,3.025555300000000100e-02,8.247756819999999545e-01,1.607174510000000112e-01,5.066418400000000100e-02,1.414392800000000006e-02,2.808920999999999814e-03,4.048584000000000037e-03,3.132283899999999816e-02,1.578408279999999886e-01,7.646656910000000362e-01,9.945524110000000251e-01,6.417923739999999988e-01,9.949234599999999540e-02,9.075622639999999519e-01,1.683371549999999883e-01,6.751807999999999421e-02,8.745276300000000280e-02,7.181009069999999550e-01,8.470835559999999598e-01,2.125708960000000092e-01
1.201037529999999937e-01,2.345354199999999945e-01,2.085833830000000111e-01,2.202676030000000063e-01,9.712535230000000075e-01,8.946087000000000344e-01,9.842455299999999796e-02,5.043234399999999701e-02,5.778165000000000037e-03,1.777664199999999875e-02,2.598144700000000126e-02,3.102669009999999838e-01,5.663214069999999989e-01,3.400982929999999960e-01,1.756541600000000036e-02,3.068084999999999909e-03,1.958023299999999897e-02,3.136783830000000051e-01,1.628084750000000080e-01,2.692246340000000182e-01,6.575614429999999677e-01,5.966286680000000286e-01,4.313818340000000195e-01,8.476843469999999492e-01,3.162561800000000117e-02,3.334098209999999951e-01,5.012296630000000475e-01,2.954686000000000257e-01,9.804163780000000328e-01,6.287722300000000430e-01
1.220752279999999940e-01,2.101424590000000037e-01,3.352867019999999920e-01,2.647442540000000122e-01,9.897592560000000317e-01,8.974097279999999621e-01,8.779708999999999430e-02,5.101202999999999987e-02,6.749999999999999747e-06,9.085852999999999638e-03,9.824446000000000567e-03,8.588270529999999514e-01,9.752709640000000180e-01,6.814958199999999744e-01,1.369999999999999961e-04,1.784764299999999984e-02,6.733275999999999845e-03,4.106207840000000164e-01,2.008442259999999868e-01,1.662135379999999940e-01,9.332103290000000051e-01,6.676967539999999479e-01,2.296165799999999937e-02,9.710642579999999580e-01,4.547835949999999849e-01,7.303185800000000505e-01,9.541215560000000373e-01,4.648009359999999979e-01,8.738415910000000286e-01,8.402173600000000242e-01
1.877366860000000137e-01,2.133683449999999870e-01,2.565497050000000168e-01,1.394816459999999869e-01,9.887088790000000404e-01,8.992118850000000441e-01,7.063692700000000213e-02,5.015696099999999991e-02,5.069999999999999637e-04,2.554770099999999905e-02,2.558186000000000140e-02,3.519263879999999789e-01,6.449806430000000201e-01,7.930150049999999951e-01,1.843557599999999866e-02,5.851865000000000365e-03,4.007908000000000130e-03,5.646515299999999710e-02,1.876951169999999947e-01,7.337368020000000213e-01,4.605545380000000133e-01,1.729150999999999952e-02,5.120477400000000151e-02,9.771747670000000552e-01,1.172560559999999974e-01,7.198934900000000248e-01,7.901479059999999555e-01,6.920850090000000288e-01,8.861791079999999932e-01,7.265560690000000266e-01
9.699295089999999675e-01,7.926300880000000104e-01,3.577595390000000153e-01,2.529614550000000017e-01,9.680641589999999796e-01,8.997584950000000470e-01,7.998360899999999718e-02,5.002962600000000065e-02,1.741921000000000008e-03,5.775141999999999602e-03,2.813277299999999981e-02,1.682541810000000027e-01,9.129088069999999888e-01,5.876036629999999983e-01,1.961724800000000032e-02,5.480256999999999663e-03,3.204821000000000059e-03,3.911049199999999670e-02,8.868623999999999952e-02,9.512951979999999530e-01,7.108547010000000332e-01,6.581508839999999916e-01,4.191886730000000116e-01,8.400058320000000078e-01,1.883433690000000105e-01,9.939404189999999639e-01,1.734785599999999831e-02,8.719689529999999911e-01,7.869666640000000379e-01,7.707976189999999894e-01
1.202917419999999932e-01,2.596108739999999915e-01,3.913020890000000196e-01,2.068389979999999961e-01,9.956746650000000143e-01,8.991847739999999645e-01,8.620760900000000448e-02,5.324647400000000197e-02,4.859999999999999954e-04,1.412835599999999990e-02,2.060427299999999934e-02,1.492580129999999949e-01,8.932245880000000415e-01,6.128546419999999495e-01,1.860523099999999985e-02,1.676852100000000151e-02,1.259999999999999998e-04,3.882316699999999871e-02,1.426029600000000008e-01,2.494059090000000090e-01,6.868111279999999930e-01,6.887844850000000019e-01,6.165956000000000214e-02,4.404584069999999962e-01,3.901626500000000136e-02,3.820974540000000030e-01,5.093852639999999488e-01,2.176885640000000011e-01,7.746934920000000391e-01,9.664699690000000398e-01
1.380773240000000013e-01,2.012009309999999995e-01,1.736179929999999982e-01,1.291013769999999894e-01,8.475916730000000454e-01,8.798318109999999637e-01,6.805673600000000656e-02,5.079354099999999761e-02,6.989999999999999686e-04,6.367053699999999927e-02,1.933713999999999919e-02,7.741594840000000088e-01,9.621173330000000190e-01,1.708089080000000093e-01,1.389012400000000022e-02,9.663982999999999254e-03,1.833029900000000129e-02,5.581450930000000366e-01,9.735979510000000170e-01,5.406135220000000130e-01,7.247303980000000534e-01,6.210272390000000087e-01,7.435314379999999890e-01,4.863207940000000007e-01,8.779527900000000384e-02,9.308904890000000432e-01,8.031069939999999630e-01,8.584688099999999711e-01,5.515346020000000404e-01,3.717630310000000216e-01
1.303800340000000058e-01,2.133965889999999976e-01,3.095086919999999742e-01,2.012638639999999868e-01,8.833648160000000527e-01,8.604189840000000533e-01,7.256906700000000099e-02,5.809323000000000264e-02,6.022836000000000162e-03,2.293601300000000162e-02,1.920699999999999838e-02,5.754599409999999748e-01,1.079591200000000056e-01,8.033151149999999685e-01,1.813879499999999922e-02,5.765837000000000219e-03,6.604440999999999957e-03,3.599904839999999995e-01,2.028683729999999907e-01,4.602966499999999739e-01,6.978224100000000041e-01,6.178472980000000447e-01,2.043301489999999887e-01,4.429250290000000256e-01,1.026294890000000043e-01,3.639737690000000025e-01,8.776862939999999780e-01,6.710586339999999872e-01,5.958928949999999780e-01,6.260547459999999953e-01
1.127379560000000003e-01,2.224831270000000027e-01,1.577803869999999942e-01,2.031767820000000002e-01,9.591597370000000122e-01,8.680714630000000431e-01,8.385846800000000545e-02,5.004106900000000052e-02,7.135940000000000338e-03,2.711326400000000150e-02,3.193050000000000055e-02,5.783158109999999574e-01,6.211662260000000435e-01,2.733642799999999942e-02,1.761751300000000131e-02,4.477659999999999627e-03,3.887971999999999956e-03,5.570210770000000311e-01,6.068361859999999997e-01,9.017856619999999879e-01,4.547944400000000220e-01,6.303833450000000393e-01,5.549088229999999955e-01,3.481707259999999859e-01,1.067997059999999943e-01,8.552690080000000528e-01,3.485380519999999871e-01,7.896213720000000436e-01,7.855870059999999766e-01,3.211233580000000254e-01
1.401954209999999867e-01,2.005894769999999883e-01,2.485983390000000015e-01,1.290260350000000111e-01,9.504428900000000402e-01,8.964472350000000089e-01,8.027935299999999774e-02,5.240024699999999702e-02,3.635348000000000052e-03,2.964446399999999884e-02,3.478585399999999800e-02,4.662746999999999725e-02,3.132592639999999817e-01,5.015177079999999510e-01,1.829646500000000134e-02,6.862189999999999783e-03,8.480245000000000838e-03,4.510657900000000081e-02,1.922507420000000022e-01,9.823009590000000291e-01,3.840437130000000088e-01,1.861410910000000085e-01,1.379347360000000022e-01,1.482741280000000050e-01,1.566800479999999884e-01,7.110800800000000033e-02,7.468601679999999909e-01,7.532031500000000435e-01,9.610989770000000210e-01,5.621907299999999719e-01
1.634831360000000011e-01,2.175402499999999906e-01,2.762957999999999803e-01,1.014341849999999962e-01,9.575123620000000058e-01,8.965374459999999601e-01,7.041853500000000432e-02,5.060314700000000110e-02,3.901430999999999909e-03,6.576478700000000510e-02,3.960265899999999839e-02,5.422827420000000398e-01,3.662907990000000003e-01,2.757740100000000139e-02,1.190653399999999987e-02,1.690867500000000148e-02,8.798669000000000281e-03,5.753627299999999889e-02,2.189502299999999957e-01,8.459979909999999492e-01,5.876678899999999706e-01,9.536007459999999991e-01,8.219455999999999984e-03,4.967630650000000037e-01,3.804178240000000155e-01,5.696401220000000265e-01,3.047327000000000230e-01,2.226289509999999916e-01,2.934400710000000245e-01,8.132890919999999912e-01
1.081273100000000043e-01,2.274929059999999947e-01,2.773817270000000224e-01,2.051745450000000137e-01,9.945564399999999861e-01,8.995853139999999692e-01,8.939957499999999502e-02,5.006564000000000153e-02,2.282862999999999993e-03,1.759529899999999827e-02,2.475959999999999966e-02,4.235115999999999707e-03,5.270793070000000524e-01,9.982855990000000235e-01,4.450939999999999584e-03,4.644309999999999584e-03,4.061229999999999875e-03,7.559493889999999716e-01,4.630525959999999830e-01,3.839101050000000015e-01,5.396834710000000257e-01,6.416799149999999896e-01,5.773344600000000076e-02,8.772452379999999827e-01,2.671223990000000104e-01,4.082352410000000265e-01,6.931714289999999501e-01,9.304142299999999810e-02,9.770260360000000421e-01,4.794622610000000007e-01
7.247808999999999502e-01,6.332633970000000057e-01,8.745817240000000048e-01,2.051273829999999965e-01,9.959790779999999621e-01,8.961486119999999556e-01,9.180067299999999930e-02,5.032844100000000154e-02,1.261299999999999921e-03,5.683780000000000256e-03,2.272533700000000170e-02,2.846811000000000133e-02,6.817573190000000283e-01,4.220664949999999860e-01,1.667165599999999998e-02,1.832121899999999970e-02,4.845905000000000178e-03,1.926670299999999961e-02,8.592140600000000572e-02,7.735652699999999438e-02,8.016448170000000095e-01,4.847204299999999799e-01,1.566077899999999967e-01,8.914234220000000208e-01,1.467198400000000076e-02,2.257129870000000038e-01,5.319724040000000098e-01,2.013269960000000081e-01,4.632716139999999982e-01,9.450615719999999609e-01
1.679613030000000062e-01,2.142324529999999894e-01,2.333435500000000107e-01,3.121782199999999924e-02,9.981087899999999680e-01,8.998978589999999667e-01,5.144675600000000321e-02,5.123638600000000182e-02,4.104098999999999942e-03,8.614428500000000100e-02,1.216610499999999997e-02,3.879390099999999730e-01,4.543284289999999781e-01,7.306039389999999800e-01,1.483846699999999928e-02,5.689838000000000014e-03,5.185818000000000025e-03,1.549696789999999991e-01,5.905454220000000420e-01,9.767289559999999815e-01,8.602763669999999863e-01,9.123295900000000236e-02,2.293281590000000036e-01,8.069359739999999448e-01,3.668427919999999731e-01,2.374297039999999914e-01,7.048451909999999820e-01,8.081704360000000475e-01,3.063885450000000121e-01,9.652243940000000411e-01
1.253853169999999961e-01,2.142207799999999995e-01,2.064187000000000105e-01,1.745937290000000031e-01,7.470031110000000529e-01,8.876740189999999808e-01,6.998900399999999355e-02,5.926559099999999941e-02,1.532354000000000094e-03,1.280052100000000047e-02,1.944015899999999852e-02,9.925956780000000368e-01,9.860833679999999601e-01,1.892461930000000070e-01,7.663556999999999661e-03,4.285665999999999608e-03,5.735938999999999795e-03,6.169090809999999703e-01,1.818267030000000062e-01,4.185765109999999845e-01,2.844505370000000033e-01,6.249357949999999606e-01,3.604144989999999993e-01,9.261697570000000379e-01,3.298834219999999817e-01,5.511807039999999658e-01,2.744537999999999839e-02,9.114252990000000221e-01,9.914001150000000262e-01,6.409918639999999668e-01
1.726262540000000067e-01,2.372168869999999874e-01,2.913590990000000103e-01,1.536490919999999871e-01,9.987880949999999869e-01,8.824602160000000195e-01,7.970391300000000123e-02,5.072749700000000334e-02,4.000000000000000192e-04,2.623921599999999923e-02,2.588729899999999903e-02,7.660746309999999504e-01,3.635632899999999973e-02,8.752170400000000017e-01,1.788772500000000015e-02,2.159999999999999919e-04,1.463657600000000010e-02,5.031898900000000147e-02,1.894502020000000120e-01,4.612851949999999812e-01,6.134010939999999801e-01,7.689641029999999544e-01,3.056208900000000062e-02,2.963575290000000084e-01,1.334605540000000090e-01,2.827523189999999742e-01,7.370540039999999848e-01,9.613625139999999458e-01,4.685772679999999912e-01,3.522566149999999952e-01
1.688982880000000075e-01,2.653431110000000204e-01,3.171624459999999868e-01,2.040723740000000008e-01,9.610883120000000002e-01,8.947622039999999499e-01,8.151455000000000506e-02,5.257999900000000226e-02,5.504931000000000234e-03,1.484011000000000011e-02,2.782349900000000154e-02,2.688904300000000136e-01,6.036000799999999833e-01,7.478985150000000415e-01,2.000000000000000096e-04,1.769140500000000032e-02,1.591189999999999922e-03,7.180415900000000629e-02,1.474576679999999862e-01,8.159707250000000078e-01,8.848346409999999773e-01,5.620432149999999849e-01,9.252619900000000341e-02,7.678383389999999808e-01,2.013175929999999891e-01,5.081046099999999566e-01,3.780229589999999917e-01,2.710068079999999879e-01,5.950207170000000323e-01,8.034544150000000329e-01
1.240324359999999959e-01,2.162021259999999945e-01,2.990202229999999739e-01,1.645437319999999981e-01,9.670935800000000082e-01,8.996637760000000261e-01,7.118470000000000353e-02,5.051862199999999914e-02,6.381786000000000403e-03,3.052353299999999853e-02,3.418308899999999984e-02,2.092336399999999985e-01,4.180884440000000035e-01,7.526915229999999735e-01,8.372878999999999738e-03,6.210000000000000242e-04,3.444015999999999831e-03,7.612247119999999700e-01,2.025380280000000088e-01,6.138201519999999523e-01,6.581013420000000336e-01,8.869960540000000337e-01,7.577403969999999545e-01,4.117288270000000194e-01,1.830851500000000090e-02,8.667652670000000059e-01,7.824169699999999894e-01,9.419577359999999899e-01,4.943033179999999915e-01,2.141491339999999910e-01
2.039124160000000130e-01,2.816124219999999734e-01,3.649097600000000274e-01,1.458411860000000115e-01,9.909955849999999566e-01,8.994972049999999664e-01,6.160836199999999985e-02,5.203867799999999794e-02,6.330000000000000381e-06,9.296465000000000284e-03,1.963498899999999853e-02,7.381143699999999364e-02,2.977878919999999985e-01,3.429036030000000013e-01,1.185204299999999961e-02,1.836441899999999988e-02,2.181328000000000173e-03,5.192310599999999665e-02,1.303230910000000020e-01,1.847427949999999874e-01,9.018630960000000307e-01,3.595195409999999980e-01,3.380278999999999923e-03,6.107329419999999454e-01,1.338898590000000000e-01,6.615499049999999936e-01,4.689721130000000238e-01,7.363461529999999478e-01,6.985500650000000533e-01,8.547601519999999953e-01
1.344959289999999863e-01,2.150212509999999966e-01,4.603936790000000001e-01,1.684848670000000104e-01,9.859375049999999918e-01,8.924267070000000412e-01,7.556577999999999906e-02,5.421607099999999763e-02,4.944874000000000144e-03,3.123519900000000168e-02,3.466430000000000206e-02,4.175242550000000108e-01,3.981735570000000113e-01,7.155679959999999840e-01,4.037596000000000067e-03,9.696461999999999443e-03,4.721012999999999599e-03,5.593421870000000462e-01,2.542759010000000264e-01,8.839184410000000547e-01,5.974486270000000099e-01,8.160751069999999663e-01,6.235209800000000163e-02,2.849134039999999812e-01,3.781570060000000177e-01,3.871575820000000001e-01,4.914626670000000197e-01,8.956386500000000639e-02,6.678280079999999730e-01,7.468277869999999652e-01
1.344959289999999863e-01,2.150212509999999966e-01,4.706769980000000131e-01,1.653344639999999865e-01,9.647583130000000340e-01,8.924267070000000412e-01,7.556577999999999906e-02,5.421607099999999763e-02,7.540000000000000044e-04,3.093608600000000153e-02,3.466430000000000206e-02,4.110635519999999987e-01,1.109479619999999972e-01,4.740969820000000001e-01,4.266986000000000390e-03,9.696461999999999443e-03,4.778613000000000131e-03,5.593421870000000462e-01,2.535605590000000187e-01,4.572140510000000102e-01,5.856638979999999606e-01,8.377063679999999790e-01,6.235209800000000163e-02,2.899867210000000028e-01,3.676856059999999982e-01,3.870178029999999936e-01,6.995468879999999778e-01,8.956386500000000639e-02,6.445452259999999711e-01,7.571555660000000021e-01
1.859800590000000031e-01,2.403789799999999921e-01,3.370569400000000271e-01,1.357768829999999871e-01,9.980160529999999586e-01,8.804915450000000421e-01,8.094770099999999691e-02,5.023505100000000279e-02,8.629605999999999735e-03,3.232194499999999776e-02,3.305165499999999923e-02,4.225093329999999869e-01,9.939659579999999828e-01,6.162261890000000353e-01,1.165392600000000022e-02,5.293695999999999645e-03,1.983655700000000119e-02,3.377105200000000279e-02,1.695619989999999910e-01,1.747039830000000071e-01,7.043519360000000118e-01,9.141302159999999954e-01,1.622118059999999862e-01,3.863286730000000113e-01,9.034890800000000555e-02,5.805197949999999496e-01,2.240647179999999961e-01,2.511308660000000081e-01,7.664610389999999551e-01,8.654672400000000543e-02
9.116153489999999637e-01,1.000000000000000000e+00,9.522395519999999891e-01,3.380675189999999830e-01,9.838156399999999913e-01,8.965355919999999923e-01,5.530877900000000236e-02,5.000327100000000191e-02,8.750000000000000182e-04,1.408325199999999923e-02,1.640612199999999868e-02,8.435407969999999533e-01,4.735574000000000207e-03,9.358580490000000252e-01,1.304793700000000077e-02,8.665990999999999625e-03,3.367488999999999986e-03,5.370029290000000177e-01,6.994201140000000372e-01,4.702326840000000119e-01,1.152774399999999949e-02,7.269062280000000431e-01,8.034273659999999762e-01,5.915847379999999989e-01,5.019999999999999506e-04,3.543734610000000007e-01,2.374549260000000106e-01,6.344249450000000179e-01,8.214245839999999577e-01,6.951397320000000102e-01
4.079822120000000107e-01,3.319954179999999866e-01,3.007237500000000119e-01,5.107177849999999797e-01,9.944428859999999704e-01,7.970525939999999476e-01,5.201872899999999966e-02,5.166603100000000115e-02,1.279999999999999942e-04,8.677878999999999454e-03,4.797215999999999980e-03,4.196905989999999975e-01,3.539598609999999868e-01,4.088279360000000029e-01,1.657541000000000006e-03,5.628003999999999819e-03,1.815661600000000042e-02,2.601913299999999984e-01,6.425103930000000130e-01,4.754569590000000123e-01,9.970553299999999897e-02,6.451371489999999653e-01,1.630757340000000000e-01,3.941133099999999945e-01,1.502002510000000068e-01,7.993813730000000062e-01,9.409308979999999600e-01,5.498472660000000012e-01,6.051859320000000375e-01,1.257043870000000008e-01
6.186816700000000169e-02,1.447294540000000074e-01,1.875648839999999873e-01,3.024518860000000031e-01,8.630813880000000049e-01,8.978716780000000064e-01,7.549489299999999348e-02,1.062849409999999939e-01,9.930000000000000133e-05,9.821672000000000041e-03,2.052009999999999945e-03,1.761637120000000001e-01,1.256584570000000012e-01,5.099499029999999822e-01,1.488457299999999990e-02,1.015961599999999979e-02,1.972362399999999863e-02,9.196470580000000172e-01,7.757577329999999494e-01,4.354473560000000076e-01,1.586946609999999869e-01,1.968567250000000102e-01,7.648253870000000232e-01,4.433483169999999918e-01,2.897456429999999972e-01,1.141400610000000010e-01,7.929504689999999911e-01,4.378503599999999940e-01,7.957942070000000312e-01,1.888216189999999961e-01
6.256681419999999827e-01,8.544234809999999847e-01,8.443304790000000226e-01,3.604842700000000094e-02,9.514305250000000269e-01,8.946041399999999921e-01,6.048669000000000268e-02,5.009015599999999679e-02,1.740000000000000010e-04,1.000000000000000056e-01,2.676867299999999977e-02,1.797557170000000093e-01,1.008177049999999936e-01,2.159180340000000087e-01,1.438880799999999946e-02,2.218135999999999892e-03,1.030427899999999952e-02,1.455026899999999936e-02,1.504455769999999970e-01,1.042818090000000031e-01,7.338181209999999899e-01,6.707414440000000200e-01,2.311730509999999905e-01,2.570717040000000120e-01,1.216210479999999955e-01,6.138289550000000094e-01,4.751836899999999780e-02,2.361734450000000096e-01,8.617773920000000309e-01,8.825266550000000487e-01
1.714587619999999868e-01,2.024723890000000026e-01,3.252758130000000247e-01,2.769933709999999882e-01,9.728490010000000465e-01,8.901874950000000508e-01,7.916402499999999898e-02,5.042875100000000083e-02,1.406785999999999931e-03,1.270065599999999940e-02,1.172455499999999935e-02,9.056259420000000171e-01,1.937144610000000045e-01,1.601991050000000083e-01,1.835061600000000015e-02,1.294663300000000079e-02,1.947570200000000099e-02,1.388004029999999889e-01,1.867162270000000124e-01,4.977270019999999739e-01,1.329026729999999989e-01,8.341205149999999513e-01,5.129631159999999968e-01,3.932098439999999751e-01,2.055788960000000110e-01,1.527833670000000033e-01,7.925954400000000122e-02,1.309285500000000046e-02,3.640894479999999822e-01,7.580585699999999871e-01
1.464313050000000116e-01,3.925564950000000053e-01,9.033472599999999852e-01,5.203236650000000463e-01,9.756049540000000242e-01,8.979942429999999698e-01,5.076802500000000135e-02,5.009616800000000342e-02,8.840000000000000066e-06,4.703368000000000305e-03,6.645098000000000324e-03,3.860784509999999892e-01,8.996447319999999470e-01,1.843376059999999872e-01,8.709556999999999716e-03,4.718861000000000409e-03,1.262952300000000014e-02,6.298583429999999872e-01,2.358039329999999933e-01,6.129450600000000415e-01,8.442697359999999929e-01,5.144807009999999847e-01,4.407591049999999844e-01,1.861971470000000073e-01,5.714560770000000067e-01,2.894235100000000158e-02,9.391426569999999918e-01,1.873413329999999988e-01,8.825873720000000366e-01,3.352870250000000163e-01
8.821225630000000262e-01,7.981274329999999972e-01,6.656569610000000470e-01,2.524884290000000142e-01,8.496240800000000037e-01,8.945907810000000016e-01,7.044421800000000289e-02,6.316812500000000552e-02,2.389999999999999987e-06,6.069999999999999694e-07,8.826026000000000704e-03,6.751681790000000349e-01,1.755486370000000074e-01,1.237911049999999985e-01,1.948144200000000159e-02,1.994435599999999989e-02,2.449999999999999921e-04,1.000000000000000021e-03,7.650519100000000017e-02,6.290592999999999879e-02,7.808866380000000218e-01,1.707948000000000105e-02,1.693119499999999958e-02,3.517542839999999726e-01,1.725299889999999947e-01,2.966991680000000131e-01,3.830939669999999797e-01,5.959832830000000303e-01,8.134420150000000183e-01,4.005405360000000026e-01
9.982528200000000129e-02,2.099161429999999995e-01,1.524299010000000065e-01,2.620693709999999954e-01,9.996317780000000264e-01,8.999445379999999606e-01,8.537300000000000444e-02,5.006657199999999669e-02,2.380194999999999880e-03,1.678036499999999848e-02,1.931996100000000008e-02,1.047974099999999936e-01,5.499613450000000459e-01,1.826929439999999960e-01,1.509578100000000082e-02,1.831308699999999873e-02,1.856816500000000106e-02,7.331103129999999579e-01,6.436872030000000411e-01,7.224477900000000341e-01,1.152074990000000049e-01,8.880843729999999825e-01,1.555206560000000071e-01,8.762767369999999723e-01,8.682589099999999949e-01,3.309316290000000049e-01,8.926301589999999786e-01,9.693398260000000155e-01,6.505389780000000455e-01,8.069995739999999973e-01
8.867252899999999993e-01,9.649594030000000489e-01,9.242407799999999840e-01,7.304307129999999537e-01,9.917405719999999869e-01,8.903400970000000525e-01,5.313978600000000135e-02,5.101965299999999814e-02,1.550000000000000068e-05,8.369424000000000308e-03,4.178015000000000201e-03,2.470499509999999899e-01,4.511514739999999968e-01,6.334295869999999606e-01,1.050836900000000004e-02,2.262814000000000145e-03,1.213608300000000063e-02,6.338293200000000294e-01,4.252786020000000056e-01,6.769950670000000059e-01,3.156331270000000133e-01,2.668281840000000238e-01,3.792296689999999915e-01,4.597219029999999873e-01,4.013445200000000102e-02,2.699143700000000007e-02,7.303615500000000538e-02,5.459610910000000095e-01,2.897088809999999737e-01,2.714122709999999827e-01
2.233913670000000073e-01,3.019768600000000136e-01,5.601512849999999988e-01,6.721862500000000407e-02,9.891626919999999545e-01,8.934856509999999918e-01,6.610241899999999560e-02,5.019355899999999870e-02,5.234392000000000038e-03,7.794662300000000654e-02,4.759207700000000346e-02,5.984246359999999543e-01,1.165768560000000065e-01,8.233071549999999572e-01,1.915474799999999922e-02,3.743726000000000172e-03,1.158652800000000045e-02,2.381749299999999861e-02,1.653360530000000106e-01,5.605644170000000370e-01,8.113737260000000173e-01,6.713886030000000282e-01,3.709985400000000155e-02,1.747085660000000096e-01,3.457487399999999989e-01,8.658985219999999483e-01,4.530056740000000248e-01,1.056320959999999948e-01,6.254735959999999650e-01,6.789237519999999915e-01
2.090352319999999875e-01,2.473017289999999979e-01,4.854834749999999977e-01,1.813865219999999945e-01,9.982155649999999714e-01,8.969312929999999628e-01,9.098885600000000684e-02,5.233202499999999729e-02,7.970348999999999837e-03,2.629686100000000123e-02,2.384662599999999924e-02,9.242747879999999583e-01,7.566706220000000149e-01,1.491051039999999883e-01,1.414291999999999980e-02,6.789238000000000391e-03,1.805929900000000088e-02,2.895571099999999856e-02,1.793240949999999889e-01,5.025707499999999550e-01,9.185452100000000009e-01,6.280972209999999833e-01,4.596072999999999999e-03,8.478526749999999446e-01,2.158986200000000133e-02,2.146477499999999844e-02,6.797605759999999497e-01,7.394631259999999706e-01,8.466808329999999660e-01,1.636277580000000120e-01
1.298803659999999971e-01,2.048757449999999980e-01,2.462219559999999918e-01,2.676005940000000249e-01,9.612190339999999722e-01,8.958920080000000175e-01,8.682924799999999776e-02,5.276473100000000221e-02,9.231173999999999977e-03,2.847205699999999853e-02,2.167514699999999878e-02,9.436292880000000105e-01,3.973221599999999798e-01,5.077922759999999869e-01,7.787938999999999799e-03,1.289585700000000015e-02,7.321305999999999647e-03,9.671681469999999781e-01,4.129155880000000001e-01,4.932103749999999787e-01,5.279395559999999765e-01,9.492512739999999782e-01,3.837680030000000242e-01,5.447943809999999942e-01,5.074857510000000405e-01,1.330699160000000103e-01,6.839950200000000091e-01,7.010967609999999572e-01,5.346269190000000338e-01,4.892376609999999904e-01
2.072398779999999885e-01,2.557372230000000135e-01,4.183902440000000222e-01,7.517188599999999332e-02,7.972282229999999581e-01,8.933039630000000342e-01,6.682534800000000663e-02,5.490447500000000119e-02,8.210000000000000067e-04,4.636182500000000234e-02,3.785829899999999804e-02,5.854674319999999543e-01,8.897641539999999738e-01,8.313915419999999834e-01,1.776005699999999923e-02,1.838433999999999902e-02,8.476615999999999318e-03,3.521981300000000259e-02,1.693238800000000099e-01,5.684981089999999737e-01,4.405733070000000251e-01,9.395083619999999858e-01,2.140016299999999982e-02,2.876575749999999987e-01,2.896152679999999813e-01,5.918129589999999718e-01,4.281523649999999792e-01,2.629171430000000198e-01,5.346401410000000132e-01,4.085159620000000102e-01
2.459537999999999829e-03,1.613440000000000056e-03,1.981477599999999922e-02,3.198371680000000050e-01,3.976610440000000191e-01,8.955646819999999453e-01,5.365192299999999720e-02,5.027198399999999873e-02,4.213643999999999723e-02,1.302380000000000031e-02,5.971163399999999954e-02,5.189558210000000393e-01,6.840377199999999602e-01,3.115519909999999726e-01,1.821090100000000156e-02,1.520578199999999928e-02,9.145261000000000015e-03,6.935947999999999940e-03,1.000000000000000021e-03,3.860495199999999794e-02,2.192343549999999919e-01,3.149643489999999768e-01,2.349760799999999969e-02,4.793368219999999957e-01,9.151466600000000007e-01,7.665052300000000374e-01,8.172059729999999744e-01,6.460443959999999652e-01,9.999527759999999876e-01,8.591852660000000030e-01
1.000000000000000000e+00,1.000000000000000000e+00,1.000000000000000000e+00,2.912318489999999871e-01,1.000000000000000000e+00,8.953596510000000341e-01,1.130285409999999963e-01,5.000000000000000278e-02,2.407921999999999840e-03,1.897554499999999991e-02,2.262617199999999995e-02,2.133916270000000004e-01,8.993881139999999608e-01,2.545971009999999923e-01,6.770085999999999812e-03,9.669999999999999776e-04,7.274257000000000119e-03,8.931347080000000549e-01,1.000000000000000000e+00,8.405586720000000067e-01,6.404926979999999714e-01,1.000000000000000000e+00,7.930206539999999915e-01,4.782136969999999931e-01,1.000000000000000000e+00,6.679371969999999825e-01,4.104214210000000085e-01,4.064664170000000243e-01,7.961867929999999483e-01,4.747094199999999931e-01
1.496579170000000014e-01,3.151261870000000020e-01,5.235608670000000409e-01,4.424001450000000224e-01,9.747795030000000471e-01,8.911380920000000483e-01,5.046933800000000248e-02,5.056550499999999670e-02,0.000000000000000000e+00,8.120787000000000838e-03,6.197331000000000367e-03,8.120021750000000482e-01,3.486186410000000069e-01,8.077654880000000315e-01,1.945689100000000046e-02,3.352735999999999824e-03,5.225066000000000432e-03,4.117257420000000057e-01,4.506928479999999793e-01,3.728517299999999923e-01,3.268771180000000220e-01,8.548049639999999449e-01,2.518781399999999934e-02,3.617112829999999946e-01,1.029690800000000045e-02,4.826670080000000085e-01,2.085564370000000112e-01,5.384103080000000041e-01,3.797060429999999931e-01,4.426032500000000314e-02
2.408341599999999985e-02,2.001512899999999956e-02,5.858258400000000005e-02,2.089538430000000002e-01,8.028931390000000334e-01,8.999911000000000438e-01,5.629884400000000066e-02,5.001881600000000067e-02,4.180000000000000230e-04,6.046318999999999652e-03,4.099643000000000037e-03,5.765020260000000007e-01,8.159897900000000481e-01,1.435166160000000135e-01,1.491759999999999961e-02,2.930000000000000204e-04,1.340000000000000045e-04,1.583737749999999944e-01,4.231940889999999955e-01,5.904576830000000109e-01,8.708606119999999784e-01,3.476126399999999728e-01,6.394694400000000556e-02,1.909270680000000053e-01,2.974981990000000187e-01,5.965135400000000088e-01,3.410641400000000156e-01,5.124418849999999859e-01,9.449809099999999518e-01,1.927120330000000048e-01
4.393119489999999794e-01,8.868628570000000044e-01,4.511170339999999723e-01,2.512358470000000121e-01,7.149555250000000362e-01,8.950922470000000075e-01,5.461308000000000135e-02,5.092706100000000263e-02,1.683743199999999940e-02,5.014366999999999609e-03,1.352354599999999914e-02,5.928088649999999626e-01,9.650752569999999642e-01,6.046385619999999905e-01,6.510118999999999975e-03,1.987255099999999872e-02,1.390624700000000005e-02,1.000000000000000021e-03,9.864486000000000435e-03,1.000000000000000021e-03,7.842181999999999625e-03,9.295415379999999450e-01,1.638403199999999976e-02,6.445413829999999678e-01,1.362891589999999931e-01,7.891783800000000404e-02,1.321845560000000086e-01,2.322383610000000043e-01,5.067029669999999486e-01,6.811371130000000162e-01
8.867252899999999993e-01,9.649594030000000489e-01,9.242407799999999840e-01,7.304307129999999537e-01,9.917405719999999869e-01,8.903400970000000525e-01,5.313978600000000135e-02,5.101965299999999814e-02,1.550000000000000068e-05,8.369424000000000308e-03,4.178015000000000201e-03,2.470499509999999899e-01,4.511514739999999968e-01,6.334295869999999606e-01,1.050836900000000004e-02,2.262814000000000145e-03,1.213608300000000063e-02,6.338293200000000294e-01,4.252786020000000056e-01,6.769950670000000059e-01,3.156331270000000133e-01,2.668281840000000238e-01,3.792296689999999915e-01,4.597219029999999873e-01,4.013445200000000102e-02,2.699143700000000007e-02,7.303615500000000538e-02,5.459610910000000095e-01,2.897088809999999737e-01,2.714122709999999827e-01
2.029196800000000050e-02,1.213419999999999993e-03,9.696601300000000367e-02,1.663107510000000067e-01,7.965670719999999871e-01,8.999771009999999460e-01,5.129104799999999881e-02,5.211374299999999710e-02,2.361615599999999926e-02,9.736670199999999942e-02,5.855381500000000211e-02,5.497951119999999747e-01,2.361099989999999871e-01,9.630261209999999572e-01,9.559285000000000698e-03,1.925531000000000074e-03,1.538214100000000022e-02,3.272081500000000032e-02,1.416181659999999898e-01,3.798463329999999805e-01,8.251573930000000168e-01,6.420051249999999543e-01,1.273307700000000098e-01,2.489683860000000137e-01,4.310842400000000074e-01,1.031566569999999988e-01,3.777967879999999945e-01,3.935134759999999732e-01,1.487088299999999863e-01,1.343895190000000128e-01
6.561435499999999921e-02,7.605344099999999941e-02,1.110041090000000036e-01,6.016942790000000540e-01,3.188796440000000176e-01,8.958012770000000069e-01,6.153983500000000106e-02,5.036856900000000192e-02,2.154540200000000169e-02,0.000000000000000000e+00,1.009661100000000013e-02,5.521285970000000543e-01,2.481403550000000069e-01,7.290434390000000153e-01,5.960861999999999931e-03,1.114858300000000010e-02,1.143397999999999897e-03,1.386876999999999902e-03,1.469049499999999960e-02,1.444618100000000065e-02,2.154359259999999998e-01,8.867654560000000075e-01,4.929999999999999487e-04,5.748229200000000150e-01,2.911643890000000234e-01,5.935463079999999669e-01,1.980725879999999939e-01,9.129226179999999635e-01,6.058454639999999447e-01,3.837545090000000214e-01
2.889632650000000247e-01,3.404765180000000058e-01,3.463154350000000048e-01,1.000000000000000021e-03,9.918298660000000044e-01,8.997633149999999524e-01,5.000000000000000278e-02,5.000000000000000278e-02,1.061101999999999965e-03,1.000000000000000056e-01,1.707284599999999916e-02,1.000000000000000000e+00,4.175548900000000119e-01,7.139927120000000293e-01,5.229970999999999925e-03,1.433760300000000085e-02,4.364190000000000430e-03,1.437409510000000057e-01,2.652167329999999823e-01,2.883348130000000231e-01,3.379005460000000238e-01,4.065001409999999815e-01,1.894534009999999935e-01,1.462023379999999873e-01,2.236328160000000120e-01,7.731487759999999820e-01,6.106599599999999739e-02,8.437594339999999749e-01,3.233605600000000191e-01,3.802444700000000011e-01
4.532737399999999667e-02,6.987376200000000592e-02,9.794298799999999472e-02,4.240755599999999903e-02,9.915994989999999953e-01,8.973873049999999685e-01,5.011687900000000306e-02,5.993629500000000054e-02,1.246652999999999911e-03,1.023890199999999938e-02,1.794935300000000122e-02,2.535331129999999766e-01,3.393936160000000091e-01,2.080326409999999904e-01,1.915719700000000081e-02,1.253974499999999971e-02,1.000857699999999940e-02,3.401863399999999898e-02,2.079866439999999983e-01,1.425027120000000036e-01,8.520742340000000414e-01,7.149357800000000207e-01,5.140000000000000254e-04,5.999935899999999656e-01,1.939551419999999970e-01,4.596207700000000118e-01,4.805614910000000073e-01,2.605722639999999979e-01,8.599434969999999456e-01,3.295631680000000174e-01
