0.988111,0.246556,0,0.004678,0.080864,0.987444,0.053111,0,0,0.045451,0.998333,0.135222,0,0.00794,0.073735
0.983889,0.035222,0,0.002892,0.034087,0.983889,0.056667,0,0.00126,0.04555,0.995111,0.031667,0,0.00071,0.030918
0.979333,0.017111,0,0.026485,0.001832,0.975333,0.026667,0,0.0249,0.003851,0.989889,0.002556,6.593448,0.0252,0.00214
0.988444,0,8.462264,0.018832,0.009904,0.987667,0.000556,46.520388,0.03829,0.002383,0.989222,0.001111,19.467767,0.037501,0.001811
0.995111,0.023556,92.457934,0.055396,0.003119,0.993778,0.008556,61.356259,0.07212,0.000079,0.996778,0.091444,9.271548,0.0837,0.010353
0.989444,0.008222,37.168161,0.048168,0.000499,0.989889,0.000222,55.950588,0.078909,0.000881,0.995444,0.013889,77.761674,0.064665,0.000817
0.984778,0.014333,0,0.020449,0.015415,0.982778,0.000444,13.994995,0.011331,0.012944,0.991111,0.014667,0,0.0222,0.005654
0.992333,0,81.769785,0.079278,0.000141,0.991333,0.000556,49.559506,0.119269,0.000661,0.995333,0.013778,37.423109,0.114775,0.000236
0.988333,0.000556,11.017841,0.033306,0.001063,0.986444,0.000111,46.721881,0.048536,0.00095,0.989889,0.013667,8.873433,0.076494,0.001289
0.991333,0.105111,0,0.004227,0.043911,0.985556,0.058667,3.762185,0.018874,0.016482,0.995111,0.031667,0,0.0165,0.014504
0.989111,0.009111,0,0.016579,0.009,0.980333,0.019667,0,0.0254,0.003478,0.992111,0.016333,0,0.029,0.002463
0.980444,0.000222,0,0.030399,0.002058,0.981333,0.000222,30.890748,0.033507,0.001352,0.988333,0.001,0,0.0603,0.001111
0.995,0.035444,30.267304,0.086345,0.016879,0.993444,0.007333,61.356259,0.07162,0.000053,0.996667,0.034,91.632385,0.078549,0.035343
0.987667,0.009222,12.01996,0.031967,0.001025,0.989667,0.000444,43.860487,0.049724,0.00088,0.991556,0.023222,9.985251,0.052095,0.002404
0.991111,0.035778,9.796828,0.042418,0.001407,0.990222,0.067222,0,0.00074,0.050919,0.997111,0.056222,0,0.0693,0.008847
0.985556,0,0,0.037009,0.001619,0.983667,0.000111,3.503513,0.077374,0.001464,0.989889,0.000667,0,0.04,0.000998
0.997222,0.085889,50.866358,0.047466,0.007738,0.996556,0.124556,46.721881,0.034562,0.039556,0.999,0.217889,7.23618,0.0693,0.047418
0.988222,0.002222,7.533623,0.037745,0.000918,0.986111,0.001556,46.721881,0.048151,0.000945,0.988889,0.000556,18.344023,0.088929,0.000718
0.981333,0.013,0,0.006397,0.022791,0.983778,0.054889,0,0.00187,0.042818,0.993222,0.022222,0.270246,0.018,0.009356
0.973667,0,0.198267,0.01268,0.0367,0.979444,0.000111,14.894101,0.007595,0.020099,0.989333,0.001111,0,0.0297,0.001168
0.989667,0.000444,20.853691,0.038598,0.000622,0.985222,0.001222,43.860487,0.054979,0.000966,0.989222,0.001667,8.427466,0.075103,0.000865
0.995222,0.023444,89.430788,0.061255,0.000722,0.994111,0.008222,61.216423,0.069529,0.000117,0.996889,0.078,21.315778,0.087014,0.007445
0.988333,0.000222,13.199385,0.030452,0.001293,0.987778,0.000333,49.559506,0.046124,0.000946,0.988333,0.000778,0,0.074,0.000996
0.985222,0.013444,0,0.037597,0.00181,0.984778,0.013111,0,0.0853,0.001761,0.990889,0.010667,0,0.0492,0.001062
0.993333,0,45.551021,0.030214,0.006021,0.995,0.042778,46.520388,0.048039,0.002298,0.996333,0.081778,35.362116,0.063539,0.009799
0.981556,0,0,0.032761,0.002052,0.987889,0.001111,49.566307,0.040327,0.001164,0.988,0.000778,19.728665,0.035411,0.002413
0.988889,0,0,0.022697,0.008361,0.986556,0.001222,32.871031,0.036282,0.001944,0.992889,0.018889,18.509065,0.063476,0.003255
0.990111,0.012667,27.453725,0.025197,0.004636,0.991333,0.002111,52.564226,0.040434,0.002785,0.993778,0.046556,0,0.0687,0.007616
0.981,0.000111,0,0.03377,0.001466,0.988889,0.000222,46.520388,0.03848,0.001087,0.986667,0.001222,18.509065,0.036912,0.000881
0.997,0.212556,45.863465,0.019045,0.055633,0.998111,0.179889,49.566307,0.040268,0.049043,0.998444,0.218333,8.421056,0.0899,0.031901
0.991667,0.027444,27.042561,0.039618,0.000831,0.992444,0.001889,55.991289,0.054821,0.000885,0.993667,0.046667,0,0.0886,0.006656
0.990222,0,16.371845,0.059978,0.000574,0.993111,0.006,61.356259,0.07432,0.000029,0.989778,0.015556,34.740343,0.102929,0.001098
0.969,0,0,0.019424,0.005113,0.974222,0.008111,4.762685,0.019032,0.003845,0.989444,0.003889,0,0.02,0.005649
0.988889,0.001333,10.56531,0.039103,0.000625,0.987889,0.000222,49.559506,0.040788,0.001697,0.986222,0.002333,1.51067,0.0392,0.001492
0.993,0.070111,0,0.014363,0.021129,0.994778,0.155889,17.125717,0.010102,0.077693,0.998778,0.185222,0,0.041,0.06275
0.989444,0,0,0.008645,0.0086,0.974111,0.001556,0,0.0268,0.002635,0.989667,0.001556,0,0.0277,0.000822
0.993222,0.074556,25.805986,0.0174,0.029176,0.996,0.072333,43.860487,0.030506,0.029892,0.998,0.120778,15.38502,0.063248,0.02166
0.989778,0.000444,20.967984,0.027718,0.000803,0.99,0.000111,52.564226,0.047294,0.000989,0.992333,0.027556,35.956613,0.072728,0.001874
0.989667,0.009667,9.522932,0.019463,0.009629,0.99,0.068889,7.657817,0.057543,0.006143,0.996333,0.056333,5.490965,0.054,0.009995
0.995222,0.019556,42.387959,0.021844,0.01615,0.997444,0.08,69.132512,0.111551,0.001734,0.998,0.155333,5.444197,0.0918,0.024557
0.993222,0.040222,20.028182,0.011441,0.017785,0.992889,0.038,49.559506,0.036825,0.018722,0.993,0.038,22.869569,0.022947,0.016483
0.996222,0.034556,40.359626,0.054321,0.000546,0.997111,0.18,49.559506,0.082355,0.00697,0.998333,0.218556,8.480216,0.0968,0.028966
0.996222,0.227667,16.492641,0.006078,0.066464,0.998,0.189,46.527189,0.030115,0.062129,0.998,0.135667,13.467494,0.062,0.03431
0.993333,0,43.545655,0.032935,0.004004,0.995333,0.047111,46.520388,0.040481,0.006561,0.996556,0.090444,35.190782,0.055086,0.011512
0.993556,0.036333,50.916799,0.04722,0.000709,0.995222,0.080556,43.860487,0.07159,0.00189,0.997778,0.109556,10.304636,0.087367,0.016389
0.997778,0.221222,87.10814,0.02657,0.062257,0.998222,0.116,65.041799,0.051198,0.032628,0.997889,0.141111,7.570579,0.0778,0.017496
0.992,0.044111,44.096669,0.159817,0.007944,0.995444,0.005889,65.181635,0.067309,0.000047,0.995556,0.044778,23.275212,0.0391,0.139333
0.973444,0,0,0.015631,0.031166,0.979667,0.000111,13.994995,0.01774,0.006822,0.989333,0.001111,0,0.0308,0.001158
0.982889,0.001556,0,0.02343,0.001435,0.987889,0.000667,49.566307,0.040267,0.001131,0.988111,0.019,0,0.0595,0.002003
0.989222,0.001222,11.304277,0.038331,0.000596,0.987778,0.000444,46.520388,0.038964,0.001686,0.986444,0.006111,1.51067,0.0623,0.001178
0.996889,0.047444,45.769526,0.036762,0.003482,0.997667,0.124667,61.356259,0.135398,0.001662,0.997778,0.139778,6.446843,0.0971,0.02168
0.988444,0.002222,7.603367,0.073346,0.000705,0.985333,0.001556,43.860487,0.046063,0.000945,0.988889,0.000556,18.344023,0.088929,0.000718
0.994889,0.143667,15.700055,0.012626,0.041725,0.994222,0.201667,25.247954,0.016011,0.079125,0.998667,0.185222,25.32289,0.034502,0.068966
0.986667,0.007111,4.336113,0.020846,0.012596,0.983778,0.007778,16.080133,0.01206,0.018868,0.990556,0.008111,35.821373,0.009414,0.010063
0.993444,0.005778,53.773712,0.055691,0.000133,0.996111,0.180444,49.559506,0.129496,0.00444,0.996556,0.079556,39.198347,0.107978,0.005627
0.990333,0.000111,19.905479,0.049187,0.000421,0.991111,0.000556,66.624247,0.060033,0.000742,0.988111,0.000889,24.633325,0.038895,0.00062
0.979889,0.009,0,0.033655,0.00219,0.976778,0.021333,0,0.0607,0.002013,0.990222,0.008889,0,0.0384,0.000997
0.993778,0,44.513681,0.053707,0.000106,0.994889,0.039889,70.684913,0.098539,0.000938,0.997,0.084222,26.9827,0.100313,0.008213
0.981111,0,0,0.001456,0.024034,0.973667,0.000111,0,0,0.02021,0.989667,0.000778,0,0,0.013317
0.993333,0.000778,52.523058,0.043905,0.000165,0.994556,0.007,61.216423,0.048035,0.006906,0.996667,0.114556,11.102185,0.084323,0.015189
0.995667,0.022556,47.28778,0.054693,0.00055,0.997556,0.188667,46.527189,0.09059,0.007087,0.998333,0.218333,9.103445,0.0917,0.029545
0.986,0.001111,22.956242,0.05706,0.001048,0.988,0.000111,8.839747,0.098102,0.001084,0.990444,0.001889,24.87358,0.051348,0.000841
0.990444,0.001667,19.234249,0.021397,0.005616,0.990111,0.079556,4.762685,0.055568,0.00824,0.996111,0.051889,4.519833,0.054016,0.008849
0.994778,0.026444,47.534908,0.040731,0.001316,0.995778,0.080667,43.860487,0.045183,0.003351,0.997556,0.121111,9.676686,0.0747,0.018958
0.987333,0.011444,0.182197,0.025274,0.00214,0.990778,0.001333,46.520388,0.037703,0.002566,0.991556,0.025667,0,0.0388,0.004343
0.994222,0.117556,25.155069,0.013522,0.038808,0.994778,0.142667,17.125717,0.011277,0.073315,0.998222,0.120444,3.777657,0.0259,0.05027
0.996222,0.088333,45.104311,0.020544,0.029908,0.995111,0.198444,26.872166,0.016091,0.079428,0.997222,0.079444,8.50965,0.030128,0.024924
0.993667,0,45.848817,0.031312,0.004242,0.995556,0.029556,55.950588,0.055473,0.002433,0.996444,0.085111,28.751423,0.055107,0.010898
0.993556,0.022333,25.355613,0.016073,0.018713,0.995556,0.201667,25.247954,0.021197,0.073867,0.998222,0.135,0.421944,0.0604,0.028823
0.994222,0.024,50.409271,0.034425,0.005997,0.996,0.081333,46.721881,0.070265,0.001919,0.997667,0.121,3.8779,0.0907,0.018432
0.988444,0.008,11.14575,0.019002,0.010107,0.989111,0.000111,52.604927,0.037831,0.003786,0.990111,0.015222,6.336038,0.066433,0.002392
0.995,0.020333,58.513937,0.043003,0.003175,0.994889,0.034222,49.559506,0.0488,0.002412,0.996667,0.089667,32.43302,0.069395,0.009768
0.997444,0.212,47.282205,0.057236,0.026586,0.997222,0.214556,40.011411,0.101842,0.007757,0.998667,0.218333,6.937553,0.095,0.027966
0.994111,0.057222,18.229327,0.011756,0.024014,0.993778,0.213111,25.515262,0.006528,0.089307,0.998444,0.150667,12.96331,0.0313,0.060464
0.987333,0.000778,11.996543,0.038979,0.001274,0.992222,0.000556,46.721881,0.051617,0.000892,0.991111,0.016889,3.582376,0.064741,0.002013
0.994222,0.011778,37.822244,0.054008,0.000413,0.996333,0.092,46.721881,0.037756,0.018906,0.997889,0.121778,14.445815,0.083508,0.018751
0.990333,0.000444,4.160304,0.042925,0.000491,0.986333,0.000667,46.721881,0.048736,0.000963,0.987111,0.002556,16.95525,0.074273,0.000566
0.994222,0.035778,49.573142,0.173396,0.005738,0.995111,0.010556,61.216423,0.065529,0.00036,0.996556,0.060111,7.668815,0.083,0.130277
0.979556,0.001889,20.647893,0.054516,0.00127,0.99,0.000111,17.125717,0.101979,0.000878,0.991222,0.013111,0,0.0778,0.001764
0.987222,0.003556,11.747702,0.085408,0.000764,0.992556,0.000111,46.520388,0.055952,0.00089,0.990778,0.014444,10.686823,0.096018,0.001265
0.995111,0.017778,47.591911,0.030681,0.008358,0.995667,0.045444,66.624247,0.050007,0.006556,0.996444,0.081667,41.142489,0.048915,0.009694
0.995556,0.028,48.974839,0.027093,0.018392,0.994778,0.065111,46.527189,0.032383,0.032176,0.996444,0.081556,26.573896,0.046302,0.011677
0.988,0.004444,0,0.021866,0.004865,0.984333,0.032111,0.337725,0.0422,0.004041,0.993333,0.020889,11.154365,0.0276,0.003061
0.989222,0.000667,19.105651,0.034943,0.00336,0.990333,0.001111,43.860487,0.055173,0.000866,0.989333,0.002,7.890707,0.04459,0.001339
0.995222,0.229889,4.229772,0.005713,0.069959,0.995667,0.180667,13.994995,0.006762,0.088054,0.997667,0.080778,0,0.0293,0.028657
0.988667,0.000111,7.558802,0.098616,0.000571,0.988111,0.000778,46.520388,0.06396,0.000881,0.988778,0.002667,28.996037,0.104882,0.000445
0.992222,0.000667,55.775482,0.061127,0.000232,0.991222,0,63.233671,0.089898,0.000624,0.993889,0.020667,26.41049,0.08657,0.001851
0.996444,0.023333,51.445661,0.032717,0.006749,0.997222,0.090778,61.356259,0.080096,0.002935,0.998444,0.185556,7.875955,0.0976,0.024409
0.990222,0.01,25.136898,0.027108,0.006579,0.988889,0.044333,17.125717,0.053357,0.002605,0.995778,0.052222,9.538629,0.069122,0.007984
0.993444,0.000778,42.56786,0.035888,0.000194,0.993222,0.007,61.216423,0.048029,0.006924,0.996667,0.116556,9.135659,0.084047,0.018326
0.997111,0.211556,41.336899,0.013031,0.057521,0.997111,0.221111,37.554081,0.024652,0.076305,0.998556,0.150444,8.480216,0.0844,0.02563
0.996889,0.083,41.587265,0.022346,0.025632,0.997667,0.206222,43.860487,0.026308,0.069129,0.998556,0.218556,5.444197,0.0281,0.08871
0.991889,0.011444,51.401467,0.090813,0.000854,0.992889,0.012111,49.559506,0.047895,0.001347,0.994222,0.013333,27.303079,0.096789,0.012291
0.995778,0.024,50.364893,0.028552,0.015914,0.997111,0.180444,49.559506,0.120986,0.004731,0.998333,0.149444,10.359764,0.0999,0.020338
0.995556,0.035333,50.622476,0.026323,0.02023,0.998444,0.168889,52.604927,0.036729,0.053131,0.998222,0.151333,7.668815,0.0689,0.029083
0.995778,0.019444,32.814066,0.02081,0.014162,0.997444,0.084222,65.041799,0.13796,0.001269,0.997889,0.154778,20.123788,0.10021,0.021638
0.995,0.033333,44.577981,0.039814,0.003007,0.995222,0.118778,26.872166,0.025834,0.043168,0.997889,0.120556,14.550526,0.035438,0.038446
0.995111,0.022,44.428274,0.044114,0.000593,0.996333,0.065,46.527189,0.067038,0.001886,0.997556,0.135556,11.804965,0.098349,0.019084
0.993222,0.116556,21.156254,0.03094,0.01835,0.994667,0.107889,14.894101,0.015577,0.043287,0.998444,0.150778,14.808317,0.0304,0.061282
0.995556,0.019889,39.429696,0.036989,0.000946,0.994889,0.064778,46.721881,0.029517,0.034875,0.997444,0.121667,12.439857,0.05033,0.029236
0.995444,0.143111,0,0.010757,0.046025,0.995222,0.173667,17.125717,0.009965,0.082626,0.998444,0.185222,20.5417,0.021,0.080271
0.988111,0.011333,12.110263,0.051347,0.001071,0.992,0.007889,46.721881,0.053996,0.000925,0.989778,0.014667,10.694637,0.080782,0.001231
0.989222,0.026778,0,0.025749,0.005998,0.985889,0.039556,4.434625,0.053805,0.003641,0.992333,0.016333,3.241856,0.055755,0.001783
0.979556,0.030667,24.514551,0.098916,0.000746,0.986333,0.000111,19.487231,0.108214,0.000849,0.990333,0.009333,0,0.0969,0.000514
0.987222,0.000778,12.597431,0.040406,0.00124,0.987444,0.016222,25.247954,0.041455,0.001527,0.991889,0.012667,3.157534,0.032712,0.003427
0.993,0.065444,6.515229,0.011625,0.024106,0.994556,0.161778,14.894101,0.006409,0.081999,0.998222,0.121,10.340977,0.00727,0.067846
0.997444,0.214333,47.902081,0.051306,0.028836,0.997111,0.214667,40.011411,0.097382,0.008432,0.998778,0.217889,5.883661,0.0957,0.026767
0.993778,0.040222,24.020846,0.038632,0.000968,0.995667,0.081556,46.721881,0.041326,0.009022,0.997444,0.121333,8.456336,0.0768,0.021032
0.989667,0.014444,19.823265,0.032259,0.003249,0.992222,0,46.527189,0.040365,0.001496,0.991111,0.015333,21.322617,0.073093,0.001428
0.995667,0.056111,46.153167,0.030278,0.017565,0.995667,0.050333,49.559506,0.059739,0.001862,0.997667,0.123444,1.6128,0.0867,0.019993
0.997,0.058444,47.03209,0.02432,0.021585,0.998,0.179889,49.566307,0.079455,0.007828,0.998333,0.218333,3.246091,0.0992,0.027127
0.991111,0.035778,9.943392,0.042142,0.00141,0.990222,0.067222,0,0.0899,0.006046,0.997111,0.056222,0,0.0693,0.008848
0.985222,0,0,0.034987,0.002589,0.984889,0.008,0,0.022,0.003301,0.990111,0.007778,14.30024,0.049357,0.000935
0.990444,0.000111,20.211082,0.041685,0.000441,0.986111,0.000778,46.721881,0.055367,0.000954,0.987667,0.002667,9.823823,0.042629,0.000621
0.974111,0,0,0.100054,0.001746,0.981556,0.000111,7.657817,0.103943,0.000906,0.989667,0.000889,0,0.0777,0.000799
0.995444,0.125667,21.422843,0.017739,0.032897,0.995889,0.233333,26.872166,0.016206,0.085949,0.998444,0.150444,8.291606,0.0355,0.051099
0.989333,0.017333,0,0.003752,0.018912,0.986,0.071,4.762685,0.009681,0.034431,0.996,0.047667,0,0.00828,0.029729
0.995889,0.229333,17.42843,0.014977,0.061819,0.995889,0.233333,26.872166,0.0156,0.086221,0.998556,0.150444,9.690632,0.0355,0.055001
0.995222,0.016222,82.861909,0.045948,0.00977,0.993111,0.004111,61.216423,0.052159,0.000765,0.996444,0.074222,2.733359,0.0819,0.00909
0.995556,0.097,0,0.091,0.005382,0.997,0.049778,61.356259,0.074955,0.000544,0.997889,0.219111,23.680204,0.0975,0.02976
0.995556,0.143667,16.296421,0.011949,0.042305,0.995222,0.236556,25.247954,0.015111,0.086246,0.998556,0.185222,23.865146,0.034302,0.067681
0.989222,0.002333,21.384189,0.076986,0.000538,0.985222,0.001222,43.860487,0.054979,0.000966,0.989556,0.001778,7.882893,0.100078,0.000672
0.987667,0.002222,8.354646,0.044464,0.000928,0.991556,0.001111,46.721881,0.047322,0.00099,0.988889,0.001222,19.438663,0.08026,0.000709
0.993667,0.003,45.048582,0.026635,0.00563,0.994889,0.065,49.566307,0.061835,0.001976,0.996444,0.083667,35.362116,0.066768,0.009569
0.994667,0.117222,17.902367,0.043557,0.016262,0.994778,0.155889,17.125717,0.103205,0.010503,0.998556,0.150778,13.904289,0.0659,0.030813
0.995778,0.125444,0,0.006586,0.04581,0.998111,0.176111,52.8189,0.034738,0.055517,0.998111,0.218556,7.545236,0.0992,0.029817
0.990778,0.013778,25.155069,0.035238,0.001161,0.990111,0.051,16.080133,0.098952,0.001952,0.995778,0.047667,6.587642,0.086417,0.006457
0.981,0.006889,0,0.021987,0.001936,0.974889,0.024444,0.310352,0.0291,0.003174,0.990778,0.011222,0,0.0316,0.001408
0.995,0.033889,43.286245,0.040148,0.003074,0.995111,0.126556,22.143798,0.020504,0.047497,0.998,0.120778,18.806823,0.035438,0.037472
0.992556,0.003333,41.564101,0.025172,0.006593,0.993222,0.026111,49.566307,0.033736,0.02447,0.993444,0.030111,32.87001,0.011869,0.029043
0.994444,0.200889,23.468229,0.013656,0.058253,0.993556,0.065667,22.143798,0.015323,0.040125,0.998556,0.218556,5.726839,0.0308,0.085151
0.987,0.016667,10.281537,0.05272,0.001474,0.988444,0.000222,5.135286,0.096304,0.001203,0.990667,0.001889,25.71713,0.034353,0.001142
0.996444,0.020333,55.836274,0.038981,0.001837,0.994778,0.008667,65.181635,0.05058,0.00844,0.996667,0.115111,7.868141,0.076636,0.016484
0.995667,0.035333,49.676018,0.029075,0.019843,0.998111,0.180222,49.566307,0.033908,0.059468,0.998222,0.150778,9.014851,0.0687,0.03021
0.993667,0.005778,42.066035,0.032878,0.0005,0.994556,0.008,65.181635,0.050582,0.008525,0.996444,0.118,11.593158,0.076529,0.018298
0.995556,0.026667,41.048953,0.035991,0.003902,0.990778,0.028111,40.011411,0.026568,0.029738,0.994556,0.035444,33.172446,0.016116,0.019927
0.991556,0.039444,0,0.010851,0.023549,0.989556,0.076222,3.503513,0.0043,0.048137,0.996778,0.067667,0,0.00146,0.049131
0.987889,0,11.121655,0.041891,0.000897,0.992667,0.001111,49.559506,0.055841,0.00091,0.991,0.017,10.686823,0.074641,0.001665
0.994333,0.018,52.247271,0.119632,0.012891,0.994,0.006556,65.041799,0.050795,0.006322,0.996889,0.082444,11.102185,0.0704,0.076944
0.992556,0.089667,0,0.004133,0.037212,0.990889,0.116556,3.503513,0.003697,0.064785,0.997556,0.090556,0,0.00158,0.062157
0.995667,0.045,44.359935,0.034482,0.004144,0.995222,0.080778,43.860487,0.03748,0.010941,0.997889,0.121444,0.312806,0.0872,0.020624
0.993889,0.032,89.128614,0.144528,0.001018,0.995889,0.022,61.356259,0.103553,0.000071,0.996111,0.029667,14.727641,0.0622,0.048365
0.994,0.017778,86.475054,0.118023,0.012484,0.995222,0.012889,65.181635,0.055787,0.003225,0.996111,0.029889,18.40755,0.00476,0.092589
0.994111,0.038667,51.510863,0.169044,0.011285,0.995,0.010556,61.356259,0.12412,0.000001,0.996889,0.055889,12.593714,0.0662,0.134889
0.992889,0.019556,80.760411,0.165888,0.008159,0.995111,0.010556,61.216423,0.054279,0.002605,0.996333,0.029333,17.539449,0.00456,0.148052
0.991889,0.054111,41.949497,0.195347,0.007344,0.995556,0.006,65.041799,0.105593,0,0.995889,0.045222,21.90121,0.0488,0.181695
0.995111,0.239889,0,0.001191,0.077091,0.990111,0.107333,0,0.00731,0.051568,0.998889,0.218556,0,0.000047,0.10062
0.976444,0,0,0.031996,0.002227,0.973889,0.000444,0,0.0541,0.00141,0.989667,0.001667,0,0.0538,0.000696
0.986333,0,0,0.020132,0.012421,0.988222,0.000111,30.890748,0.021818,0.012758,0.989889,0.000444,44.024396,0.017528,0.006696
0.990222,0.000111,22.492974,0.021464,0.00149,0.993111,0.000111,61.216423,0.054199,0.000353,0.993,0.041556,37.648301,0.038559,0.004869
0.988778,0.002111,18.781771,0.054908,0.000532,0.989889,0.002222,46.721881,0.05752,0.00083,0.993,0.023778,42.096396,0.112761,0.001353
0.992333,0.003889,40.096571,0.034007,0.006312,0.989111,0.002667,52.604927,0.039731,0.002933,0.993,0.020889,33.809784,0.027027,0.009057
0.992778,0.054556,101.316064,0.118255,0.000839,0.994222,0.008667,61.356259,0.08542,0.000063,0.996778,0.068556,0,0.0908,0.007896
0.995222,0.025111,41.442342,0.037432,0.001241,0.995,0.073889,46.520388,0.035635,0.024665,0.996222,0.084556,32.966233,0.050903,0.011726
0.989222,0.002667,21.844368,0.032763,0.002211,0.993667,0,65.181635,0.064709,0.000012,0.992667,0.023111,46.77724,0.040213,0.004241
0.992556,0.115111,20.768458,0.016623,0.035536,0.995,0.145,0,0.0714,0.018752,0.998111,0.109778,14.15294,0.042327,0.027672
0.995444,0.210333,46.362072,0.01865,0.05618,0.994556,0.135556,0,0.0679,0.016089,0.997333,0.073,8.969344,0.027941,0.018367
0.992667,0,55.854069,0.058104,0.000248,0.995556,0,65.181635,0.061409,0.000042,0.990444,0.001333,33.167385,0.047724,0.000905
0.985778,0.016333,0,0.025982,0.001649,0.981667,0.038111,4.1205,0.045389,0.0041,0.993556,0.024111,0,0.0436,0.003427
0.989667,0.002,22.184393,0.035965,0.000619,0.993444,0,65.181635,0.072009,0,0.992556,0.021889,50.213421,0.11633,0.001855
0.994111,0.231889,0,0.028502,0.054427,0.994333,0.135556,0,0.0646,0.016905,0.997222,0.081556,0,0.0163,0.039362
0.995778,0.090111,48.748299,0.032458,0.020677,0.996889,0.073333,46.527189,0.031382,0.034886,0.997667,0.120111,28.201145,0.061829,0.015977
0.996889,0.212778,39.831388,0.016642,0.05804,0.997,0.246,13.511264,0.028051,0.075063,0.998889,0.218556,7.85512,0.0623,0.052985
0.991222,0.014444,19.59884,0.026631,0.004447,0.989778,0.058111,13.994995,0.064748,0.003602,0.995889,0.051889,2.327125,0.1,0.007188
0.992889,0.077222,16.787754,0.091497,0.002095,0.994667,0.127556,14.894101,0.071772,0.008305,0.998222,0.121,1.983313,0.1,0.018945
0.994222,0.046111,20.006266,0.042089,0.001206,0.995333,0.245667,14.894101,0.102325,0.017925,0.997556,0.089667,2.036383,0.0976,0.014054
0.987667,0.012333,7.962224,0.028022,0.001654,0.99,0.007444,55.991289,0.050021,0.001521,0.990556,0.014333,35.847316,0.038659,0.00205
0.987889,0.007444,0,0.006832,0.004536,0.973667,0.013889,0,0.00395,0.018232,0.989667,0.005,0,0.02,0.005383
0.992667,0.062,0,0.008113,0.028192,0.989222,0.078889,5.135286,0.012579,0.033219,0.996778,0.067667,0,0.0225,0.026067
0.989444,0.005778,0,0.024008,0.007913,0.987333,0.006111,32.871031,0.022118,0.015268,0.991444,0.000333,51.43693,0.016109,0.013667
0.985333,0.010111,0,0.037207,0.001676,0.984667,0.012333,0,0.078,0.001872,0.991,0.011111,0,0.0619,0.001004
0.992556,0.055111,99.763224,0.122026,0.000876,0.994111,0.006444,65.041799,0.085793,0.000058,0.997333,0.061111,0,0.09,0.006891
0.992556,0.000889,57.284732,0.032634,0.006086,0.993333,0.000222,65.181635,0.050442,0.000996,0.993778,0.028889,22.238228,0.033656,0.003914
0.990778,0.035778,0,0.02967,0.002208,0.989444,0.064444,7.657817,0.055576,0.006025,0.997,0.061,0,0.0654,0.010741
0.988778,0.003667,0,0.023866,0.0043,0.983111,0.020778,5.135286,0.034723,0.00334,0.991556,0.016222,0,0.0596,0.001603
0.989778,0,24.151512,0.03775,0.00054,0.988667,0.003556,66.624247,0.05377,0.000823,0.988667,0.001333,29.843734,0.046249,0.000656
0.992778,0.002333,45.133389,0.04371,0.000124,0.994889,0.026333,55.991289,0.041014,0.021044,0.993444,0.036556,34.923318,0.025044,0.011376
0.993111,0.063556,15.740826,0.084481,0.010948,0.992778,0.084444,13.994995,0.100195,0.017101,0.997333,0.081556,0.518352,0.0951,0.01281
0.970556,0.029889,0,0.00296,0.047009,0.978889,0.036,4.434625,0.001354,0.037112,0.994556,0.030444,0,0.000046,0.031224
0.994111,0.027556,41.044034,0.033208,0.015356,0.994222,0.105667,16.080133,0.068135,0.005305,0.998556,0.120778,12.535862,0.0982,0.016897
0.992889,0.000222,50.292486,0.04276,0.000434,0.993,0.005222,61.356259,0.048461,0.004418,0.994556,0.037111,25.821655,0.038289,0.005257
0.989111,0,0,0.022999,0.00547,0.981889,0.000111,5.135286,0.054619,0.001983,0.989556,0.000778,0,0.0432,0.000944
0.989333,0,18.629319,0.021121,0.009811,0.992,0.000333,46.721881,0.029809,0.014457,0.993222,0.024778,58.379535,0.023607,0.027048
0.991111,0.035667,0,0.028384,0.002328,0.990111,0.077111,8.209462,0.056763,0.006926,0.997111,0.061,0,0.0354,0.013877
0.992444,0.000889,58.659716,0.064498,0.00024,0.995778,0,61.356259,0.06372,0.00002,0.989889,0.001778,19.24467,0.068565,0.00101
0.995778,0.025444,49.506895,0.042114,0.001117,0.994889,0.057333,49.559506,0.044461,0.005673,0.996444,0.082111,28.104922,0.034139,0.015656
0.993222,0.000111,46.281615,0.034679,0.000805,0.995,0.073889,46.520388,0.107009,0.001469,0.996556,0.090111,27.078923,0.0503,0.012771
0.990889,0.035778,0,0.029572,0.002237,0.989444,0.063222,8.209462,0.056763,0.00575,0.997111,0.061,0,0.0348,0.01434
0.992,0.000111,57.278747,0.036786,0.006382,0.995111,0.012,61.216423,0.050312,0.008698,0.993222,0.020889,23.555607,0.017382,0.015634
0.991778,0.019444,19.169206,0.035964,0.001388,0.993556,0,65.041799,0.057273,0.000302,0.992444,0.025556,39.20993,0.038362,0.004035
0.990556,0,53.888849,0.025342,0.008798,0.99,0.052556,37.554081,0.0242,0.036835,0.994778,0.039111,38.590469,0.013929,0.024823
0.990556,0.028222,0,0.00567,0.022283,0.981222,0.040778,0.125176,0.0187,0.011102,0.990222,0.008667,0.288118,0.0194,0.005206
0.992556,0,56.345732,0.031766,0.006558,0.993444,0.002444,65.181635,0.051469,0.001353,0.993222,0.027889,22.334451,0.028871,0.005243
0.993444,0.231333,8.84343,0.014388,0.063513,0.994222,0.098778,14.894101,0.007025,0.059672,0.998778,0.218556,0,0.0318,0.080296
0.991667,0.015889,26.454085,0.045713,0.000883,0.993222,0.005556,63.233671,0.057208,0.0009,0.995111,0.016556,72.216849,0.077332,0.000887
0.992111,0.000556,52.347357,0.053546,0.000391,0.993444,0,65.181635,0.051809,0.000578,0.993444,0.019111,25.725432,0.056664,0.003481
0.993,0,58.424753,0.029505,0.006488,0.992889,0.001889,61.216423,0.049189,0.001566,0.994111,0.035778,23.65183,0.02941,0.005119
0.989111,0,27.062552,0.019871,0.010355,0.988778,0.001667,43.860487,0.028234,0.011833,0.99,0.001667,46.182506,0.020373,0.005212
0.992778,0.001444,55.571095,0.053203,0.000203,0.993556,0.000111,65.041799,0.064293,0.000029,0.989889,0.000111,25.049893,0.053199,0.000813
0.989333,0.022444,4.7254,0.039071,0.001218,0.991111,0.079333,4.762685,0.081117,0.006999,0.997111,0.082111,16.924718,0.074744,0.013531
0.996556,0.210333,49.642999,0.05191,0.028475,0.997111,0.238222,22.143798,0.015379,0.087264,0.998778,0.218333,11.898327,0.0984,0.025961
0.993333,0.027667,16.735882,0.020205,0.014382,0.994111,0.150111,25.515262,0.012555,0.064937,0.998222,0.135222,18.366184,0.0445,0.041667
0.988667,0.008111,0.102676,0.008346,0.009953,0.980222,0.037222,0,0.0286,0.004875,0.993556,0.024,0,0.0252,0.004667
0.996778,0.212556,41.460922,0.057396,0.022039,0.997667,0.231,30.890748,0.084726,0.018182,0.998556,0.218556,0,0.1,0.027823
0.990111,0.007222,23.059949,0.032963,0.001006,0.993667,0.000333,65.181635,0.052049,0.000615,0.990222,0.000111,45.855654,0.033339,0.003288
0.992444,0.041556,18.312291,0.02194,0.017629,0.994111,0.110111,13.994995,0.014593,0.045778,0.998,0.11,14.181544,0.0911,0.017537
0.993667,0.231556,8.076992,0.097034,0.013376,0.994889,0.110889,17.125717,0.077147,0.005373,0.998889,0.185222,7.869443,0.0926,0.027654
0.992778,0.007111,45.266813,0.123696,0.000231,0.994333,0.006,61.356259,0.05001,0.003663,0.995889,0.050333,35.362116,0.0444,0.063453
0.995667,0.032667,35.736344,0.040702,0.000807,0.998222,0.093222,61.216423,0.048322,0.03073,0.997556,0.140333,20.094685,0.05866,0.031218
0.991889,0.000111,58.030052,0.047315,0.000905,0.993111,0.000111,61.356259,0.07042,0.000015,0.993556,0.022889,22.238228,0.051664,0.002949
0.99,0.001222,17.535282,0.026229,0.003761,0.993667,0,65.041799,0.056793,0.00036,0.992333,0.026444,39.20993,0.041873,0.003663
0.990444,0.005444,22.720928,0.034444,0.000506,0.989222,0.000444,52.604927,0.056411,0.00097,0.992333,0.028667,28.340172,0.078999,0.001953
0.981889,0.017,0,0.005399,0.024629,0.974333,0.020444,2.02389,0.017577,0.004879,0.989778,0.000778,0,0.0182,0.006307
0.992222,0.003778,43.168961,0.032391,0.006746,0.993333,0.001333,65.041799,0.052113,0.00065,0.992,0.022333,32.966233,0.026716,0.008645
0.992889,0.003111,50.322002,0.030237,0.006687,0.992667,0.040222,43.860487,0.027527,0.02937,0.995444,0.037222,25.196166,0.018416,0.016918
0.992778,0.112444,21.773503,0.017142,0.035364,0.995,0.145,0,0.0714,0.018752,0.998111,0.109778,13.264879,0.088159,0.017297
0.993889,0.002111,43.215262,0.039831,0.000122,0.993556,0,65.041799,0.078493,0,0.997444,0.126,42.499031,0.102359,0.011227
0.982333,0.019667,0,0.035725,0.001681,0.982,0.033556,3.503513,0.067074,0.00302,0.991667,0.012111,3.020309,0.0557,0.001775
0.994444,0.046778,43.363564,0.035369,0.010483,0.994889,0.129,13.511264,0.007349,0.069395,0.998,0.098444,11.739651,0.009535,0.054235
0.986,0.013667,0,0.053328,0.001345,0.986778,0.001,7.657817,0.055988,0.001888,0.992333,0.013333,16.924718,0.058835,0.00211
0.990556,0.029111,8.122299,0.019239,0.019536,0.989889,0.067333,0,0.0425,0.008493,0.996,0.047667,11.884003,0.0444,0.008471
0.993667,0.000111,45.736909,0.027677,0.00583,0.994778,0.000333,65.041799,0.055123,0.00056,0.997778,0.140111,35.86165,0.095167,0.013737
0.993889,0.115444,22.887412,0.041863,0.010487,0.995,0.138889,13.994995,0.070194,0.010217,0.998444,0.121,1.915286,0.1,0.019029
0.986667,0.000667,5.911113,0.02111,0.011314,0.99,0.000222,52.564226,0.037794,0.00713,0.990667,0.004222,49.308648,0.016898,0.01503
0.994556,0.072444,26.029439,0.057229,0.002379,0.993556,0.007111,61.356259,0.07912,0.000079,0.995556,0.089667,0,0.0953,0.013207
0.990667,0.001556,61.200747,0.057084,0.00025,0.992889,0,61.356259,0.07042,0,0.993778,0.019444,28.944408,0.045654,0.00278
0.990222,0.006111,28.258864,0.02346,0.005442,0.992333,0.010333,46.520388,0.047424,0.001091,0.995333,0.015667,70.108608,0.057232,0.00106
0.992889,0.087444,0,0.010589,0.034649,0.989222,0.063556,7.657817,0.03324,0.007351,0.997778,0.099556,0,0.0256,0.041182
0.986778,0.004333,0,0,0.013725,0.986,0.083556,8.209462,0.007263,0.050338,0.996889,0.082111,0,0,0.058844
0.995333,0.024778,40.496845,0.050975,0.00053,0.997333,0.180333,49.559506,0.065141,0.016522,0.997778,0.136333,1.510392,0.0909,0.0227
0.986778,0,12.643585,0.040216,0.002149,0.986556,0.012556,17.125717,0.056481,0.00161,0.992889,0.013222,0,0.0571,0.001987
0.982667,0.001889,0,0.038872,0.001551,0.983222,0.030556,7.657817,0.093543,0.001917,0.991667,0.015,0,0.07,0.001642
0.993111,0.003667,49.816578,0.029033,0.006876,0.994333,0.005333,61.216423,0.048269,0.005647,0.993333,0.030111,25.732156,0.040334,0.003671
0.992667,0.145778,3.949781,0.082332,0.010363,0.994667,0.119778,13.994995,0.07093,0.008163,0.998,0.11,11.104581,0.0911,0.017586
0.989667,0,5.860189,0.028763,0.00125,0.994,0.000222,61.356259,0.048483,0.00405,0.989889,0.000222,49.367959,0.032439,0.005264
0.993667,0.116889,19.479467,0.105686,0.002315,0.995,0.136778,15.856098,0.099742,0.008023,0.997778,0.099444,9.729894,0.0895,0.01603
0.994444,0.035,54.818163,0.068614,0.000663,0.996556,0.055778,46.721881,0.090465,0.001455,0.998,0.119222,10.34235,0.098237,0.014973
0.990333,0.041889,8.752489,0.048774,0.001416,0.990111,0.067333,0,0.0434,0.008463,0.997,0.047556,11.884003,0.0434,0.008912
0.992556,0,56.254373,0.031729,0.006558,0.992889,0.002889,61.356259,0.04928,0.001829,0.993222,0.027444,22.238228,0.043075,0.003386
0.993,0.074444,16.183826,0.022434,0.014651,0.994333,0.141778,21.938754,0.00506,0.07049,0.998222,0.135222,14.942399,0.0298,0.053524
0.988333,0.001111,0,0.029047,0.002131,0.982667,0.002778,5.135286,0.064719,0.001787,0.991444,0.014,0,0.0527,0.001542
0.989889,0.027889,7.33594,0.024449,0.011981,0.990667,0.064889,0,0.0411,0.00824,0.995333,0.036222,17.972444,0.038702,0.006137
0.984444,0.000778,0,0.00033,0.017052,0.973667,0.000111,0,0,0.021845,0.989556,0.000778,0,0.02,0.005456
0.989333,0.003556,32.565399,0.030931,0.002317,0.994111,0.000111,69.132512,0.058622,0.000223,0.995111,0.014,77.439721,0.057501,0.001806
0.993444,0.001222,46.633836,0.034525,0.005577,0.989778,0.000444,70.684913,0.04646,0.002787,0.991444,0.002111,37.36128,0.030163,0.002281
0.993889,0.046222,49.030843,0.032627,0.017437,0.995,0.145,0,0.073,0.018602,0.998111,0.109444,7.505464,0.042327,0.02606
0.992222,0,53.552562,0.074484,0.000174,0.994444,0,66.624247,0.07032,0.000691,0.991444,0.000111,34.842329,0.074482,0.000354
0.989,0,40.885822,0.026427,0.010127,0.988667,0.001667,43.860487,0.02772,0.01208,0.991,0.001333,34.680547,0.019315,0.004038
0.990444,0.024556,4.750567,0.037458,0.001329,0.990556,0.060222,8.209462,0.076246,0.004626,0.996444,0.061,0,0.0986,0.008654
0.989444,0.001444,20.872651,0.039114,0.00078,0.991222,0,49.566307,0.043404,0.001148,0.990667,0.014222,29.401483,0.072937,0.001177
0.994222,0.086111,16.259602,0.014011,0.029831,0.994667,0.164889,8.209462,0.101703,0.01361,0.998333,0.135222,0,0.0989,0.021286
0.992333,0.014333,48.912113,0.057207,0.000565,0.990778,0.064556,5.135286,0.091087,0.005163,0.996556,0.054333,10.566892,0.0749,0.007075
0.992889,0.074,20.358059,0.043071,0.002885,0.994778,0.127556,14.894101,0.069672,0.00843,0.998,0.109889,1.862216,0.1,0.017098
0.996111,0.071,88.891009,0.044056,0.02766,0.999111,0.084111,65.041799,0.049893,0.030075,0.998,0.174111,17.723045,0.079159,0.021899
0.994111,0.231889,0,0.028498,0.054469,0.994333,0.135556,0,0.0712,0.015634,0.997222,0.081556,0,0.0746,0.013375
0.992556,0.049444,19.169132,0.083466,0.000795,0.993556,0.101444,14.894101,0.013262,0.046271,0.997,0.081889,3.99069,0.0702,0.014673
0.996222,0.033444,51.550371,0.03829,0.003638,0.997222,0.093333,61.216423,0.062792,0.006726,0.998222,0.152556,28.104922,0.088384,0.019331
0.993556,0.133,21.222888,0.012517,0.043574,0.994333,0.135556,0,0.061,0.017262,0.997,0.074,13.264879,0.029509,0.0188
0.988667,0,20.748403,0.037781,0.0009,0.993444,0.000778,65.041799,0.054073,0.000541,0.990222,0.010556,28.283099,0.033092,0.002251
0.995889,0.016778,38.657321,0.092601,0.000269,0.998556,0.090667,61.356259,0.104813,0.001832,0.997889,0.154222,15.451345,0.100046,0.022014
0.992778,0.003111,50.153508,0.039603,0.000707,0.994444,0.039444,46.527189,0.052743,0.001769,0.994889,0.042444,25.725432,0.036004,0.005977
0.99,0.000111,20.322182,0.036759,0.000467,0.989556,0.000667,52.604927,0.057211,0.000945,0.992889,0.025444,38.270793,0.085369,0.002231
0.991556,0.000444,55.947782,0.047544,0.000848,0.989556,0.000444,52.604927,0.058011,0.000953,0.994222,0.021333,22.238228,0.049852,0.002653
0.993444,0.007444,49.152122,0.042855,0.000213,0.993111,0,61.356259,0.06062,0.000015,0.997222,0.124889,28.104922,0.095985,0.013071
0.992444,0.000111,56.714478,0.044876,0.000814,0.993333,0.000222,65.041799,0.067693,0,0.993333,0.022111,24.386195,0.105267,0.001891
0.988333,0.010889,0,0.015875,0.005036,0.979778,0.033,0,0.0394,0.0042,0.992222,0.016444,0,0.035,0.002254
0.989556,0,38.108329,0.052992,0.000606,0.991444,0.000667,46.527189,0.076775,0.000746,0.995444,0.015556,64.867729,0.104454,0.000461
0.991889,0.059778,19.644411,0.113343,0.00073,0.995222,0.112444,17.125717,0.079125,0.005226,0.998333,0.135222,7.869443,0.0973,0.022092
0.994444,0.043333,88.242475,0.111094,0.014054,0.995222,0.007222,61.216423,0.078129,0.000057,0.996333,0.035333,18.625644,0.101084,0.025217
0.994333,0.023444,45.639405,0.071086,0.011133,0.996111,0.011667,61.216423,0.055772,0.001936,0.996,0.064111,35.362116,0.095036,0.018754
0.992889,0.065222,17.358491,0.203576,0.001004,0.994111,0.064222,4.434625,0.0953,0.10384,0.997222,0.072111,3.468444,0.079527,0.011342
0.995111,0.024111,51.503121,0.034546,0.009856,0.995,0.042778,46.520388,0.069836,0.001572,0.996444,0.080222,27.399302,0.07682,0.009251
0.988556,0,32.809066,0.044265,0.001959,0.993222,0,66.624247,0.049603,0.001363,0.995667,0.014333,68.177687,0.077844,0.003113
0.992222,0.046222,17.505505,0.183007,0.00089,0.995,0.090778,12.142908,0.048078,0.15258,0.997778,0.088778,11.703926,0.046649,0.01845
0.993,0.041778,28.341783,0.023193,0.023107,0.996,0.123889,25.247954,0.024535,0.044956,0.996889,0.079889,3.083971,0.0273,0.030743
0.992667,0.063778,17.397795,0.171761,0.001723,0.994778,0.107889,8.767905,0.044659,0.166357,0.998,0.088778,0.396513,0.0445,0.018707
0.993333,0,45.60671,0.033053,0.00362,0.995,0.042556,46.527189,0.07274,0.001544,0.996444,0.082222,26.9827,0.076563,0.009466
0.992111,0.001667,57.833759,0.054734,0.000223,0.993667,0.000111,65.181635,0.064409,0.000026,0.989889,0.000222,22.334451,0.052133,0.000809
0.995333,0.024222,47.510246,0.033079,0.009481,0.995,0.037444,49.566307,0.103968,0.001243,0.996333,0.083444,27.078923,0.073356,0.009681
0.996222,0.031889,59.534477,0.126886,0.000363,0.995111,0.129333,63.233671,0.116479,0.002805,0.998,0.134111,33.055699,0.100858,0.01286
0.996889,0.209889,45.244944,0.083445,0.011228,0.997333,0.238333,22.143798,0.107459,0.012949,0.998889,0.218556,0,0.1,0.027114
0.993333,0.234444,0,0.002937,0.074641,0.990222,0.085889,4.1205,0.003654,0.054298,0.997778,0.099556,0,0.00513,0.059933
0.997111,0.212333,51.62386,0.026338,0.051133,0.997222,0.236222,25.247954,0.031029,0.065174,0.998778,0.217667,0,0.0337,0.070069
0.978778,0.000222,0,0.005702,0.02734,0.978889,0.036,0,0.0199,0.007415,0.99,0.000778,0,0.0199,0.004387
0.978222,0.015889,0,0.037737,0.002295,0.977778,0.009889,3.478131,0.066211,0.001627,0.99,0.006778,0,0.0576,0.000795
0.993333,0.205333,9.826886,0.006836,0.063904,0.994333,0.106222,14.894101,0.017095,0.04004,0.998778,0.218556,0,0.048,0.065014
0.978222,0,0,0.049224,0.001696,0.973889,0.000333,0,0.0783,0.00115,0.989778,0.001667,0,0.0626,0.000653
0.996,0.052556,49.902461,0.059732,0.000642,0.997556,0.062778,61.356259,0.073914,0.000804,0.997444,0.139333,15.909791,0.091832,0.017975
0.976556,0,0,0.046395,0.001792,0.973667,0.000111,2.02389,0.046377,0.002275,0.989667,0.000778,0,0.0424,0.000754
0.988333,0.022556,0,0.033707,0.002304,0.987778,0.039111,4.762685,0.059932,0.003403,0.992111,0.015667,0,0.0386,0.002132
0.990333,0,60.72631,0.083133,0.000262,0.992778,0.000222,61.356259,0.07092,0,0.994444,0.014778,32.968151,0.080185,0.003309
0.986,0,0,0.030931,0.001756,0.979667,0.001444,0,0.0687,0.001716,0.989889,0.002444,0,0.0508,0.000698
0.997222,0.209889,56.127866,0.026856,0.050321,0.997222,0.232889,26.872166,0.095025,0.01157,0.998778,0.217556,0,0.0726,0.042658
0.995,0.021,47.100843,0.033012,0.013807,0.994889,0.079222,40.011411,0.028848,0.03876,0.998444,0.118889,9.71741,0.0743,0.017864
0.994444,0.229222,19.228591,0.006902,0.066721,0.994778,0.133444,0,0.0676,0.016114,0.998889,0.218556,0,0.0548,0.056487
0.994222,0.01,46.766621,0.030287,0.00889,0.995444,0.148444,25.247954,0.084827,0.005721,0.998222,0.134444,8.517464,0.1,0.019465
0.984111,0.021778,0,0.003966,0.023747,0.976778,0.032889,0,0.00263,0.030698,0.992889,0.019556,0,0,0.026392
0.994111,0.020444,42.497684,0.061933,0.000541,0.991111,0.083222,8.209462,0.095264,0.005901,0.996222,0.051667,11.170728,0.093762,0.006601
0.992556,0.086,19.605313,0.025154,0.016075,0.995111,0.090333,26.872166,0.022524,0.040603,0.998111,0.135222,16.507399,0.066037,0.027655
0.992889,0.059,16.872476,0.086138,0.000796,0.994222,0.118444,14.894101,0.085852,0.00699,0.997556,0.090444,0,0.0977,0.01432
0.994667,0.020556,47.083279,0.030397,0.007976,0.994889,0.050667,67.096847,0.042932,0.024838,0.996222,0.078889,32.176896,0.049932,0.011015
0.995667,0.021222,38.545304,0.034332,0.00122,0.996667,0.179889,49.566307,0.082852,0.006928,0.998333,0.218556,11.585344,0.0946,0.029617
0.994444,0.229222,26.715929,0.00869,0.066789,0.994778,0.133444,0,0.0676,0.016104,0.998889,0.218556,0,0.0548,0.05437
0.99,0.011778,17.537328,0.137074,0.00076,0.990667,0.03,8.209462,0.091176,0.030241,0.995889,0.043,0,0.078,0.006499
0.989778,0.009778,17.809595,0.110305,0.000378,0.992444,0.036889,17.125717,0.109577,0.012416,0.995444,0.043444,0,0.0648,0.007999
0.991889,0.022556,21.668739,0.051533,0.000747,0.989667,0.058111,7.657817,0.084347,0.003936,0.996111,0.051889,0,0.0926,0.007456
0.994667,0.079111,16.834509,0.013671,0.029058,0.996667,0.049111,52.564226,0.063009,0.001727,0.997667,0.137778,21.66407,0.093453,0.022332
0.979111,0.019222,0,0.026211,0.002099,0.974222,0.019222,0,0.0442,0.002145,0.989778,0.000778,0,0.0266,0.000943
0.990444,0.036667,8.07514,0.030899,0.002253,0.989889,0.072222,0,0.067,0.007895,0.996556,0.051778,0,0.0259,0.014833
0.989556,0.001,18.974651,0.047209,0.000653,0.990444,0.008444,52.564226,0.059394,0.001049,0.989444,0.002556,30.606098,0.063323,0.000731
0.987222,0.017111,0,0.025097,0.014322,0.985889,0.016111,4.1205,0.036389,0.003065,0.992667,0.019556,0.516052,0.0338,0.002675
0.976778,0.001111,0,0.037067,0.002501,0.976889,0.000111,1.760172,0.077647,0.001178,0.989889,0.000667,0,0.056,0.00072
0.973667,0.028222,0,0.005409,0.042732,0.98,0.038333,0,0.0198,0.008509,0.99,0.002111,0,0.0195,0.004862
0.988333,0.014111,0,0.000427,0.018076,0.984889,0.060444,4.434625,0.001291,0.048042,0.994667,0.030333,0,0,0.030724
0.995444,0.059889,41.566422,0.088236,0.000967,0.994889,0.184667,9.277065,0.102585,0.015455,0.998111,0.109556,3.046453,0.0977,0.015556
0.987444,0.006667,18.943148,0.034473,0.002679,0.987444,0.004222,63.233671,0.048652,0.001402,0.992,0.007889,28.186876,0.037452,0.0021
0.993778,0.033333,45.976818,0.041603,0.002845,0.995111,0.153333,7.657817,0.103604,0.012008,0.997778,0.072889,0,0.0934,0.010744
0.995778,0.032,48.942548,0.120142,0.000226,0.995111,0.129333,63.233671,0.116479,0.002806,0.998111,0.135,44.249925,0.101639,0.013667
0.994111,0.011,45.7976,0.043696,0.000635,0.994,0.037889,63.233671,0.085125,0.001054,0.997111,0.082222,34.167559,0.052184,0.011425
0.996111,0.087333,38.036746,0.026912,0.0257,0.997667,0.206556,43.860487,0.049793,0.036564,0.998222,0.150444,15.443531,0.055944,0.036452
0.987222,0.004,19.135072,0.036478,0.002623,0.989889,0.006444,67.096847,0.043287,0.007264,0.992222,0.007556,28.283099,0.028553,0.004303
0.993,0.056333,20.723248,0.025048,0.009864,0.994889,0.099556,26.872166,0.022163,0.045492,0.998111,0.135222,15.441706,0.0654,0.028413
0.992556,0.095778,7.822711,0.030075,0.017261,0.994889,0.139111,13.994995,0.009254,0.070687,0.998222,0.121,13.260985,0.0379,0.039871
0.989889,0.000222,21.055097,0.028596,0.002736,0.989444,0.000778,55.950588,0.055909,0.000991,0.989556,0.001667,32.372943,0.02306,0.00606
0.991556,0.048222,17.863944,0.017373,0.022297,0.991778,0.000667,46.520388,0.035687,0.004164,0.995444,0.057778,31.879679,0.062579,0.006989
0.989889,0.005,18.536437,0.022771,0.007942,0.992778,0.000111,61.216423,0.048047,0.001615,0.989333,0.000333,35.101781,0.040999,0.001538
0.996111,0.025333,45.713497,0.063367,0.000572,0.994556,0.044,67.096847,0.073478,0.002103,0.996222,0.075556,28.6552,0.08923,0.007844
0.994,0.073667,15.892139,0.015095,0.027141,0.994889,0.161222,26.812611,0.016155,0.064405,0.998889,0.185222,0,0.0282,0.077989
0.995667,0.026333,77.477866,0.040956,0.018286,0.997222,0.019111,65.041799,0.051353,0.01411,0.997778,0.142333,17.757543,0.087171,0.015979
0.978778,0.000222,0,0.037286,0.002267,0.979778,0.021222,4.762685,0.069732,0.001907,0.990111,0.008333,3.654733,0.047072,0.001277
0.991,0.025222,23.323739,0.018157,0.01946,0.992111,0.015,46.527189,0.032476,0.016584,0.993444,0.044667,18.664861,0.064911,0.005587
0.995222,0.058,45.002367,0.035423,0.008875,0.993889,0.102111,17.125717,0.016005,0.04771,0.998444,0.150778,0.899308,0.0304,0.05883
0.993444,0.124667,7.44193,0.062485,0.009958,0.995111,0.162667,13.994995,0.098609,0.010955,0.998333,0.135222,7.716373,0.0945,0.02215
0.992556,0.059667,16.823285,0.037992,0.001836,0.994222,0.119667,13.994995,0.085632,0.007348,0.998222,0.135222,0,0.0991,0.021804
0.993889,0.014222,49.813494,0.036753,0.006184,0.995889,0.050556,63.233671,0.058515,0.002916,0.997,0.080667,28.104922,0.055519,0.010927
0.996222,0.088,90.61813,0.04071,0.031371,0.997222,0.056333,65.041799,0.055157,0.011431,0.998111,0.141667,7.185584,0.0852,0.017382
0.988556,0.011,0,0.009711,0.011804,0.979333,0.033,0,0.0245,0.004717,0.992111,0.016111,0,0.0283,0.002109
0.991889,0.000778,63.435224,0.051573,0.000143,0.992,0.000333,70.684913,0.069377,0.000675,0.990778,0.000444,32.721283,0.040446,0.000463
0.996,0.048333,50.607266,0.029864,0.01744,0.998444,0.051222,61.216423,0.047796,0.024113,0.998333,0.218333,25.725432,0.072453,0.037753
0.988778,0.012556,0,0.02263,0.010161,0.987444,0.016333,22.143798,0.013592,0.02508,0.993444,0.022778,0,0.0343,0.004392
0.997111,0.058889,82.782236,0.07775,0.000987,0.997222,0.056333,65.041799,0.076048,0.000786,0.997556,0.124889,4.714486,0.0923,0.014283
0.989667,0.001,23.051792,0.027658,0.007959,0.989778,0.001889,52.604927,0.059211,0.000934,0.989667,0.000222,28.892678,0.064242,0.000759
0.994556,0.028667,49.503606,0.141708,0.000668,0.997222,0.040222,61.356259,0.063573,0.00122,0.997222,0.072111,28.6552,0.047996,0.085758
0.988667,0.005111,0,0.019688,0.009893,0.984,0.007333,17.125717,0.017234,0.01115,0.989889,0.005222,33.903236,0.013203,0.012065
0.990556,0.038778,7.32423,0.126288,0.010853,0.991,0.030111,4.762685,0.010314,0.11595,0.996333,0.055667,0,0.0779,0.00878
0.994444,0.001,47.390491,0.060063,0.000058,0.995556,0.064222,70.684913,0.139205,0.001053,0.996444,0.082111,37.36128,0.101527,0.007164
0.992889,0.006444,32.033879,0.065119,0.000132,0.996889,0.071889,66.624247,0.118794,0.001323,0.996556,0.103222,55.684831,0.105244,0.008858
0.994333,0.033667,43.776678,0.03812,0.008856,0.994667,0.090111,26.872166,0.056014,0.002833,0.998,0.135,0,0.0887,0.021926
0.994778,0.005222,46.999953,0.027063,0.006458,0.997111,0.018778,65.181635,0.090466,0.0001,0.997889,0.185556,39.406546,0.096484,0.017279
0.993778,0.009,47.283682,0.03919,0.001479,0.994889,0.032222,67.096847,0.094879,0.001084,0.997778,0.121222,38.76695,0.091302,0.011887
0.993222,0.060667,44.805516,0.09441,0.000457,0.994667,0.110111,13.511264,0.106135,0.00538,0.998222,0.109778,7.847305,0.0904,0.016356
0.997444,0.209889,42.09443,0.014319,0.058184,0.996889,0.226667,32.871031,0.018514,0.08408,0.998667,0.218556,12.439857,0.0405,0.07099
0.993333,0.027,43.851136,0.062136,0.000712,0.994778,0.110111,13.511264,0.089332,0.006082,0.997556,0.09,0.713042,0.1,0.013073
0.996889,0.180889,36.410018,0.017415,0.048374,0.997556,0.162778,46.721881,0.028382,0.059262,0.998333,0.150778,14.445815,0.05785,0.038693
0.987444,0.003889,0,0.003207,0.011488,0.974222,0.011556,4.434625,0.007335,0.014483,0.991667,0.015,0,0.00252,0.01984
0.992333,0.087889,3.949781,0.079532,0.003313,0.995222,0.167333,8.938883,0.092592,0.015012,0.997778,0.099444,0,0.0944,0.015343
0.993556,0.117333,17.455908,0.027622,0.025284,0.996444,0.185556,2.561186,0.0897,0.026162,0.998444,0.135111,11.884003,0.0647,0.02555
0.989222,0.003889,20.550885,0.030867,0.001831,0.988667,0.004,66.624247,0.05817,0.000842,0.991444,0.008778,31.975902,0.039928,0.001836
0.990889,0.019111,46.915496,0.116773,0.008907,0.991333,0.033,1.692754,0.0753,0.027903,0.996,0.033,23.243538,0.088306,0.002667
0.994,0.034111,45.384533,0.035497,0.017418,0.994222,0.108778,14.381181,0.019154,0.038834,0.997889,0.089556,5.783313,0.0538,0.01599
0.995333,0.030667,88.222717,0.066456,0.000787,0.993333,0,65.181635,0.063009,0,0.996667,0.065889,0.988072,0.0961,0.007158
0.990222,0.000222,19.574078,0.04075,0.000604,0.989333,0.001444,52.564226,0.062594,0.000948,0.989444,0.001111,32.99853,0.092103,0.000522
0.989556,0.001444,22.598291,0.0483,0.000606,0.989778,0.001889,52.604927,0.059411,0.000933,0.989667,0.002556,32.046511,0.065585,0.000731
0.989444,0.001444,18.886051,0.045626,0.000618,0.994333,0.000556,55.991289,0.060909,0.000906,0.989222,0.000667,27.422257,0.103218,0.000428
0.990778,0.026444,25.692997,0.044009,0.001108,0.992222,0.057,16.080133,0.060752,0.003194,0.996111,0.051444,8.508465,0.10013,0.006468
0.992889,0.059111,16.296673,0.04658,0.001202,0.995556,0.185556,0,0.0885,0.023794,0.997778,0.099444,0,0.0216,0.043113
0.988778,0.005889,0,0.021589,0.010116,0.989222,0.000111,32.871031,0.032074,0.002894,0.990556,0.002111,51.43693,0.018219,0.00686
0.990778,0,8.959415,0.055526,0.000421,0.992889,0.000111,61.216423,0.052939,0.000542,0.986,0.001111,11.6368,0.060345,0.000911
0.991556,0.039222,7.350807,0.024638,0.007779,0.989333,0.067222,0,0.000873,0.050747,0.997111,0.056222,1.51067,0.0247,0.018156
0.988556,0.018556,0,0.003079,0.020296,0.985333,0.068,0,0.00124,0.049866,0.997111,0.056333,0,0.000666,0.04581
0.995,0.013667,48.114232,0.035848,0.005764,0.996333,0.043667,67.096847,0.060675,0.002895,0.997111,0.082111,36.45653,0.056829,0.01018
0.989778,0,19.011632,0.041237,0.000625,0.989778,0.002444,55.991289,0.053521,0.00099,0.989333,0.000667,27.422257,0.076266,0.000783
0.983111,0,0,0.008975,0.006556,0.974667,0.019778,4.762685,0.005012,0.021098,0.989444,0.002,0,0.02,0.00535
0.971889,0.031111,0,0.006085,0.046001,0.977667,0.031111,0,0,0.0326,0.990222,0.008444,0,0.0175,0.006805
0.992444,0.020889,0,0.001465,0.018365,0.984778,0.060667,3.503513,0.001737,0.047392,0.997667,0.099667,0,0.000833,0.065679
0.989667,0,62.868674,0.05724,0.007061,0.992889,0,61.216423,0.060629,0,0.994444,0,56.836807,0.099646,0.002882
0.985556,0.002444,0,0.031186,0.001773,0.979667,0.021778,0,0.0681,0.002114,0.99,0.005667,0,0.0567,0.000747
0.990889,0,25.801712,0.032265,0.000516,0.993222,0,61.356259,0.06792,0.000007,0.995,0.015889,81.845773,0.068728,0.001047
0.980889,0.000444,0,0.023005,0.002111,0.977444,0.032778,1.836359,0.0342,0.004274,0.991,0.011556,3.352245,0.029462,0.001432
0.989889,0,65.83424,0.060468,0.006148,0.989111,0.002556,52.564226,0.056594,0.000989,0.994667,0.004667,47.001502,0.064414,0.003673
0.989333,0.008111,0,0.014737,0.005152,0.983111,0.040778,0,0.0321,0.005074,0.992222,0.016333,1.51067,0.0268,0.002231
0.994889,0.230889,0,0.014504,0.066501,0.994778,0.162778,23.052726,0.00786,0.079092,0.998778,0.218556,1.676555,0.0336,0.078916
0.985444,0,0,0.029712,0.011851,0.985333,0.002222,0.629355,0.0781,0.001575,0.990333,0.001889,17.972444,0.066963,0.000667
0.988778,0.043222,0,0.002252,0.030242,0.986111,0.075778,4.434625,0.001815,0.0537,0.996778,0.067667,0,0.000585,0.050383
0.985,0,0,0.044834,0.001663,0.985889,0.001,4.762685,0.095932,0.001241,0.990667,0.001778,15.851492,0.042757,0.001172
0.979889,0.000222,16.949877,0.052588,0.001533,0.987889,0.000667,7.657817,0.100838,0.000994,0.991889,0.015556,0,0.0872,0.001357
0.993889,0.126667,0,0.016741,0.039713,0.994778,0.162444,25.515262,0.017848,0.061508,0.998778,0.218556,16.531901,0.0268,0.084536
0.990556,0.009222,23.475385,0.017148,0.010618,0.994111,0.018667,55.950588,0.040788,0.018551,0.995333,0.060111,0,0.0527,0.009741
0.992778,0.051,19.41409,0.02656,0.007411,0.988667,0.001778,37.554081,0.03978,0.001963,0.993,0.028444,7.890707,0.071339,0.003258
0.994778,0.014222,81.212865,0.047036,0.007469,0.997111,0.028889,65.181635,0.07492,0.000138,0.998111,0.142333,0,0.0873,0.0175
0.989889,0,21.962928,0.027921,0.000686,0.987778,0,46.520388,0.041574,0.001033,0.987778,0.000889,22.085479,0.054815,0.000606
0.988,0,2.846055,0.026823,0.004363,0.982,0.000556,0,0.0656,0.001907,0.99,0.002111,15.242004,0.041198,0.000756
0.990333,0.004556,90.447002,0.079702,0.000326,0.990556,0.008222,49.566307,0.075947,0.000826,0.995111,0.012111,8.865949,0.075149,0.001425
0.989889,0.008222,0,0.009929,0.009438,0.983111,0.038333,7.657817,0.030233,0.004192,0.993333,0.023111,1.802003,0.0258,0.004189
0.994778,0.025889,49.773621,0.048252,0.000598,0.994556,0.031667,46.721881,0.056852,0.001466,0.997667,0.121333,1.6128,0.0803,0.020157
0.987889,0,57.623836,0.053828,0.009052,0.987667,0.001,1.899534,0.04458,0.002392,0.991556,0.001556,4.697466,0.095513,0.000357
0.994111,0.231333,3.719934,0.005697,0.070779,0.994889,0.094444,25.247954,0.019318,0.047581,0.998222,0.135222,13.467494,0.0583,0.032679
0.995778,0.046667,91.675578,0.049231,0.020091,0.993444,0,65.181635,0.050309,0.001585,0.996222,0.064444,0.811424,0.0894,0.007422
0.975778,0.002556,0,0.038157,0.002518,0.978778,0.000778,7.657817,0.059943,0.001413,0.989667,0.001667,0,0.0682,0.00091
0.984222,0.008556,0,0.025007,0.001834,0.979889,0.033,0,0.0482,0.003934,0.992444,0.017,0,0.04,0.002177
0.992111,0.035111,83.960546,0.094716,0.001011,0.994333,0.009444,61.216423,0.051399,0.004921,0.997444,0.031111,45.13671,0.048834,0.0179
0.993111,0.011889,55.947782,0.05428,0.000502,0.996556,0.008222,61.216423,0.069029,0.000082,0.993333,0.022667,22.238228,0.058799,0.002575
0.989667,0.003556,59.847764,0.071462,0.000337,0.995444,0.009444,65.041799,0.083792,0.000087,0.993333,0.013222,30.109434,0.090894,0.004292
0.976667,0,0,0.023864,0.002302,0.973667,0.002556,0.337725,0.0261,0.002688,0.989667,0.001556,0,0.0263,0.001298
0.994667,0.011333,50.073184,0.030397,0.011114,0.994333,0.089889,43.860487,0.109759,0.001488,0.998333,0.118778,9.103445,0.098437,0.01599
0.988222,0.116,0,0.003616,0.052012,0.982667,0.042222,0,0.0198,0.010164,0.990222,0.008667,0,0.0194,0.005219
0.995222,0.027,43.983812,0.027656,0.015913,0.996889,0.074111,49.559506,0.036552,0.028823,0.997667,0.113444,4.541598,0.0556,0.024358
0.988222,0,57.099106,0.119687,0.000354,0.995333,0,61.216423,0.123813,0,0.995222,0.000111,42.323143,0.101442,0.015498
0.993444,0.073,0,0.002018,0.031442,0.989222,0.135778,0,0,0.075552,0.998556,0.121,0,0.00091,0.075182
0.989,0,0.885078,0.018374,0.00904,0.990667,0.002,40.011411,0.027599,0.015347,0.992667,0.020222,47.554967,0.017795,0.023502
0.995,0.022111,90.051536,0.053932,0.004074,0.995333,0.012111,65.041799,0.065486,0.000742,0.996778,0.064333,3.104447,0.0702,0.00892
0.996,0.229667,0,0.092215,0.017276,0.995889,0.056444,46.527189,0.074487,0.001733,0.998556,0.218556,16.507399,0.0992,0.029332
0.987778,0.001556,0,0.025494,0.010342,0.989667,0.000111,26.872166,0.022072,0.011611,0.991222,0.001222,57.45717,0.023077,0.003215
0.989,0.000556,65.239691,0.056926,0.006864,0.995222,0.010444,61.356259,0.081913,0.000088,0.993778,0.012556,37.57164,0.037238,0.006205
0.988889,0.003889,0,0.009762,0.00945,0.985556,0.052111,5.135286,0.030227,0.005824,0.994667,0.030333,0,0.0267,0.00571
0.985444,0.001556,22.085918,0.039558,0.007323,0.986222,0.004222,8.209462,0.037578,0.002385,0.990778,0.003,10.795714,0.027264,0.00166
0.987889,0.005111,0,0.02474,0.002793,0.980111,0.011,0,0.0566,0.002104,0.991222,0.011889,0,0.0573,0.001202
0.993556,0.014667,52.06253,0.039583,0.001022,0.994,0.006778,65.041799,0.055613,0.002104,0.993667,0.049889,0,0.0669,0.007705
0.997333,0.111,45.260084,0.033909,0.017588,0.996667,0.041,55.991289,0.066418,0.001754,0.998111,0.151333,20.888734,0.096209,0.019332
0.989778,0,16.177949,0.041894,0.000622,0.991111,0.007,46.527189,0.06145,0.000882,0.990444,0.009778,23.200468,0.085209,0.000995
0.990333,0.107222,0,0.007821,0.039502,0.983,0.043333,0,0.0193,0.011271,0.997,0.074556,2.194932,0.0196,0.031611
0.994667,0.043667,87.209649,0.055868,0.021106,0.994333,0.007111,65.041799,0.051563,0.006056,0.996667,0.048,0,0.0821,0.008289
0.988222,0.010556,8.154254,0.029251,0.006476,0.992111,0.000222,49.566307,0.039593,0.002715,0.989778,0.013444,25.879641,0.064783,0.00175
0.992667,0.040667,18.042189,0.019135,0.021906,0.993333,0.099667,14.894101,0.012153,0.047753,0.998778,0.185222,0,0.0604,0.049844
0.988667,0,58.470858,0.119351,0.000311,0.993667,0.005333,61.216423,0.147229,0,0.995111,0.000111,44.694253,0.103201,0.015199
0.986222,0.092333,0,0.004169,0.046619,0.980667,0.038333,0,0.0185,0.009985,0.99,0.002,0,0.0198,0.004074
0.989111,0,8.948569,0.030217,0.003047,0.982667,0.000556,4.762685,0.025232,0.002786,0.989667,0.006333,18.24003,0.03684,0.000953
0.985444,0,0,0.039523,0.001955,0.985333,0.001222,0.330709,0.0782,0.001573,0.990333,0.001889,17.972444,0.054763,0.000726
0.994222,0.054778,46.151989,0.034623,0.00655,0.993,0.000111,61.356259,0.06492,0.000004,0.996667,0.082333,13.644831,0.06826,0.010511
0.995778,0.019222,48.329524,0.053322,0.000608,0.997667,0.127111,61.216423,0.146921,0.001453,0.997778,0.139444,6.937553,0.1,0.021814
0.993222,0.098556,0,0.024893,0.020241,0.994778,0.149556,13.994995,0.008225,0.075544,0.998333,0.135222,14.189358,0.019,0.067968
0.990556,0.003444,23.285881,0.06145,0.000126,0.987889,0.004556,49.566307,0.046199,0.001007,0.987111,0.006222,23.617891,0.066997,0.00046
0.993111,0.050333,18.287785,0.026716,0.008368,0.993111,0.004444,61.356259,0.05424,0.000641,0.996667,0.089222,23.142522,0.069113,0.012827
0.992667,0.000111,52.347357,0.031614,0.006659,0.992333,0.012333,52.564226,0.037814,0.014457,0.995,0.042778,25.821655,0.008901,0.031625
0.994889,0.016778,83.086576,0.049653,0.006054,0.993,0,61.356259,0.05902,0.000012,0.996667,0.065889,0,0.0978,0.007308
0.992,0.036,85.462473,0.10135,0.000931,0.994222,0.009444,61.356259,0.09052,0.00006,0.997444,0.029111,47.27309,0.100724,0.010748
0.982222,0,0,0.01941,0.019128,0.983111,0.002111,14.894101,0.006763,0.023825,0.990111,0.007667,24.29443,0.00651,0.014266
0.994333,0.204222,8.965637,0.073018,0.01789,0.994667,0.185667,0.330709,0.0966,0.022241,0.998556,0.120889,0,0.0965,0.018074
0.989222,0.000111,47.504869,0.043967,0.008651,0.989111,0.002556,52.604927,0.056611,0.000999,0.996,0.002778,80.234672,0.08101,0.00294
0.979,0.044778,0,0.00263,0.044095,0.982333,0.050111,0,0.00586,0.03025,0.995222,0.033556,0,0.00171,0.03106
0.989778,0,63.476649,0.067118,0.000821,0.993333,0,65.041799,0.062893,0,0.994333,0,54.596022,0.098218,0.003018
0.988667,0.001111,11.073404,0.031511,0.000766,0.990667,0.001889,46.721881,0.046428,0.000924,0.991889,0.027889,17.349751,0.066746,0.002362
0.993778,0.126222,0,0.020728,0.028593,0.994667,0.185444,0,0.0105,0.081036,0.998667,0.150778,6.593448,0.0884,0.023756
0.995444,0.031889,41.459848,0.043309,0.000835,0.996667,0.072667,46.520388,0.078197,0.001764,0.998333,0.218556,9.135659,0.092,0.031104
0.993222,0.000111,49.681482,0.042254,0.005933,0.997222,0.056444,65.041799,0.05379,0.015779,0.996556,0.087222,11.883528,0.045394,0.021948
0.990222,0.000111,19.626645,0.099327,0.000397,0.987667,0,46.520388,0.0514,0.000978,0.988889,0.000667,20.446228,0.09625,0.000401
0.993556,0.043222,102.477803,0.059995,0.023522,0.994333,0.007111,65.041799,0.051563,0.006056,0.997,0.042889,0,0.0821,0.00815
0.993889,0.043333,100.440699,0.058994,0.023463,0.993778,0.007889,61.356259,0.04949,0.006918,0.997111,0.042667,0,0.0821,0.008103
0.987667,0,0,0.026937,0.001429,0.977444,0.000111,3.273975,0.054993,0.001978,0.989667,0.000889,0,0.0401,0.000797
0.988889,0.005667,0,0.00788,0.008948,0.978,0.033,0,0.0278,0.004654,0.99,0.005222,0,0.0261,0.000845
0.987889,0.013778,0,0.026835,0.008112,0.986444,0.027778,8.209462,0.028578,0.003586,0.993333,0.023222,0,0.0479,0.003287
0.993667,0.058889,52.945981,0.031283,0.023677,0.995444,0.063111,40.011411,0.026404,0.040525,0.998111,0.120111,12.895925,0.052843,0.025853
0.996333,0.058889,45.081453,0.024319,0.022303,0.996333,0.179444,40.011411,0.025462,0.068144,0.998222,0.134222,11.797151,0.051251,0.033975
0.992667,0.020333,85.258137,0.187064,0.000617,0.992889,0,61.216423,0.074729,0,0.996111,0.033111,16.041502,0.0835,0.069473
0.978667,0,0,0.043324,0.001826,0.981222,0.000111,4.434625,0.090905,0.001134,0.989778,0.001667,0,0.0852,0.000737
0.989,0.025,0,0.016189,0.019545,0.987111,0.034444,16.080133,0.010944,0.034496,0.994333,0.030333,16.734528,0.021571,0.010949
0.992444,0.019444,88.838589,0.155849,0.000762,0.993333,0,65.181635,0.077009,0,0.996111,0.035111,1.919669,0.0817,0.049353
0.988111,0.116889,0,0.003954,0.052185,0.981444,0.039,0,0.0198,0.0085,0.991778,0.015556,0,0.0194,0.006625
0.991,0.000111,25.409432,0.019359,0.006957,0.993,0.000333,61.216423,0.053549,0.000546,0.995222,0.013556,86.637421,0.040781,0.019986
0.996556,0.038778,46.154022,0.04741,0.018568,0.997667,0.084333,65.041799,0.106339,0.001847,0.996667,0.087556,8.421056,0.0924,0.020493
0.990444,0.011667,57.176405,0.069903,0.00048,0.994667,0.010556,61.356259,0.081713,0.000072,0.993111,0.014333,28.270944,0.032382,0.008009
0.994556,0.230444,0,0.085587,0.018404,0.994889,0.185111,9.205222,0.100435,0.016434,0.998556,0.120889,0,0.0919,0.018837
0.994222,0.049111,25.52438,0.012636,0.024777,0.993,0.214667,21.938754,0.00379,0.091656,0.998444,0.120111,1.582029,0.0239,0.051106
0.994889,0.143,0,0.016347,0.037731,0.994444,0.184667,4.762685,0.091516,0.019609,0.998444,0.150778,13.478123,0.0786,0.026751
0.995444,0.023778,47.926397,0.099091,0.000374,0.997222,0.088222,49.559506,0.093799,0.002307,0.997444,0.122667,16.927435,0.098007,0.014777
0.994222,0.097889,0,0.00925,0.03759,0.994556,0.149556,13.994995,0.01601,0.061086,0.998222,0.135222,13.268799,0.034,0.05046
0.993,0.011333,84.665904,0.08656,0.000339,0.990222,0.000222,55.991289,0.064521,0.000911,0.994778,0.013222,19.98236,0.085807,0.001013
0.994667,0.040667,46.509914,0.169435,0.00379,0.994889,0.042111,46.527189,0.091232,0.001345,0.997444,0.074222,0,0.0986,0.106092
0.993222,0.064,9.041429,0.034878,0.001953,0.996222,0.065667,46.520388,0.04513,0.003908,0.997778,0.122778,2.189538,0.0793,0.022873
0.986444,0.018222,0,0.041456,0.001955,0.987667,0.006667,8.209462,0.090178,0.001261,0.992667,0.019667,0,0.0615,0.002289
0.984556,0.014222,0,0.003169,0.019385,0.976778,0.032889,0,0.0177,0.007928,0.99,0.007444,0,0.0199,0.005452
0.991111,0.046111,0,0.018393,0.013442,0.989778,0.065444,4.762685,0.039392,0.00814,0.996889,0.061,0,0.0308,0.015227
0.997333,0.111,46.647221,0.11606,0.002293,0.996444,0.041556,55.950588,0.0664,0.001754,0.998333,0.151111,22.190702,0.09644,0.018862
0.995111,0.07,19.016568,0.014253,0.023874,0.997667,0.206556,43.860487,0.026494,0.069157,0.998,0.134889,17.685058,0.07716,0.024299
0.980889,0.014556,0,0.0293,0.002234,0.977,0.015,14.894101,0.027606,0.001832,0.990778,0.013333,0,0.0354,0.002363
0.996556,0.082778,49.317006,0.043104,0.007151,0.995222,0.137444,32.871031,0.022895,0.060417,0.998333,0.119889,0,0.0443,0.033806
0.973556,0.001333,0,0.004963,0.037142,0.973667,0.006556,0,0.00424,0.016627,0.990444,0.008,0,0,0.020253
0.977778,0.024778,25.262311,0.053721,0.001058,0.978778,0.002667,0.703137,0.094667,0.001048,0.990111,0.004667,0,0.0999,0.000295
0.996556,0.038889,87.5458,0.062476,0.000911,0.998444,0.127222,61.216423,0.074764,0.006792,0.997667,0.121778,8.20751,0.0886,0.01445
0.982111,0,29.550828,0.087834,0.000878,0.985778,0.000111,0,0.1,0.001019,0.990444,0.000667,11.283977,0.060657,0.000677
0.988111,0.010444,3.055865,0.027619,0.004268,0.984667,0.020111,3.503513,0.061338,0.00245,0.992222,0.016333,0,0.0447,0.001963
0.982,0.015,0,0.038539,0.002073,0.981222,0.013444,0,0.0776,0.001693,0.990222,0.008889,0,0.0446,0.000929
0.993222,0.004,71.404212,0.064944,0.000099,0.994,0.000111,65.181635,0.136809,0,0.994667,0.014,52.40019,0.122264,0.00041
0.993667,0.069556,0,0.010733,0.028248,0.994556,0.160778,14.894101,0.006175,0.081868,0.998889,0.218556,0,0.00481,0.099595
0.988556,0.015556,0.111732,0.01703,0.015645,0.990111,0.010111,37.554081,0.025013,0.020127,0.992333,0.022,41.200905,0.01396,0.024962
0.976778,0,0,0.091566,0.001437,0.973667,0.000333,0,0.0957,0.001505,0.989556,0.002222,2.061389,0.0709,0.000612
0.994556,0.026889,49.471758,0.028343,0.015178,0.994778,0.125778,46.721881,0.029445,0.049361,0.998,0.110667,0,0.0539,0.026337
0.982333,0.004,0.366876,0.044961,0.001949,0.985778,0.000333,0,0.0964,0.001229,0.991222,0.011889,0,0.0865,0.000869
0.991778,0.034333,0,0.013886,0.017957,0.989778,0.080111,4.434625,0.047291,0.009917,0.996556,0.051778,0,0.033,0.010546
0.977889,0.022444,25.626147,0.057158,0.001018,0.980222,0.002444,0.734633,0.100067,0.001024,0.990111,0.000667,0,0.098,0.000304
0.995333,0.023556,89.080701,0.052497,0.00398,0.996667,0.035,61.356259,0.073273,0.000148,0.996889,0.080333,8.20751,0.0726,0.010664
0.984667,0.005222,0,0.040235,0.001763,0.984778,0.001444,0,0.068,0.001739,0.990222,0.007222,16.885107,0.044112,0.000883
0.993778,0.017667,81.589604,0.076393,0.001029,0.995111,0.015556,61.505933,0.052453,0.005801,0.997222,0.045333,49.853618,0.101123,0.010033
0.974111,0.011222,0,0.006201,0.036669,0.977889,0.032778,0,0.0174,0.008393,0.991,0.011222,0,0.0199,0.006022
0.986222,0.009,9.545483,0.040217,0.004096,0.988444,0.001556,20.79529,0.044704,0.001735,0.990556,0.001111,15.334779,0.080901,0.000394
0.975333,0.000556,0,0.014694,0.03233,0.979222,0.000111,25.515262,0.009071,0.020584,0.989778,0.007333,0,0.0321,0.001683
0.987667,0.002111,20.324319,0.048358,0.001395,0.987111,0.000333,17.125717,0.046088,0.001686,0.991111,0.003889,9.831386,0.03967,0.000894
0.996556,0.089889,48.980504,0.029843,0.022723,0.996667,0.170889,43.860487,0.026587,0.061226,0.998556,0.149,12.593714,0.056766,0.034226
0.991889,0.000111,54.57022,0.057377,0.000272,0.991333,0.006889,43.860487,0.048296,0.000953,0.994556,0.020222,24.258203,0.054078,0.002355
0.993778,0.000444,67.278345,0.043553,0.001542,0.995222,0.013,65.181635,0.076804,0.000104,0.995,0.014889,55.002834,0.046829,0.001239
0.991222,0.033556,47.627439,0.023045,0.023554,0.992778,0.021444,55.950588,0.040917,0.019358,0.995111,0.043667,24.550959,0.027274,0.006825
0.996444,0.086556,40.194503,0.024556,0.019607,0.993333,0.163667,23.052726,0.00724,0.077542,0.998333,0.135222,0,0.0453,0.041226
0.994111,0.134111,0,0.006914,0.047666,0.994444,0.185,0,0.0882,0.023523,0.998889,0.185222,0,0.0376,0.063609
0.990444,0.014333,0,0.006211,0.015222,0.987,0.066667,4.434625,0.013591,0.024311,0.993444,0.022778,0,0.0194,0.008709
0.996556,0.103889,55.42611,0.054044,0.009816,0.996333,0.072667,46.520388,0.044291,0.005668,0.998222,0.217556,7.066298,0.0969,0.026282
0.993556,0.029222,48.371699,0.048698,0.00103,0.994333,0.102889,17.125717,0.030347,0.023653,0.998111,0.088778,0,0.0671,0.015113
0.976556,0,15.102532,0.106923,0.001553,0.980111,0.000111,1.808123,0.100199,0.000986,0.99,0.001222,0,0.0955,0.000526
0.99,0.001667,17.14975,0.036274,0.000512,0.991556,0.000222,49.566307,0.052959,0.000894,0.987889,0.001667,23.200468,0.041893,0.000667
0.989889,0,16.906766,0.036634,0.000509,0.991667,0,49.566307,0.056263,0.000868,0.988333,0.001556,31.879679,0.042425,0.000692
0.979778,0.018444,0,0.03516,0.00217,0.978556,0.025111,0,0.0685,0.002327,0.990111,0.000667,0,0.0642,0.000672
0.993778,0.004889,69.0133,0.041795,0.004152,0.993,0,61.356259,0.048356,0.002076,0.995,0.014556,51.781683,0.03226,0.004899
0.995556,0.033444,48.936785,0.027283,0.017022,0.993,0.113556,25.247954,0.021327,0.049184,0.998444,0.150778,0,0.0591,0.037504
0.993,0.086,18.626566,0.112806,0.001518,0.994889,0.120778,12.928785,0.102827,0.0074,0.997667,0.099444,2.42145,0.0883,0.016543
0.990444,0.006556,50.379029,0.03866,0.000871,0.993778,0,65.181635,0.059699,0.000049,0.992778,0.021667,9.153429,0.073936,0.002465
0.990222,0.001667,18.803007,0.062494,0.0005,0.986111,0,43.860487,0.050645,0.000895,0.988778,0.002,10.32341,0.098953,0.000388
0.996778,0.090222,48.007171,0.034592,0.013668,0.997889,0.180444,49.559506,0.036549,0.055925,0.997889,0.134667,10.359764,0.0795,0.020354
0.996,0.125444,0,0.010624,0.041135,0.997778,0.206444,43.860487,0.026296,0.069015,0.998333,0.185222,39.696936,0.058149,0.043759
0.991556,0.137,0,0.000704,0.054437,0.989333,0.135667,0.062184,0.000003,0.076197,0.997889,0.099444,1.51067,0,0.065558
0.996444,0.028,84.204934,0.074774,0.000423,0.998111,0.093222,61.216423,0.08751,0.002251,0.998222,0.212667,30.70055,0.097089,0.017857
0.99,0,15.34181,0.026679,0.001421,0.993333,0,65.181635,0.05807,0.000215,0.989889,0.003,42.036185,0.030014,0.003527
0.989444,0,20.451862,0.031986,0.000811,0.994667,0.006333,65.041799,0.050371,0.006436,0.992222,0.03,22.405025,0.047593,0.003788
0.996667,0.062556,80.11375,0.041898,0.023271,0.998444,0.054444,65.181635,0.050134,0.02452,0.998111,0.142556,10.358444,0.0747,0.018248
0.987778,0.018333,0,0.036718,0.001891,0.987556,0.036333,4.762685,0.070432,0.002915,0.992778,0.020444,0,0.0438,0.002501
0.980667,0,30.505761,0.066437,0.001037,0.988556,0.000111,0,0.1,0.001097,0.990444,0.000556,13.777611,0.070783,0.000402
0.989889,0.009,18.989231,0.026058,0.004835,0.988556,0.049667,13.994995,0.01631,0.019171,0.995889,0.043556,0,0.0547,0.008137
0.98,0.002667,0,0.034008,0.001821,0.983111,0.001,32.871031,0.035886,0.00122,0.99,0.016889,2.751106,0.0402,0.002864
0.991889,0.007556,52.069773,0.038363,0.007605,0.989778,0.056667,16.080133,0.043261,0.003684,0.997222,0.041444,7.556823,0.049244,0.007736
0.995333,0.025889,85.468007,0.067379,0.000592,0.994,0.051111,63.233671,0.078916,0.001182,0.997111,0.079667,0.283232,0.0946,0.00926
0.987444,0,0,0.03257,0.005789,0.985222,0.002,16.080133,0.044397,0.001646,0.990222,0.001222,16.602076,0.044609,0.001127
0.993778,0.029556,44.312021,0.04026,0.011339,0.994333,0.110222,13.511264,0.0214,0.035105,0.998444,0.098333,0,0.0858,0.015704
0.990444,0.004,22.256432,0.030315,0.000487,0.987778,0.000444,46.527189,0.043473,0.00102,0.988889,0.015111,14.334535,0.076985,0.001049
0.989556,0.014556,0,0.022195,0.013022,0.988,0.004222,30.890748,0.023588,0.009,0.993333,0.023333,13.467494,0.034579,0.004538
0.986778,0,53.229022,0.084527,0.00043,0.990444,0.000778,0,0.0984,0.002742,0.992,0.000889,6.867372,0.086496,0.000402
0.996111,0.037444,48.004474,0.054286,0.00072,0.998111,0.051778,61.216423,0.074554,0.000571,0.998222,0.152556,28.751423,0.099599,0.018122
0.993778,0.085,0,0.006865,0.032198,0.994667,0.215,4.762685,0.099014,0.021503,0.998444,0.150667,0,0.0994,0.022833
0.994222,0.125667,0,0.003862,0.045892,0.994667,0.215444,0,0.00112,0.10219,0.999111,0.218556,0,0.0103,0.095021
0.997111,0.047667,49.121743,0.025256,0.020916,0.998222,0.124889,61.356259,0.047553,0.038363,0.997667,0.138444,11.854425,0.07492,0.021021
0.987111,0.064444,0,0.00366,0.037521,0.982778,0.049111,0,0.00889,0.023579,0.997111,0.082111,0,0.0194,0.035964
0.996222,0.034556,81.586943,0.043456,0.018876,0.998444,0.124889,61.356259,0.048399,0.036909,0.997667,0.123556,3.056813,0.0886,0.014776
0.992667,0.003333,53.1215,0.035584,0.007339,0.993556,0.036667,40.011411,0.026549,0.033385,0.995333,0.035111,25.776624,0.013439,0.020064
0.995778,0.025111,82.815506,0.077804,0.000406,0.998,0.065222,61.216423,0.088942,0.000611,0.998111,0.140556,14.546968,0.098813,0.01551
0.996333,0.035556,54.610934,0.056005,0.000676,0.998111,0.051778,61.216423,0.074554,0.000571,0.998111,0.152333,13.368233,0.0987,0.020121
0.989667,0,17.923831,0.030422,0.000563,0.995333,0,65.181635,0.061809,0.000033,0.992111,0.024667,45.78208,0.078617,0.001703
0.998,0.214222,48.136133,0.013657,0.058249,0.996778,0.144778,49.566307,0.032733,0.05174,0.997889,0.135,10.34235,0.0787,0.020313
0.996889,0.089556,46.757595,0.023934,0.029936,0.998444,0.116222,65.041799,0.052679,0.02989,0.997889,0.139333,28.751423,0.071149,0.018557
0.987556,0.012444,0,0.02053,0.001614,0.981,0.038333,0,0.0386,0.0046,0.991222,0.011778,1.41536,0.0325,0.001457
0.987667,0.062222,0,0.008187,0.029449,0.982778,0.047444,0,0.0199,0.011675,0.997333,0.090667,0,0.0196,0.041841
0.993111,0.145333,0,0.018687,0.04275,0.994444,0.102,17.125717,0.011154,0.059376,0.998556,0.150778,13.904289,0.0557,0.041605
0.994,0.025222,45.244944,0.055349,0.000671,0.99,0.053,14.381181,0.046925,0.003711,0.995889,0.047333,0,0.0859,0.00656
0.976667,0,0,0.084756,0.001495,0.973889,0.000111,0,0.1,0.000902,0.989667,0.001556,0,0.0767,0.000605
0.995556,0.101333,45.582974,0.034484,0.018334,0.994111,0.102444,17.125717,0.013454,0.05415,0.998222,0.135,0,0.0262,0.055284
0.977444,0,26.264584,0.056712,0.001011,0.978778,0.000111,1.851583,0.100147,0.000925,0.990111,0.000667,0,0.1,0.000295
0.994778,0.029889,76.187523,0.085454,0.001251,0.995,0.014333,61.356259,0.093798,0.000091,0.997333,0.045889,53.136172,0.099141,0.014768
0.995111,0.023444,84.873189,0.045389,0.016689,0.997222,0.090667,61.356259,0.05503,0.014621,0.997,0.065444,3.056813,0.0531,0.009818
0.992778,0.019778,92.381658,0.050815,0.018362,0.997111,0.040556,69.272348,0.075422,0.000629,0.997111,0.063556,7.559224,0.0527,0.010394
0.992778,0.015,79.652413,0.062863,0.000683,0.996444,0.025667,65.041799,0.127424,0.00004,0.997556,0.085333,47.27495,0.100138,0.007689
0.993444,0.007667,44.19711,0.074096,0.000183,0.998556,0.054556,65.181635,0.124947,0.000338,0.996889,0.086778,42.717125,0.098656,0.008577
0.993889,0.028111,45.881457,0.040324,0.011,0.994333,0.108667,14.381181,0.067763,0.007054,0.998111,0.098556,0,0.0858,0.016025
0.991889,0.005111,88.320262,0.069144,0.000447,0.990111,0.012889,63.233671,0.104113,0.000759,0.994444,0.014111,25.909099,0.109732,0.000592
0.985222,0.005778,14.094857,0.055244,0.001216,0.989444,0.002556,8.209462,0.10356,0.001077,0.992889,0.016667,16.040087,0.100004,0.000971
0.994333,0.000333,44.866597,0.04391,0.000049,0.992889,0,61.356259,0.05493,0.000293,0.997111,0.125556,26.9827,0.098361,0.012929
0.997,0.049778,46.8203,0.02541,0.020983,0.996,0.168444,63.233671,0.040768,0.046344,0.997778,0.134222,11.883528,0.07492,0.020556
0.993111,0.076,17.228528,0.036386,0.007159,0.995111,0.137556,14.894101,0.073319,0.009587,0.997556,0.090333,7.716373,0.0963,0.014183
0.995667,0.018333,44.513343,0.027299,0.009466,0.996889,0.189111,46.520388,0.031739,0.060638,0.998222,0.150444,11.804965,0.070254,0.027448
0.995556,0.029111,67.250711,0.070881,0.000431,0.998444,0.064333,61.216423,0.088734,0.000589,0.998111,0.178222,52.462373,0.10026,0.014698
0.996889,0.098667,88.156351,0.04131,0.031929,0.998667,0.113667,65.181635,0.052903,0.029452,0.997556,0.123222,8.265456,0.0702,0.01642
0.996111,0.049778,41.519256,0.023666,0.017618,0.997111,0.180333,49.559506,0.035978,0.056547,0.997889,0.135889,11.577217,0.062855,0.026686
0.989778,0.001444,21.911944,0.042129,0.000573,0.991556,0.000444,46.520388,0.04897,0.00092,0.992667,0.027444,15.137998,0.042609,0.003777
0.989889,0.001333,21.712539,0.039046,0.000615,0.987889,0,46.527189,0.044573,0.001002,0.988889,0.000556,10.466554,0.057486,0.000732
0.995667,0.209444,49.490448,0.020075,0.055759,0.995333,0.099667,26.872166,0.018153,0.053022,0.998333,0.120333,4.106268,0.0498,0.02825
0.992444,0.037889,32.7832,0.207227,0.001136,0.995111,0.009556,65.041799,0.053262,0.004866,0.998111,0.031,94.664984,0.090006,0.130604
0.992556,0.025778,95.59805,0.103541,0.000597,0.996444,0.025111,65.181635,0.124536,0.000045,0.997333,0.070556,1.902255,0.0963,0.008138
0.995889,0.024111,87.811003,0.061534,0.000634,0.995222,0.016,61.216423,0.088497,0.000087,0.997333,0.104444,18.625644,0.100903,0.0098
0.989222,0,0,0.0142,0.008621,0.977111,0.000111,3.762185,0.039387,0.002127,0.989556,0.000778,0,0.0285,0.001015
0.980111,0.020667,0,0.031199,0.002088,0.977,0.025444,0,0.0542,0.002793,0.991,0.011667,0,0.043,0.001256
0.992333,0.015444,101.324404,0.104918,0.000385,0.993556,0,65.181635,0.069509,0,0.997333,0.061222,0,0.0855,0.007406
0.983,0.020333,0,0.00218,0.026198,0.973889,0.020333,0,0,0.024834,0.992889,0.021111,0,0,0.027851
0.991444,0.021889,18.791899,0.040862,0.000741,0.989333,0.057222,4.762685,0.075194,0.004584,0.996111,0.051889,0,0.0663,0.008694
0.996,0.029111,80.032888,0.069183,0.000536,0.998111,0.090667,61.356259,0.089102,0.002213,0.998111,0.141444,14.718302,0.089205,0.01636
0.983,0,6.131179,0.050095,0.00169,0.985556,0.001444,0,0.096,0.001224,0.991111,0.003556,15.242004,0.033532,0.001246
0.996667,0.062778,80.698325,0.091082,0.001104,0.999222,0.116111,65.041799,0.097393,0.00255,0.997556,0.124889,0,0.0999,0.013913
0.988,0.007,0,0.023837,0.004701,0.984444,0.030667,0,0.0586,0.003393,0.992222,0.015778,0,0.0319,0.002021
0.993333,0.003333,51.634453,0.03085,0.006286,0.995222,0.051111,46.520388,0.057215,0.001831,0.998,0.119889,10.359764,0.096037,0.015847
0.994,0.005333,49.724914,0.041443,0.000513,0.995556,0.000333,65.041799,0.064786,0.000008,0.997333,0.126,9.71741,0.089,0.016848
0.997778,0.211222,50.72773,0.013081,0.058294,0.997,0.189222,46.520388,0.030377,0.061888,0.997889,0.133667,10.359764,0.0564,0.028305
0.992667,0.003333,42.374962,0.030635,0.007339,0.993556,0.040778,37.554081,0.024235,0.033884,0.994667,0.039889,29.907018,0.011926,0.023291
0.995556,0.048444,45.733491,0.026813,0.020634,0.997667,0.125222,46.721881,0.102831,0.003,0.998333,0.150556,11.050948,0.093544,0.022243
0.997222,0.220556,52.699075,0.016706,0.059577,0.998,0.064556,61.216423,0.047823,0.026355,0.997556,0.139556,10.34235,0.0787,0.02151
0.992556,0.017444,20.97902,0.019428,0.010654,0.994444,0.185556,4.746967,0.089347,0.020764,0.997111,0.080778,0,0.0762,0.012981
0.993667,0.085889,18.998456,0.02652,0.012304,0.994889,0.167444,4.434625,0.095676,0.017023,0.998,0.090111,7.147013,0.0586,0.016712
0.988889,0.005778,0,0.019327,0.002703,0.986222,0.049444,5.135286,0.047628,0.004828,0.993444,0.023111,0,0.0321,0.003401
0.989889,0.007444,21.257336,0.031361,0.001011,0.993333,0,65.041799,0.054643,0.000495,0.991111,0.020444,23.840731,0.06692,0.00237
0.994333,0.025111,49.052873,0.058923,0.000734,0.994889,0.074889,32.871031,0.063679,0.002206,0.998556,0.184889,8.517464,0.0996,0.024419
0.989,0.016222,0,0.001944,0.018984,0.985556,0.072778,0,0.00272,0.048645,0.997111,0.061,0,0,0.049199
0.989111,0,0,0.022079,0.007148,0.983333,0.000111,13.994995,0.027111,0.002202,0.991222,0.014,20.79547,0.057308,0.001692
0.993667,0.028556,52.817986,0.031998,0.018958,0.995,0.076667,32.871031,0.025557,0.032693,0.998333,0.12,6.879478,0.0642,0.021446
0.989667,0.014111,0,0.017503,0.007204,0.986333,0.046889,7.657817,0.029015,0.005423,0.993444,0.024333,0,0.0344,0.003979
0.996333,0.049556,45.635214,0.039628,0.003481,0.997222,0.107111,49.559506,0.058916,0.004855,0.998111,0.151111,9.014851,0.0894,0.02273
0.993333,0.023333,61.267042,0.066408,0.000851,0.993444,0.006,61.356259,0.07122,0.000053,0.996333,0.054111,30.652779,0.083236,0.007502
0.994,0.029444,49.855675,0.037418,0.017075,0.994444,0.109889,13.511264,0.054505,0.008252,0.998556,0.12,0.899308,0.04,0.032923
0.993667,0.033444,88.858582,0.078179,0.000882,0.995111,0.001222,65.041799,0.062793,0.000019,0.996222,0.042,0,0.0988,0.007172
0.993556,0.033222,78.581488,0.15281,0.008067,0.993667,0,65.041799,0.072893,0,0.996,0.030333,17.539449,0.0948,0.051407
0.996889,0.058778,46.788373,0.033502,0.009887,0.997111,0.180333,49.566307,0.034969,0.058101,0.998,0.134444,37.36128,0.061201,0.019526
0.996778,0.085111,45.952436,0.026879,0.020266,0.997111,0.180222,49.566307,0.032385,0.060547,0.997889,0.135667,11.804965,0.055853,0.033068
0.993778,0.03,42.499054,0.109497,0.000438,0.994333,0.108667,14.381181,0.067763,0.007053,0.998111,0.099,0,0.0858,0.016101
0.994,0.125556,6.628225,0.013664,0.035273,0.994444,0.166778,9.3762,0.002917,0.08558,0.998333,0.121,0,0.0324,0.042907
0.986667,0.020778,0,0.036144,0.002404,0.986222,0.018333,7.657817,0.08322,0.001748,0.992778,0.018778,0,0.046,0.002688
0.994444,0.231333,0,0.07592,0.023003,0.994444,0.155778,0,0.0962,0.01685,0.997667,0.090111,1.186191,0.0965,0.013252
0.992667,0.087333,19.624304,0.021217,0.021917,0.994889,0.144889,0,0.0769,0.017526,0.998333,0.121,0,0.0422,0.035297
0.993111,0.008111,45.250465,0.075619,0.000202,0.996333,0.095444,63.233671,0.115421,0.001478,0.997333,0.081778,38.210581,0.096239,0.010117
0.991111,0.013778,82.057069,0.07064,0.002925,0.994444,0.005111,65.181635,0.063409,0.000067,0.997444,0.047889,47.932053,0.115086,0.008217
0.994222,0.029444,50.000456,0.050259,0.001833,0.994444,0.109889,13.511264,0.056006,0.008177,0.998444,0.12,0,0.0689,0.018666
0.994222,0.04,52.555681,0.08324,0.000828,0.994889,0.119778,13.511264,0.096033,0.006855,0.998222,0.107333,8.350491,0.0915,0.014221
0.993889,0.039,41.176602,0.035599,0.018866,0.994444,0.110222,13.511264,0.056106,0.008228,0.997444,0.080778,3.864617,0.04,0.019061
0.996556,0.058889,50.760249,0.036683,0.008095,0.996444,0.082444,46.520388,0.094671,0.001745,0.997778,0.134444,11.883528,0.092627,0.018676
0.994444,0.034333,45.059541,0.032174,0.01173,0.995222,0.092556,32.871031,0.025112,0.040655,0.997444,0.088778,8.421056,0.0627,0.01611
0.997778,0.183444,48.136133,0.020536,0.04829,0.997111,0.206556,43.860487,0.026024,0.069529,0.998444,0.148778,10.359764,0.0599,0.031057
0.993444,0.025444,57.224832,0.076842,0.000762,0.993667,0,65.041799,0.062693,0.000016,0.996333,0.055111,33.836257,0.076395,0.007193
0.997111,0.086778,50.442005,0.047016,0.007916,0.996444,0.132556,43.860487,0.032481,0.042371,0.999,0.217889,7.23618,0.0693,0.047229
0.988333,0,7.342543,0.01864,0.009904,0.987778,0.000444,49.559506,0.040114,0.002383,0.989,0.001111,18.344023,0.036415,0.001811
0.988111,0.246556,0,0.004678,0.080864,0.987444,0.053111,0,0,0.045451,0.998333,0.135222,0,0.00794,0.073735
0.981111,0,0,0.001456,0.024034,0.973667,0.000111,0,0,0.02021,0.989667,0.000778,0,0,0.013317
0.993333,0.000333,54.281255,0.050071,0.000089,0.987444,0.000111,63.233671,0.052362,0.000816,0.989889,0.003,32.239885,0.037526,0.000453
0.976,0,0,0.031897,0.001872,0.973667,0.000111,0,0.0449,0.001887,0.989556,0.000778,0,0.0425,0.00075
0.994333,0.231111,3.156095,0.018266,0.063764,0.997,0.247,7.657817,0.002205,0.11142,0.998889,0.218556,0,0.0106,0.095412
0.990556,0,94.217264,0.063612,0.000496,0.992778,0,61.216423,0.071329,0,0.994889,0.030556,13.299414,0.095236,0.002295
0.990444,0.019667,17.922269,0.238955,0.000376,0.993556,0.066111,0,0.0987,0.103181,0.996889,0.055222,0,0.0592,0.009471
0.992222,0.045889,17.482546,0.181796,0.00089,0.995111,0.088667,13.770227,0.048918,0.148772,0.997778,0.088778,15.514346,0.046658,0.018153
