0.955000,0.644444,0.000000,0.013764,0.274625,0.950000,0.155556,0.000000,0.000000,0.420717,0.980000,0.422222,0.000000,0.007937,0.461411
0.945000,0.111111,0.000000,0.010157,0.222188,0.945000,0.177778,0.000000,0.001264,0.428273,0.960000,0.111111,0.000000,0.000710,0.507978
0.935000,0.044444,0.000000,0.023894,0.077440,0.910000,0.088889,0.000000,0.024886,0.117811,0.935000,0.000000,0.000000,0.025227,0.112849
0.955000,0.000000,0.000000,0.055849,0.126140,0.960000,0.000000,129.595229,0.070397,0.116553,0.940000,0.000000,117.797387,0.063252,0.059070
0.980000,0.088889,279.828047,0.102424,0.126886,0.975000,0.022222,132.791836,0.098295,0.000000,0.970000,0.333333,29.370588,0.083702,0.115678
0.965000,0.022222,156.981377,0.100350,0.017197,0.965000,0.000000,130.559963,0.105081,0.000000,0.960000,0.044444,217.748407,0.108912,0.030150
0.950000,0.044444,0.000000,0.059613,0.170163,0.945000,0.000000,71.611960,0.043796,0.279567,0.940000,0.066667,0.000000,0.022177,0.279537
0.970000,0.000000,265.504700,0.128072,0.000000,0.965000,0.000000,123.418151,0.147973,0.000000,0.960000,0.044444,163.608339,0.165796,0.005676
0.955000,0.000000,0.000000,0.077140,0.038242,0.945000,0.000000,116.016992,0.076785,0.005552,0.940000,0.066667,0.000000,0.075940,0.032904
0.960000,0.377778,0.000000,0.018712,0.224565,0.945000,0.177778,0.000000,0.017628,0.430759,0.960000,0.111111,0.000000,0.016516,0.477389
0.960000,0.044444,0.000000,0.047874,0.120705,0.925000,0.066667,0.000000,0.025410,0.123256,0.950000,0.066667,0.000000,0.029024,0.089952
0.940000,0.000000,0.000000,0.059159,0.079656,0.930000,0.000000,115.429840,0.067666,0.097251,0.925000,0.000000,0.000000,0.060274,0.068872
0.975000,0.111111,81.299936,0.201219,0.179508,0.975000,0.022222,132.791836,0.097776,0.000000,0.970000,0.111111,246.972196,0.130342,0.316248
0.960000,0.044444,0.000000,0.070304,0.048975,0.960000,0.000000,116.016992,0.080079,0.008399,0.950000,0.088889,0.000000,0.051174,0.060764
0.965000,0.111111,45.213287,0.081192,0.055897,0.960000,0.222222,0.000000,0.000740,0.441918,0.975000,0.222222,0.000000,0.069267,0.125460
0.950000,0.000000,0.000000,0.081163,0.077666,0.940000,0.000000,0.000000,0.076077,0.094317,0.935000,0.000000,0.000000,0.040026,0.075859
0.990000,0.288889,193.763941,0.098334,0.151295,0.980000,0.311111,116.016992,0.063404,0.248092,0.985000,0.533333,0.000000,0.069335,0.347416
0.955000,0.000000,0.000000,0.082589,0.036581,0.945000,0.000000,122.432732,0.077776,0.000000,0.945000,0.000000,117.797387,0.113502,0.020941
0.945000,0.044444,0.000000,0.018063,0.199092,0.945000,0.177778,0.000000,0.001874,0.416861,0.950000,0.088889,0.000000,0.017996,0.406885
0.930000,0.000000,0.000000,0.037119,0.264857,0.925000,0.000000,71.611960,0.039467,0.290234,0.935000,0.000000,0.000000,0.029686,0.075639
0.960000,0.000000,110.055579,0.085997,0.017420,0.945000,0.000000,116.016992,0.085274,0.000000,0.940000,0.000000,0.000000,0.074179,0.041286
0.985000,0.088889,289.850177,0.108289,0.029297,0.975000,0.022222,132.791836,0.095838,0.000000,0.970000,0.288889,41.232684,0.094984,0.090447
0.955000,0.000000,0.000000,0.074996,0.066451,0.960000,0.000000,123.418151,0.074754,0.000000,0.930000,0.000000,0.000000,0.074024,0.036557
0.950000,0.044444,0.000000,0.084784,0.082166,0.945000,0.044444,0.000000,0.085323,0.088754,0.945000,0.044444,0.000000,0.049186,0.057369
0.975000,0.000000,178.367561,0.078652,0.131310,0.975000,0.133333,117.535499,0.077385,0.107048,0.970000,0.288889,157.867385,0.060794,0.131249
0.945000,0.000000,0.000000,0.067638,0.075687,0.960000,0.000000,117.535499,0.067645,0.067232,0.930000,0.000000,121.407787,0.032332,0.069443
0.960000,0.000000,0.000000,0.062826,0.127183,0.945000,0.000000,115.429840,0.069447,0.126868,0.950000,0.088889,112.636514,0.061840,0.088067
0.970000,0.044444,74.112315,0.066279,0.135622,0.975000,0.000000,130.559963,0.069569,0.106205,0.960000,0.155556,0.000000,0.068749,0.124147
0.945000,0.000000,0.000000,0.064908,0.062193,0.965000,0.000000,117.535499,0.067645,0.025268,0.925000,0.000000,121.407787,0.034063,0.037489
0.990000,0.600000,188.965842,0.049661,0.212660,0.985000,0.422222,123.418151,0.069401,0.255599,0.985000,0.533333,0.000000,0.089873,0.262739
0.970000,0.088889,74.112315,0.081042,0.042992,0.975000,0.000000,130.559963,0.080930,0.009248,0.960000,0.155556,0.000000,0.088552,0.117544
0.960000,0.000000,0.000000,0.101334,0.009181,0.975000,0.022222,126.664766,0.100294,0.000000,0.955000,0.066667,164.268194,0.149360,0.030297
0.915000,0.000000,0.000000,0.019292,0.198479,0.900000,0.022222,0.000000,0.016582,0.133968,0.935000,0.022222,0.000000,0.019997,0.385167
0.960000,0.000000,44.687686,0.067931,0.018929,0.960000,0.000000,117.535499,0.068106,0.068606,0.925000,0.000000,0.000000,0.039245,0.077012
0.965000,0.244444,0.000000,0.032178,0.191149,0.970000,0.400000,89.580657,0.046507,0.520674,0.980000,0.488889,0.000000,0.040994,0.399294
0.960000,0.000000,0.000000,0.027049,0.117939,0.905000,0.000000,0.000000,0.026780,0.122561,0.935000,0.000000,0.000000,0.027745,0.063654
0.975000,0.244444,68.535360,0.041402,0.187676,0.980000,0.200000,116.016992,0.060924,0.229807,0.975000,0.377778,90.127888,0.062919,0.161347
0.960000,0.000000,101.005488,0.069023,0.052196,0.965000,0.000000,124.861294,0.075478,0.008872,0.955000,0.088889,158.335988,0.078477,0.073298
0.965000,0.044444,41.148431,0.056858,0.137906,0.965000,0.222222,0.000000,0.085337,0.124887,0.965000,0.222222,0.000000,0.054037,0.135186
0.975000,0.066667,114.582269,0.062498,0.170679,0.985000,0.200000,132.791836,0.135768,0.055135,0.975000,0.444444,0.000000,0.091754,0.183172
0.960000,0.133333,115.747822,0.047558,0.165313,0.970000,0.133333,117.535499,0.064384,0.227070,0.955000,0.133333,46.501883,0.030146,0.674843
0.985000,0.111111,124.458802,0.089483,0.028378,0.985000,0.422222,117.535499,0.110640,0.180054,0.980000,0.533333,0.000000,0.096810,0.174803
0.980000,0.622222,63.202165,0.023104,0.225588,0.985000,0.422222,123.418151,0.061433,0.257345,0.980000,0.422222,0.000000,0.062040,0.278615
0.975000,0.000000,186.361419,0.083625,0.131414,0.980000,0.133333,123.418151,0.071260,0.192021,0.970000,0.311111,168.398718,0.064472,0.135651
0.975000,0.111111,149.525545,0.092897,0.036779,0.975000,0.222222,116.016992,0.102042,0.043498,0.975000,0.333333,0.000000,0.087147,0.148839
0.985000,0.622222,279.828047,0.075300,0.232448,0.985000,0.266667,132.791836,0.076238,0.186340,0.980000,0.444444,25.119800,0.077823,0.165882
0.975000,0.155556,204.464129,0.284174,0.148539,0.975000,0.022222,126.664766,0.091320,0.000000,0.970000,0.177778,136.481870,0.039149,0.516630
0.930000,0.000000,0.000000,0.042424,0.265138,0.925000,0.000000,71.611960,0.050164,0.260984,0.935000,0.000000,0.000000,0.030845,0.075235
0.945000,0.000000,0.000000,0.034942,0.055763,0.960000,0.000000,117.535499,0.067588,0.034720,0.935000,0.066667,0.000000,0.059518,0.065764
0.965000,0.000000,48.973235,0.065621,0.016439,0.960000,0.000000,123.418151,0.069471,0.068037,0.925000,0.022222,0.000000,0.062314,0.068090
0.985000,0.133333,183.147456,0.086673,0.118421,0.985000,0.266667,132.791836,0.162480,0.057376,0.975000,0.422222,0.000000,0.097068,0.187728
0.955000,0.000000,0.000000,0.119916,0.026226,0.945000,0.000000,116.016992,0.076340,0.000000,0.945000,0.000000,117.797387,0.113500,0.020944
0.975000,0.466667,19.575643,0.019404,0.226514,0.970000,0.488889,100.561130,0.050634,0.367811,0.985000,0.488889,135.396275,0.034473,0.414115
0.950000,0.022222,0.000000,0.058702,0.158218,0.945000,0.022222,89.580657,0.050292,0.293513,0.945000,0.044444,168.347992,0.050372,0.320986
0.975000,0.022222,204.464129,0.108426,0.004587,0.985000,0.422222,123.418151,0.158511,0.115621,0.970000,0.266667,178.882430,0.147998,0.110270
0.960000,0.000000,48.468787,0.088208,0.001419,0.960000,0.000000,147.043804,0.093487,0.003148,0.935000,0.000000,124.662807,0.077995,0.035514
0.940000,0.044444,0.000000,0.076254,0.080298,0.915000,0.088889,0.000000,0.060662,0.081264,0.935000,0.044444,0.000000,0.038381,0.059112
0.975000,0.000000,200.521548,0.107418,0.000000,0.975000,0.133333,147.043804,0.129129,0.021283,0.970000,0.266667,146.872974,0.098700,0.124698
0.940000,0.000000,0.000000,0.000000,0.202506,0.900000,0.000000,0.000000,0.000000,0.265181,0.935000,0.000000,0.000000,0.000000,0.700857
0.970000,0.000000,219.320403,0.095649,0.000046,0.975000,0.022222,126.664766,0.074109,0.081775,0.975000,0.355556,0.000000,0.084181,0.150473
0.985000,0.066667,179.624789,0.102085,0.031490,0.985000,0.422222,123.418151,0.121795,0.128416,0.980000,0.533333,0.000000,0.091746,0.180729
0.950000,0.000000,74.047891,0.122308,0.044830,0.955000,0.000000,26.685771,0.102226,0.082537,0.945000,0.000000,127.784332,0.058076,0.049677
0.965000,0.000000,67.148508,0.048420,0.134602,0.960000,0.266667,0.000000,0.053205,0.155504,0.965000,0.200000,21.257523,0.053944,0.120207
0.975000,0.088889,107.663425,0.080602,0.056346,0.975000,0.222222,116.016992,0.075597,0.144139,0.970000,0.377778,0.000000,0.074659,0.149363
0.960000,0.044444,0.000000,0.056083,0.119893,0.965000,0.000000,117.535499,0.066893,0.115440,0.950000,0.111111,0.000000,0.038770,0.100144
0.975000,0.377778,72.096035,0.042314,0.198294,0.970000,0.377778,89.580657,0.047238,0.500617,0.975000,0.377778,0.000000,0.025887,0.310041
0.980000,0.266667,183.147456,0.062316,0.195656,0.975000,0.466667,106.291103,0.051085,0.391728,0.970000,0.266667,0.000000,0.030014,0.285549
0.975000,0.000000,199.348519,0.082924,0.127414,0.980000,0.088889,130.559963,0.081590,0.155914,0.970000,0.288889,146.872974,0.052498,0.129951
0.980000,0.066667,68.535360,0.054101,0.160689,0.975000,0.466667,106.291103,0.057521,0.394437,0.975000,0.400000,0.000000,0.060394,0.302630
0.975000,0.066667,148.481806,0.081696,0.153835,0.980000,0.222222,122.432732,0.100012,0.042794,0.970000,0.377778,0.000000,0.090672,0.146276
0.955000,0.022222,0.000000,0.063475,0.127184,0.965000,0.000000,130.559963,0.066954,0.096256,0.950000,0.066667,0.000000,0.065995,0.039641
0.970000,0.066667,218.575936,0.090521,0.125310,0.970000,0.111111,117.535499,0.076377,0.128768,0.970000,0.311111,156.712831,0.066120,0.132154
0.990000,0.600000,183.359554,0.094762,0.212660,0.980000,0.466667,113.901824,0.132107,0.176887,0.985000,0.533333,0.000000,0.094998,0.174407
0.975000,0.200000,63.202165,0.029285,0.185985,0.970000,0.488889,116.200518,0.038911,0.472868,0.975000,0.444444,0.000000,0.031348,0.371500
0.955000,0.000000,0.000000,0.082074,0.048932,0.965000,0.000000,116.016992,0.079908,0.009794,0.950000,0.066667,0.000000,0.064312,0.048200
0.975000,0.044444,104.728134,0.095573,0.022712,0.985000,0.244444,122.432732,0.067517,0.244412,0.975000,0.377778,90.127888,0.083373,0.149581
0.960000,0.000000,0.000000,0.071786,0.006627,0.945000,0.000000,116.016992,0.076916,0.002754,0.930000,0.022222,98.708063,0.072004,0.025302
0.975000,0.133333,172.275975,0.292614,0.164741,0.975000,0.022222,132.791836,0.092357,0.020422,0.970000,0.244444,0.000000,0.082993,0.535871
0.935000,0.000000,70.833928,0.115253,0.062995,0.965000,0.000000,89.580657,0.139673,0.067736,0.940000,0.044444,0.000000,0.077814,0.064544
0.955000,0.022222,0.000000,0.130875,0.029715,0.965000,0.000000,123.418151,0.086498,0.010427,0.950000,0.066667,0.000000,0.094900,0.033541
0.980000,0.066667,183.147456,0.084314,0.164881,0.975000,0.111111,145.358511,0.083595,0.203634,0.970000,0.288889,178.882430,0.077845,0.129194
0.985000,0.088889,207.622448,0.081016,0.175060,0.970000,0.177778,117.535499,0.061544,0.244051,0.970000,0.288889,131.286940,0.044752,0.131559
0.960000,0.022222,0.000000,0.056094,0.123471,0.945000,0.088889,0.000000,0.042153,0.117062,0.955000,0.088889,0.000000,0.027623,0.097055
0.960000,0.000000,110.055579,0.085309,0.103779,0.965000,0.000000,116.016992,0.085417,0.006196,0.940000,0.000000,0.000000,0.043714,0.050770
0.970000,0.622222,0.000000,0.022094,0.227603,0.975000,0.444444,71.611960,0.034310,0.508667,0.970000,0.288889,0.000000,0.029281,0.291215
0.955000,0.000000,0.000000,0.143913,0.017646,0.965000,0.000000,123.418151,0.094465,0.001080,0.940000,0.000000,137.331961,0.110590,0.016108
0.970000,0.000000,215.119271,0.110387,0.011540,0.965000,0.000000,145.358511,0.125273,0.000000,0.960000,0.088889,142.315043,0.126821,0.058494
0.985000,0.066667,196.778607,0.087582,0.154392,0.985000,0.200000,132.791836,0.107772,0.065241,0.980000,0.488889,0.000000,0.097551,0.172111
0.970000,0.044444,72.096035,0.071196,0.136566,0.955000,0.155556,89.580657,0.091128,0.119972,0.960000,0.222222,0.000000,0.069047,0.112349
0.975000,0.000000,120.604772,0.071253,0.004031,0.975000,0.022222,132.791836,0.074830,0.086248,0.975000,0.377778,0.000000,0.083899,0.161052
0.985000,0.600000,125.479636,0.038301,0.206660,0.980000,0.466667,120.328165,0.059064,0.340781,0.980000,0.444444,0.000000,0.084428,0.173903
0.990000,0.266667,103.141236,0.045585,0.189685,0.985000,0.466667,116.016992,0.058116,0.273417,0.980000,0.533333,0.000000,0.028140,0.563209
0.970000,0.044444,188.965842,0.217366,0.051054,0.970000,0.044444,117.535499,0.075285,0.026970,0.960000,0.044444,131.286940,0.094044,0.134422
0.980000,0.088889,183.069073,0.081145,0.164111,0.985000,0.444444,117.535499,0.149243,0.118562,0.980000,0.444444,0.000000,0.099902,0.158278
0.980000,0.111111,190.058678,0.076170,0.186025,0.985000,0.377778,124.861294,0.064802,0.244495,0.980000,0.444444,0.000000,0.068863,0.253807
0.980000,0.066667,99.792423,0.054288,0.165398,0.985000,0.222222,126.664766,0.162042,0.045574,0.980000,0.444444,115.434245,0.099949,0.158262
0.975000,0.111111,122.799587,0.085813,0.118934,0.975000,0.311111,106.291103,0.060045,0.354886,0.965000,0.377778,44.540754,0.035363,0.284417
0.975000,0.066667,152.560443,0.094396,0.030754,0.985000,0.177778,117.535499,0.096179,0.046765,0.975000,0.422222,0.000000,0.098315,0.156101
0.975000,0.377778,67.148508,0.067254,0.196675,0.975000,0.311111,64.967951,0.045864,0.472237,0.975000,0.444444,90.127888,0.030375,0.401283
0.975000,0.066667,95.718638,0.077530,0.042511,0.975000,0.177778,122.432732,0.059157,0.237836,0.970000,0.377778,0.000000,0.050053,0.261185
0.980000,0.466667,0.000000,0.025986,0.229629,0.970000,0.422222,84.028082,0.045983,0.523143,0.975000,0.488889,122.492098,0.020987,0.455789
0.960000,0.044444,0.000000,0.093973,0.066382,0.970000,0.022222,122.432732,0.083655,0.016229,0.940000,0.066667,0.000000,0.079569,0.035626
0.960000,0.088889,0.000000,0.063128,0.126772,0.950000,0.111111,0.000000,0.052496,0.108671,0.950000,0.066667,0.000000,0.055742,0.073232
0.935000,0.088889,75.404206,0.154924,0.048628,0.945000,0.000000,85.847376,0.109553,0.059549,0.945000,0.044444,0.000000,0.096859,0.056502
0.955000,0.000000,0.000000,0.083218,0.039795,0.950000,0.044444,106.291103,0.077078,0.119014,0.945000,0.044444,0.000000,0.032573,0.087565
0.970000,0.222222,13.473498,0.030090,0.181628,0.970000,0.422222,65.596739,0.033112,0.514797,0.975000,0.377778,0.000000,0.007265,0.452019
0.990000,0.622222,184.619884,0.080009,0.212660,0.980000,0.466667,113.901824,0.127614,0.179513,0.980000,0.533333,0.000000,0.095659,0.173160
0.980000,0.133333,68.522582,0.063937,0.050393,0.970000,0.244444,116.016992,0.069698,0.208511,0.970000,0.377778,0.000000,0.076754,0.151089
0.960000,0.044444,134.004724,0.073589,0.111863,0.965000,0.000000,117.535499,0.069533,0.053614,0.955000,0.044444,126.361897,0.106492,0.041580
0.980000,0.200000,120.353381,0.070855,0.194865,0.980000,0.155556,117.535499,0.086961,0.042597,0.970000,0.377778,0.000000,0.086709,0.189700
0.990000,0.177778,190.147645,0.072822,0.179957,0.985000,0.422222,123.418151,0.108541,0.135392,0.980000,0.533333,0.000000,0.099182,0.172938
0.960000,0.111111,41.926268,0.077256,0.055907,0.960000,0.222222,0.000000,0.089869,0.136189,0.975000,0.222222,0.000000,0.069267,0.125482
0.945000,0.000000,0.000000,0.086958,0.138610,0.945000,0.022222,0.000000,0.022011,0.114601,0.940000,0.022222,0.000000,0.048925,0.056271
0.960000,0.000000,115.434245,0.084121,0.004011,0.945000,0.000000,122.432732,0.085031,0.000000,0.930000,0.000000,0.000000,0.041606,0.035209
0.930000,0.000000,0.000000,0.138114,0.059917,0.945000,0.000000,0.000000,0.131658,0.057657,0.935000,0.000000,0.000000,0.077715,0.058935
0.975000,0.422222,126.585193,0.033227,0.225962,0.975000,0.511111,100.561130,0.049619,0.399056,0.980000,0.444444,21.316556,0.035512,0.329120
0.960000,0.066667,0.000000,0.016875,0.161223,0.950000,0.222222,0.000000,0.007288,0.456992,0.965000,0.177778,0.000000,0.008281,0.483644
0.980000,0.622222,22.579494,0.020104,0.236109,0.975000,0.511111,100.561130,0.049014,0.398888,0.980000,0.444444,27.116493,0.035512,0.370981
0.985000,0.044444,283.889661,0.093637,0.158511,0.975000,0.022222,132.791836,0.078963,0.013334,0.970000,0.288889,0.000000,0.081922,0.127591
0.975000,0.355556,0.000000,0.091031,0.080457,0.985000,0.133333,126.664766,0.101328,0.032605,0.970000,0.533333,127.081250,0.097476,0.181992
0.980000,0.466667,17.931339,0.015518,0.231836,0.975000,0.511111,106.291103,0.051913,0.373180,0.980000,0.488889,141.048537,0.034337,0.406847
0.955000,0.000000,115.434245,0.124433,0.012786,0.945000,0.000000,122.432732,0.086710,0.000000,0.940000,0.000000,0.000000,0.099174,0.034599
0.955000,0.000000,0.000000,0.089274,0.036892,0.965000,0.000000,116.016992,0.075430,0.011890,0.940000,0.000000,117.797387,0.103810,0.024266
0.975000,0.022222,177.258264,0.078066,0.124228,0.970000,0.200000,117.535499,0.089240,0.048875,0.970000,0.288889,157.867385,0.067671,0.125001
0.980000,0.377778,67.148508,0.112708,0.194162,0.970000,0.400000,84.028082,0.139042,0.215371,0.980000,0.444444,0.000000,0.065911,0.276070
0.985000,0.422222,0.000000,0.022271,0.226990,0.985000,0.422222,123.418151,0.063092,0.254471,0.970000,0.533333,0.000000,0.099167,0.174038
0.970000,0.044444,68.522582,0.074636,0.043062,0.960000,0.177778,84.028082,0.135601,0.101336,0.960000,0.200000,0.000000,0.086430,0.106307
0.945000,0.022222,0.000000,0.027478,0.082508,0.905000,0.088889,0.000000,0.029084,0.098302,0.945000,0.044444,0.000000,0.031610,0.070393
0.975000,0.111111,113.292852,0.085813,0.115639,0.975000,0.355556,96.746296,0.056195,0.354886,0.970000,0.377778,36.330328,0.035363,0.337044
0.970000,0.022222,100.365256,0.070978,0.131982,0.970000,0.088889,117.535499,0.061275,0.206797,0.960000,0.111111,168.398718,0.055185,0.357718
0.975000,0.577778,64.065343,0.042090,0.219969,0.970000,0.222222,84.028082,0.047999,0.458977,0.980000,0.533333,18.441567,0.030820,0.403723
0.955000,0.044444,49.927382,0.119791,0.037090,0.955000,0.000000,0.000000,0.093356,0.085052,0.950000,0.000000,137.426662,0.041805,0.078877
0.985000,0.066667,200.753546,0.092632,0.095379,0.975000,0.022222,126.664766,0.074569,0.104202,0.975000,0.355556,0.000000,0.076501,0.152103
0.980000,0.111111,172.275975,0.075311,0.182548,0.985000,0.444444,117.535499,0.062197,0.253867,0.980000,0.444444,0.000000,0.068718,0.295862
0.975000,0.022222,120.060478,0.075090,0.038013,0.975000,0.022222,126.664766,0.074375,0.100716,0.975000,0.355556,0.000000,0.076501,0.152314
0.980000,0.088889,104.728134,0.080985,0.122743,0.970000,0.088889,113.901824,0.056125,0.205466,0.965000,0.133333,157.867385,0.008299,0.454387
0.960000,0.111111,0.000000,0.029640,0.162389,0.960000,0.244444,0.000000,0.003105,0.450245,0.970000,0.244444,0.000000,0.001465,0.441628
0.955000,0.000000,0.000000,0.088171,0.035242,0.965000,0.000000,117.535499,0.083244,0.011252,0.950000,0.066667,0.000000,0.073460,0.036987
0.975000,0.066667,195.646387,0.249438,0.156653,0.975000,0.022222,126.664766,0.074704,0.090949,0.975000,0.288889,0.000000,0.070447,0.425639
0.960000,0.311111,0.000000,0.017581,0.199848,0.960000,0.355556,0.000000,0.002507,0.469481,0.975000,0.311111,0.000000,0.001576,0.504177
0.980000,0.133333,145.090608,0.078567,0.142061,0.975000,0.222222,116.016992,0.067969,0.199545,0.975000,0.377778,0.000000,0.087171,0.174201
0.975000,0.088889,287.799267,0.274731,0.042095,0.980000,0.066667,132.791836,0.130287,0.000000,0.970000,0.111111,32.566912,0.062192,0.338345
0.975000,0.066667,266.944725,0.254738,0.150672,0.980000,0.044444,126.664766,0.079772,0.119343,0.970000,0.111111,41.232684,0.004563,0.464657
0.975000,0.133333,208.777335,0.291021,0.166436,0.975000,0.022222,132.791836,0.150333,0.000000,0.970000,0.222222,0.000000,0.066250,0.555957
0.975000,0.066667,269.993361,0.292315,0.157249,0.980000,0.022222,126.664766,0.080547,0.082906,0.970000,0.111111,41.232684,0.004563,0.486086
0.970000,0.200000,177.389351,0.297613,0.134600,0.975000,0.022222,126.664766,0.129650,0.000000,0.970000,0.177778,125.097956,0.048786,0.559920
0.960000,0.622222,0.000000,0.006993,0.232046,0.960000,0.333333,0.000000,0.007307,0.467008,0.985000,0.533333,0.000000,0.000047,0.472577
0.930000,0.000000,0.000000,0.055446,0.077608,0.905000,0.000000,0.000000,0.054116,0.077625,0.935000,0.000000,0.000000,0.053797,0.055952
0.950000,0.000000,0.000000,0.055794,0.149762,0.955000,0.000000,110.458120,0.055189,0.161370,0.940000,0.000000,179.861621,0.059231,0.296929
0.970000,0.000000,64.426859,0.036357,0.031085,0.975000,0.000000,132.791836,0.080471,0.005293,0.965000,0.155556,168.710131,0.078300,0.088414
0.960000,0.000000,66.204885,0.098507,0.008724,0.960000,0.022222,116.016992,0.085720,0.007179,0.955000,0.088889,191.276306,0.164397,0.059477
0.975000,0.022222,104.728134,0.088052,0.121989,0.965000,0.022222,124.861294,0.067899,0.117398,0.955000,0.066667,150.116832,0.067054,0.362434
0.975000,0.200000,305.116787,0.165867,0.037963,0.975000,0.022222,126.664766,0.111614,0.000000,0.970000,0.244444,0.000000,0.090770,0.101242
0.980000,0.066667,106.908173,0.086874,0.049571,0.970000,0.200000,117.535499,0.064858,0.240946,0.970000,0.288889,168.398718,0.058609,0.130070
0.965000,0.022222,64.426859,0.077098,0.053955,0.975000,0.000000,132.791836,0.088718,0.000000,0.960000,0.088889,182.693925,0.088037,0.143084
0.970000,0.377778,69.666983,0.041429,0.220001,0.970000,0.400000,0.000000,0.071412,0.204348,0.980000,0.333333,0.000000,0.042185,0.254834
0.975000,0.577778,123.312006,0.045149,0.212660,0.970000,0.400000,0.000000,0.067876,0.199233,0.980000,0.266667,0.000000,0.027827,0.223360
0.970000,0.000000,208.044602,0.108978,0.007786,0.985000,0.000000,126.664766,0.085197,0.000000,0.950000,0.000000,147.499446,0.086965,0.010207
0.955000,0.044444,0.000000,0.046833,0.075500,0.940000,0.133333,0.000000,0.044124,0.104618,0.960000,0.088889,0.000000,0.043624,0.104722
0.965000,0.000000,69.388790,0.077610,0.029431,0.975000,0.000000,126.664766,0.095980,0.000000,0.960000,0.066667,194.484990,0.162641,0.055271
0.960000,0.622222,0.000000,0.043582,0.236581,0.970000,0.400000,0.000000,0.064554,0.202378,0.975000,0.288889,0.000000,0.016307,0.460021
0.985000,0.288889,182.984608,0.080318,0.178582,0.985000,0.200000,117.535499,0.060604,0.237797,0.975000,0.377778,135.557751,0.060720,0.143998
0.985000,0.600000,100.365256,0.052591,0.212660,0.975000,0.533333,64.967951,0.041893,0.534919,0.985000,0.533333,0.000000,0.062254,0.347848
0.970000,0.044444,67.148508,0.055783,0.123906,0.960000,0.200000,65.596739,0.095507,0.115718,0.955000,0.200000,0.000000,0.100000,0.107622
0.975000,0.244444,67.150730,0.116356,0.040663,0.975000,0.355556,65.596739,0.101996,0.139068,0.975000,0.377778,0.000000,0.100000,0.175597
0.980000,0.177778,63.202165,0.064713,0.054616,0.975000,0.533333,71.611960,0.130246,0.171561,0.975000,0.311111,0.000000,0.097571,0.155504
0.955000,0.044444,0.000000,0.069046,0.076841,0.965000,0.022222,124.861294,0.075179,0.082660,0.955000,0.044444,168.347992,0.078092,0.052089
0.960000,0.022222,0.000000,0.006497,0.110506,0.900000,0.044444,0.000000,0.003948,0.299984,0.935000,0.022222,0.000000,0.019994,0.372459
0.960000,0.222222,0.000000,0.022985,0.191401,0.960000,0.266667,0.000000,0.009686,0.460914,0.970000,0.244444,0.000000,0.022515,0.285268
0.960000,0.022222,0.000000,0.063926,0.125392,0.945000,0.022222,110.458120,0.054432,0.168375,0.955000,0.000000,208.335701,0.061782,0.305928
0.950000,0.044444,0.000000,0.081009,0.075117,0.945000,0.044444,0.000000,0.077968,0.093716,0.945000,0.044444,0.000000,0.061864,0.054121
0.975000,0.222222,285.290524,0.170814,0.032676,0.975000,0.022222,126.664766,0.109881,0.000000,0.970000,0.222222,0.000000,0.089951,0.100753
0.970000,0.000000,230.628562,0.083919,0.119755,0.975000,0.000000,126.664766,0.074429,0.080741,0.965000,0.111111,124.662807,0.035866,0.090129
0.960000,0.111111,0.000000,0.061617,0.098591,0.960000,0.222222,0.000000,0.083601,0.132519,0.970000,0.244444,0.000000,0.065392,0.132263
0.960000,0.022222,0.000000,0.061585,0.117115,0.935000,0.066667,0.000000,0.032044,0.120320,0.945000,0.066667,0.000000,0.059551,0.066126
0.960000,0.000000,110.055579,0.083998,0.013181,0.955000,0.022222,147.043804,0.087175,0.000000,0.945000,0.000000,155.038861,0.086368,0.036952
0.970000,0.022222,108.859290,0.091375,0.000000,0.975000,0.088889,124.861294,0.066213,0.189591,0.965000,0.133333,157.638558,0.064859,0.206822
0.975000,0.222222,67.148508,0.204632,0.168090,0.970000,0.266667,65.596739,0.131065,0.187834,0.970000,0.288889,0.000000,0.095079,0.129238
0.920000,0.088889,0.000000,0.009105,0.288294,0.915000,0.111111,0.000000,0.000049,0.368487,0.955000,0.111111,0.000000,0.000046,0.524138
0.970000,0.088889,112.513075,0.077952,0.174203,0.975000,0.311111,84.028082,0.104543,0.132218,0.975000,0.377778,0.000000,0.098213,0.143669
0.975000,0.000000,195.062970,0.093315,0.032354,0.975000,0.022222,126.664766,0.074637,0.075931,0.965000,0.133333,146.872974,0.072062,0.091784
0.960000,0.000000,0.000000,0.060536,0.129941,0.930000,0.000000,0.000000,0.051654,0.112923,0.935000,0.000000,0.000000,0.043165,0.071087
0.965000,0.000000,78.562494,0.052895,0.158422,0.965000,0.000000,116.016992,0.058061,0.130770,0.955000,0.088889,210.067639,0.068108,0.339511
0.960000,0.111111,0.000000,0.053115,0.098689,0.960000,0.266667,0.000000,0.052574,0.135057,0.970000,0.244444,0.000000,0.035371,0.144121
0.970000,0.000000,243.234079,0.117699,0.007775,0.980000,0.000000,126.664766,0.089718,0.000000,0.935000,0.000000,106.669405,0.070122,0.034963
0.985000,0.088889,193.078439,0.096108,0.047819,0.970000,0.177778,117.535499,0.071770,0.200799,0.970000,0.288889,146.872974,0.031479,0.197572
0.975000,0.000000,199.348519,0.088711,0.023253,0.970000,0.155556,123.418151,0.137897,0.032647,0.970000,0.311111,146.872974,0.048994,0.136907
0.960000,0.111111,0.000000,0.061299,0.098689,0.960000,0.222222,0.000000,0.084232,0.132312,0.970000,0.244444,0.000000,0.034777,0.144321
0.970000,0.000000,227.498407,0.089328,0.115059,0.975000,0.022222,132.791836,0.077117,0.118622,0.955000,0.066667,124.662807,0.020474,0.512159
0.970000,0.066667,63.202165,0.077230,0.050084,0.975000,0.000000,126.664766,0.080938,0.004731,0.960000,0.088889,169.239181,0.084852,0.081045
0.970000,0.000000,148.838905,0.071843,0.150107,0.960000,0.155556,113.901824,0.056148,0.238459,0.965000,0.155556,163.785730,0.045255,0.453800
0.960000,0.088889,0.000000,0.018083,0.167918,0.930000,0.133333,0.000000,0.018716,0.323355,0.935000,0.044444,0.000000,0.019397,0.335433
0.970000,0.000000,226.682219,0.083280,0.128928,0.975000,0.022222,126.664766,0.075266,0.066185,0.960000,0.111111,124.662807,0.031460,0.166319
0.975000,0.622222,47.111829,0.037191,0.234157,0.970000,0.288889,71.611960,0.038528,0.465489,0.980000,0.533333,0.000000,0.031794,0.403723
0.970000,0.044444,126.484389,0.087787,0.036979,0.975000,0.022222,151.599240,0.094486,0.003807,0.960000,0.044444,227.474468,0.124925,0.026147
0.975000,0.000000,184.619884,0.115266,0.028803,0.975000,0.000000,132.791836,0.075800,0.007408,0.955000,0.066667,135.557751,0.090577,0.070048
0.975000,0.000000,240.836257,0.083272,0.118970,0.975000,0.000000,126.664766,0.075266,0.067232,0.965000,0.133333,135.396275,0.037945,0.093004
0.960000,0.000000,153.145799,0.068560,0.142678,0.955000,0.000000,116.016992,0.058575,0.148267,0.950000,0.000000,196.811831,0.067932,0.252457
0.975000,0.000000,223.731470,0.105430,0.008195,0.955000,0.000000,145.358511,0.090592,0.000000,0.950000,0.000000,125.097956,0.055743,0.007448
0.965000,0.066667,0.000000,0.074460,0.043670,0.965000,0.266667,0.000000,0.078805,0.144805,0.970000,0.288889,90.127888,0.074604,0.127248
0.985000,0.600000,190.058678,0.091764,0.192640,0.980000,0.533333,96.746296,0.051502,0.449519,0.985000,0.533333,0.000000,0.098425,0.173273
0.975000,0.088889,63.202165,0.049827,0.164277,0.970000,0.400000,122.111209,0.052303,0.456766,0.975000,0.422222,122.965282,0.044502,0.313317
0.955000,0.022222,0.000000,0.027083,0.119232,0.935000,0.111111,0.000000,0.028627,0.119113,0.960000,0.088889,0.000000,0.025166,0.105017
0.985000,0.600000,145.090608,0.084037,0.174427,0.985000,0.488889,115.429840,0.120595,0.269167,0.980000,0.533333,0.000000,0.100000,0.187638
0.960000,0.022222,69.984570,0.073887,0.086382,0.975000,0.000000,126.664766,0.076039,0.068739,0.950000,0.000000,182.693925,0.078853,0.249380
0.970000,0.155556,64.426859,0.058341,0.172709,0.975000,0.311111,65.596739,0.045391,0.471517,0.975000,0.333333,0.000000,0.091091,0.158838
0.975000,0.622222,43.377064,0.110787,0.145810,0.980000,0.311111,89.580657,0.113024,0.138829,0.985000,0.488889,0.000000,0.092622,0.173242
0.975000,0.022222,174.044301,0.246208,0.010692,0.975000,0.022222,126.664766,0.075994,0.076207,0.970000,0.177778,157.867385,0.044445,0.377858
0.985000,0.111111,87.531299,0.081245,0.044795,0.985000,0.222222,126.664766,0.074639,0.199094,0.975000,0.400000,115.434245,0.058324,0.255076
0.970000,0.000000,225.728677,0.100259,0.040392,0.975000,0.000000,126.664766,0.096360,0.000000,0.960000,0.088889,124.662807,0.055433,0.070044
0.965000,0.000000,67.148508,0.070080,0.099038,0.975000,0.000000,126.664766,0.080701,0.004892,0.960000,0.088889,169.239181,0.088398,0.081360
0.960000,0.022222,110.055579,0.076066,0.005445,0.965000,0.000000,130.559963,0.085502,0.000000,0.950000,0.111111,146.219770,0.084838,0.067383
0.945000,0.044444,0.000000,0.019888,0.201197,0.900000,0.066667,0.000000,0.017027,0.127911,0.935000,0.000000,0.000000,0.018205,0.435407
0.975000,0.022222,105.092353,0.085547,0.127634,0.975000,0.000000,132.791836,0.076747,0.011746,0.955000,0.066667,157.867385,0.066766,0.331133
0.970000,0.022222,182.984608,0.080067,0.135907,0.970000,0.133333,116.016992,0.058060,0.209590,0.965000,0.133333,135.557751,0.030531,0.483456
0.970000,0.377778,69.252306,0.041429,0.220001,0.970000,0.400000,0.000000,0.071412,0.204348,0.980000,0.333333,0.000000,0.088103,0.172023
0.975000,0.000000,122.124015,0.091140,0.000000,0.975000,0.000000,132.791836,0.102586,0.000000,0.970000,0.377778,176.160975,0.115210,0.114820
0.945000,0.066667,0.000000,0.064485,0.075013,0.940000,0.088889,0.000000,0.065842,0.092129,0.945000,0.044444,0.000000,0.055701,0.076883
0.975000,0.155556,95.718638,0.079166,0.167243,0.975000,0.355556,64.967951,0.038170,0.480320,0.975000,0.333333,0.000000,0.009411,0.472487
0.950000,0.044444,0.000000,0.122548,0.063365,0.955000,0.000000,0.000000,0.083796,0.105275,0.955000,0.066667,90.127888,0.057926,0.073348
0.960000,0.111111,41.926268,0.052516,0.161194,0.960000,0.222222,0.000000,0.042515,0.155197,0.970000,0.177778,0.000000,0.044350,0.130205
0.975000,0.000000,196.247283,0.080167,0.129933,0.980000,0.000000,132.791836,0.079758,0.004512,0.970000,0.422222,173.525317,0.103694,0.118159
0.975000,0.377778,67.150730,0.068066,0.145294,0.975000,0.377778,65.596739,0.100976,0.174481,0.980000,0.377778,0.000000,0.100000,0.175597
0.955000,0.000000,0.000000,0.068060,0.148865,0.975000,0.000000,130.559963,0.066934,0.088445,0.950000,0.022222,182.693925,0.063097,0.499501
0.980000,0.244444,72.096035,0.077547,0.051468,0.975000,0.022222,132.791836,0.105833,0.000000,0.965000,0.288889,0.000000,0.095266,0.129182
0.970000,0.000000,243.011680,0.114253,0.004160,0.975000,0.000000,126.664766,0.096631,0.000000,0.960000,0.066667,142.335488,0.085642,0.070386
0.960000,0.022222,150.473097,0.072580,0.132425,0.970000,0.044444,117.535499,0.076613,0.022316,0.965000,0.044444,218.203559,0.105417,0.032122
0.965000,0.311111,0.000000,0.029002,0.197107,0.960000,0.222222,0.000000,0.061022,0.135027,0.975000,0.333333,0.000000,0.025596,0.306296
0.955000,0.022222,0.000000,0.000000,0.149047,0.950000,0.288889,0.000000,0.003100,0.455515,0.970000,0.288889,0.000000,0.000000,0.448005
0.980000,0.088889,115.897653,0.096125,0.027871,0.985000,0.444444,117.535499,0.093371,0.231655,0.970000,0.422222,0.000000,0.090877,0.193250
0.955000,0.000000,0.000000,0.098670,0.119843,0.955000,0.044444,84.028082,0.092072,0.112861,0.955000,0.066667,0.000000,0.057143,0.069053
0.940000,0.000000,0.000000,0.076565,0.049680,0.945000,0.088889,0.000000,0.121234,0.078046,0.945000,0.066667,0.000000,0.070003,0.070713
0.970000,0.022222,240.836257,0.080253,0.138761,0.975000,0.022222,126.664766,0.074536,0.063671,0.960000,0.111111,141.048537,0.078659,0.088865
0.970000,0.466667,0.000000,0.102875,0.147808,0.975000,0.333333,71.611960,0.103039,0.136161,0.975000,0.333333,0.000000,0.091128,0.140875
0.960000,0.000000,23.627202,0.064390,0.104966,0.980000,0.000000,132.791836,0.075193,0.038477,0.950000,0.000000,194.484990,0.081324,0.152937
0.975000,0.377778,67.150730,0.130104,0.053132,0.975000,0.377778,71.611960,0.130018,0.161919,0.975000,0.333333,0.000000,0.089465,0.157178
0.970000,0.111111,244.428237,0.118469,0.039876,0.985000,0.155556,122.432732,0.120427,0.034898,0.970000,0.377778,0.000000,0.098099,0.140928
0.960000,0.133333,43.377064,0.082610,0.058054,0.960000,0.222222,0.000000,0.043408,0.154372,0.975000,0.177778,0.000000,0.043398,0.130835
0.970000,0.000000,236.889913,0.083547,0.128928,0.975000,0.022222,126.664766,0.075461,0.066185,0.960000,0.111111,135.396275,0.068373,0.090381
0.975000,0.244444,67.148508,0.049784,0.165900,0.970000,0.377778,116.200518,0.042143,0.435664,0.975000,0.422222,108.249759,0.029770,0.346440
0.955000,0.000000,0.000000,0.067753,0.109719,0.935000,0.022222,0.000000,0.061792,0.107667,0.945000,0.066667,0.000000,0.052731,0.068341
0.965000,0.088889,45.123370,0.065257,0.163432,0.955000,0.200000,0.000000,0.041120,0.153588,0.960000,0.133333,105.253715,0.037926,0.112157
0.950000,0.000000,0.000000,0.000000,0.170613,0.900000,0.000000,0.000000,0.000000,0.281028,0.935000,0.000000,0.000000,0.019998,0.383451
0.970000,0.022222,141.102430,0.079065,0.126024,0.975000,0.000000,132.791836,0.081945,0.004805,0.960000,0.044444,219.291294,0.105628,0.072060
0.975000,0.000000,184.951519,0.084170,0.111276,0.955000,0.000000,145.358511,0.076961,0.102068,0.950000,0.000000,153.281989,0.067865,0.169825
0.975000,0.155556,141.016822,0.077110,0.186133,0.970000,0.400000,0.000000,0.072972,0.203802,0.980000,0.333333,0.000000,0.042185,0.254834
0.965000,0.000000,240.836257,0.124921,0.003507,0.975000,0.000000,140.628065,0.102277,0.007618,0.950000,0.000000,157.638558,0.115789,0.002006
0.960000,0.000000,196.137022,0.071214,0.141376,0.955000,0.000000,116.016992,0.058060,0.148645,0.950000,0.000000,184.913278,0.066505,0.258016
0.965000,0.088889,0.000000,0.077944,0.046614,0.965000,0.200000,0.000000,0.103734,0.118823,0.965000,0.244444,0.000000,0.098571,0.121131
0.960000,0.000000,115.434245,0.084249,0.021964,0.965000,0.000000,117.535499,0.070745,0.019147,0.940000,0.044444,131.078081,0.076273,0.039426
0.975000,0.333333,63.202165,0.035940,0.199035,0.970000,0.444444,0.000000,0.098021,0.206673,0.975000,0.422222,0.000000,0.098915,0.185442
0.970000,0.044444,188.965842,0.113546,0.034842,0.965000,0.200000,0.000000,0.088215,0.135184,0.970000,0.200000,0.000000,0.074885,0.091670
0.975000,0.244444,67.150730,0.069446,0.070340,0.975000,0.355556,71.611960,0.099933,0.139821,0.975000,0.333333,0.000000,0.100000,0.165454
0.985000,0.266667,277.995922,0.089847,0.199345,0.985000,0.222222,126.664766,0.073984,0.198406,0.975000,0.488889,38.341938,0.078766,0.173001
0.960000,0.622222,0.000000,0.043558,0.236655,0.970000,0.400000,0.000000,0.071152,0.199954,0.975000,0.288889,0.000000,0.074552,0.129553
0.970000,0.177778,68.535360,0.118453,0.042897,0.970000,0.311111,78.178776,0.044770,0.472035,0.970000,0.288889,17.009508,0.070212,0.136751
0.985000,0.111111,194.262753,0.091612,0.130006,0.985000,0.155556,126.664766,0.089913,0.059233,0.980000,0.444444,146.872974,0.087542,0.163213
0.975000,0.422222,64.426859,0.034262,0.217386,0.970000,0.400000,0.000000,0.061049,0.201328,0.975000,0.266667,0.000000,0.029374,0.198307
0.955000,0.000000,110.055579,0.082438,0.027688,0.975000,0.000000,132.791836,0.078705,0.002227,0.955000,0.044444,156.958832,0.074503,0.047493
0.980000,0.066667,100.365256,0.123082,0.012871,0.985000,0.200000,132.791836,0.132480,0.056518,0.980000,0.444444,90.127888,0.099951,0.166551
0.970000,0.022222,187.270157,0.089678,0.039877,0.970000,0.088889,123.418151,0.083468,0.047295,0.965000,0.155556,131.286940,0.042608,0.094415
0.965000,0.000000,63.202165,0.078176,0.028575,0.965000,0.000000,124.861294,0.085431,0.005311,0.960000,0.088889,168.710131,0.131068,0.063314
0.970000,0.000000,240.836257,0.103009,0.040741,0.975000,0.000000,130.559963,0.087157,0.005053,0.960000,0.066667,135.396275,0.071582,0.068294
0.975000,0.044444,184.168921,0.096564,0.013927,0.975000,0.000000,132.791836,0.086844,0.000000,0.975000,0.377778,135.557751,0.094797,0.141995
0.975000,0.000000,233.651191,0.100613,0.038446,0.975000,0.000000,126.664766,0.091821,0.000000,0.960000,0.088889,136.481870,0.127092,0.052008
0.955000,0.044444,0.000000,0.038803,0.115262,0.920000,0.088889,0.000000,0.039381,0.113845,0.950000,0.066667,0.000000,0.035011,0.088292
0.970000,0.000000,161.795504,0.101373,0.018771,0.965000,0.000000,117.535499,0.105975,0.000000,0.965000,0.044444,209.392317,0.152720,0.015626
0.970000,0.222222,67.365964,0.149392,0.041462,0.975000,0.333333,84.028082,0.114453,0.132609,0.980000,0.422222,0.000000,0.097342,0.157823
0.975000,0.155556,266.226424,0.243234,0.169750,0.980000,0.022222,132.791836,0.104898,0.000000,0.970000,0.111111,39.199410,0.099821,0.192957
0.975000,0.088889,177.258264,0.183883,0.155032,0.985000,0.044444,126.664766,0.081854,0.066575,0.970000,0.222222,157.867385,0.093393,0.192755
0.975000,0.244444,67.148508,0.303043,0.049031,0.965000,0.244444,0.000000,0.094751,0.710081,0.970000,0.266667,0.000000,0.079400,0.118721
0.980000,0.088889,193.078439,0.084941,0.172802,0.970000,0.133333,117.535499,0.099228,0.038700,0.970000,0.266667,146.872974,0.075016,0.121619
0.965000,0.000000,151.881418,0.107877,0.122533,0.970000,0.000000,145.358511,0.083073,0.094540,0.970000,0.044444,218.482929,0.126941,0.067470
0.975000,0.177778,63.202165,0.290120,0.047194,0.970000,0.288889,63.800735,0.044937,0.780220,0.970000,0.311111,35.329758,0.046389,0.153062
0.975000,0.133333,68.522582,0.064043,0.192085,0.985000,0.311111,106.291103,0.059870,0.366619,0.965000,0.288889,0.000000,0.027334,0.391263
0.975000,0.244444,63.202165,0.277367,0.061703,0.970000,0.333333,26.685771,0.044267,0.768374,0.980000,0.311111,0.000000,0.044496,0.171827
0.975000,0.000000,196.247283,0.084959,0.133263,0.970000,0.111111,123.418151,0.103500,0.037699,0.970000,0.288889,146.872974,0.075016,0.121619
0.970000,0.000000,241.687108,0.105581,0.010335,0.975000,0.000000,126.664766,0.088195,0.000000,0.950000,0.000000,135.396275,0.085765,0.033082
0.975000,0.066667,200.521548,0.084959,0.166839,0.970000,0.133333,117.535499,0.131497,0.027587,0.970000,0.266667,146.872974,0.071756,0.122826
0.980000,0.111111,223.731470,0.177307,0.025689,0.975000,0.311111,140.628065,0.151394,0.104477,0.985000,0.400000,145.979363,0.098930,0.138412
0.985000,0.600000,122.408117,0.114896,0.150056,0.980000,0.511111,102.583967,0.145102,0.176348,0.985000,0.533333,0.000000,0.100000,0.187638
0.965000,0.622222,0.000000,0.011615,0.242463,0.965000,0.288889,0.000000,0.002380,0.461171,0.975000,0.333333,0.000000,0.005134,0.444602
0.990000,0.600000,244.428237,0.061743,0.215492,0.985000,0.511111,106.291103,0.067196,0.436763,0.980000,0.533333,0.000000,0.033740,0.403723
0.940000,0.000000,0.000000,0.018403,0.219795,0.915000,0.111111,0.000000,0.019925,0.216107,0.935000,0.000000,0.000000,0.019864,0.290043
0.935000,0.044444,0.000000,0.080877,0.077397,0.915000,0.022222,0.000000,0.065391,0.077312,0.935000,0.022222,0.000000,0.057553,0.055054
0.975000,0.600000,43.377064,0.025590,0.231812,0.975000,0.311111,71.611960,0.048538,0.464157,0.980000,0.533333,0.000000,0.048046,0.403723
0.935000,0.000000,0.000000,0.073370,0.072141,0.905000,0.000000,0.000000,0.078296,0.070245,0.935000,0.000000,0.000000,0.062637,0.053343
0.985000,0.177778,194.896161,0.108177,0.029256,0.985000,0.133333,132.791836,0.100914,0.039350,0.970000,0.422222,41.134129,0.091829,0.153935
0.940000,0.000000,0.000000,0.044905,0.075738,0.900000,0.000000,0.000000,0.045843,0.101934,0.935000,0.000000,0.000000,0.042411,0.059886
0.960000,0.066667,0.000000,0.074485,0.095288,0.955000,0.111111,0.000000,0.057456,0.104317,0.950000,0.066667,0.000000,0.038585,0.088400
0.965000,0.000000,235.333258,0.161555,0.000000,0.975000,0.000000,132.791836,0.097070,0.000000,0.965000,0.044444,153.281989,0.122726,0.133424
0.950000,0.000000,0.000000,0.069890,0.094575,0.920000,0.000000,0.000000,0.068719,0.098910,0.935000,0.000000,0.000000,0.050765,0.054451
0.990000,0.600000,240.416071,0.062084,0.215437,0.985000,0.511111,100.561130,0.128442,0.200634,0.980000,0.533333,0.000000,0.072647,0.347416
0.975000,0.066667,193.523519,0.084757,0.156026,0.975000,0.222222,113.901824,0.057647,0.244530,0.975000,0.377778,0.000000,0.074280,0.151945
0.975000,0.622222,71.131808,0.028469,0.226610,0.970000,0.400000,0.000000,0.067565,0.200310,0.985000,0.533333,0.000000,0.054801,0.376531
0.975000,0.044444,143.241418,0.078763,0.145781,0.970000,0.377778,100.561130,0.119493,0.182085,0.975000,0.422222,0.000000,0.100000,0.156903
0.945000,0.066667,0.000000,0.001804,0.197889,0.910000,0.088889,0.000000,0.002634,0.379149,0.950000,0.066667,0.000000,0.000000,0.537561
0.975000,0.066667,111.318916,0.105641,0.037816,0.965000,0.266667,0.000000,0.122766,0.119467,0.970000,0.200000,0.000000,0.093513,0.121065
0.970000,0.311111,69.388790,0.059573,0.196383,0.975000,0.266667,100.561130,0.055563,0.296500,0.975000,0.422222,90.127888,0.066003,0.200019
0.975000,0.222222,64.065343,0.117389,0.043964,0.970000,0.333333,65.596739,0.116095,0.128818,0.975000,0.311111,0.000000,0.097721,0.155458
0.970000,0.066667,105.098178,0.076318,0.167549,0.975000,0.155556,147.043804,0.076367,0.217290,0.970000,0.288889,160.036552,0.057575,0.140030
0.985000,0.066667,98.517482,0.065638,0.058922,0.985000,0.422222,117.535499,0.111142,0.180054,0.980000,0.533333,0.000000,0.094624,0.175512
0.975000,0.622222,78.055090,0.031413,0.226610,0.970000,0.400000,0.000000,0.067565,0.200486,0.985000,0.533333,0.000000,0.054801,0.332397
0.970000,0.044444,63.202165,0.261027,0.035939,0.965000,0.111111,0.000000,0.087289,0.225844,0.965000,0.177778,0.000000,0.077977,0.122134
0.970000,0.044444,67.150730,0.237623,0.029945,0.970000,0.133333,84.028082,0.144953,0.167667,0.960000,0.155556,0.000000,0.064765,0.126748
0.970000,0.066667,67.150730,0.082799,0.042612,0.960000,0.200000,0.000000,0.080512,0.118636,0.965000,0.200000,0.000000,0.092567,0.121382
0.980000,0.311111,83.817175,0.037130,0.179996,0.985000,0.133333,124.861294,0.091030,0.044951,0.975000,0.422222,115.434245,0.093289,0.161288
0.935000,0.066667,0.000000,0.040585,0.079533,0.900000,0.066667,0.000000,0.044220,0.085223,0.935000,0.000000,0.000000,0.026554,0.064689
0.960000,0.111111,43.377064,0.059790,0.094848,0.955000,0.222222,0.000000,0.067001,0.146552,0.970000,0.200000,0.000000,0.025925,0.185831
0.960000,0.000000,110.055579,0.092692,0.018794,0.965000,0.022222,124.861294,0.087621,0.014710,0.945000,0.000000,146.219770,0.068502,0.030320
0.955000,0.044444,0.000000,0.068698,0.157998,0.955000,0.066667,0.000000,0.035105,0.113004,0.955000,0.088889,0.000000,0.033835,0.090453
0.930000,0.000000,0.000000,0.076629,0.084304,0.915000,0.000000,0.000000,0.077521,0.069221,0.935000,0.000000,0.000000,0.055987,0.055783
0.930000,0.088889,0.000000,0.021060,0.265676,0.925000,0.133333,0.000000,0.019837,0.258249,0.935000,0.000000,0.000000,0.019452,0.320992
0.960000,0.044444,0.000000,0.000000,0.158329,0.950000,0.200000,0.000000,0.000000,0.428934,0.960000,0.111111,0.000000,0.000000,0.504759
0.975000,0.200000,114.582269,0.132546,0.049901,0.970000,0.466667,26.685771,0.099993,0.168151,0.980000,0.333333,0.000000,0.097686,0.139288
0.955000,0.022222,101.005488,0.079380,0.129642,0.970000,0.022222,151.599240,0.085858,0.108876,0.950000,0.022222,146.435976,0.077069,0.049157
0.975000,0.088889,154.960914,0.088820,0.114701,0.970000,0.422222,0.000000,0.100000,0.202279,0.975000,0.266667,0.000000,0.093384,0.132637
0.980000,0.111111,147.227628,0.164537,0.015547,0.975000,0.311111,140.628065,0.151394,0.104477,0.975000,0.400000,177.699881,0.098930,0.138412
0.975000,0.044444,187.044012,0.095759,0.028308,0.975000,0.088889,147.043804,0.120559,0.019174,0.970000,0.288889,153.281989,0.060813,0.143808
0.985000,0.266667,104.728134,0.057292,0.196849,0.985000,0.466667,116.016992,0.080945,0.270455,0.980000,0.444444,90.127888,0.055846,0.329120
0.955000,0.022222,110.055579,0.090108,0.129582,0.955000,0.022222,147.043804,0.076499,0.122827,0.950000,0.022222,156.958832,0.070380,0.092617
0.975000,0.200000,71.651513,0.057912,0.166881,0.975000,0.288889,100.561130,0.055204,0.306356,0.975000,0.422222,98.708063,0.065384,0.226900
0.975000,0.333333,45.123370,0.061692,0.203954,0.970000,0.377778,71.611960,0.040146,0.490034,0.975000,0.377778,0.000000,0.037895,0.307249
0.960000,0.000000,101.005488,0.074753,0.104342,0.965000,0.000000,124.861294,0.081065,0.000000,0.945000,0.000000,135.605695,0.025602,0.746594
0.960000,0.155556,23.045842,0.052838,0.164163,0.965000,0.000000,117.535499,0.064853,0.146952,0.970000,0.222222,147.499446,0.063215,0.130687
0.960000,0.022222,47.727820,0.066808,0.113112,0.975000,0.000000,126.664766,0.074315,0.080810,0.945000,0.000000,153.438995,0.044682,0.038992
0.985000,0.088889,184.951519,0.118340,0.035970,0.975000,0.111111,151.599240,0.108835,0.007511,0.970000,0.266667,135.557751,0.086574,0.122017
0.975000,0.266667,63.202165,0.036968,0.179675,0.970000,0.422222,107.054333,0.049027,0.452967,0.985000,0.488889,0.000000,0.028150,0.457019
0.985000,0.088889,292.236034,0.089676,0.165475,0.985000,0.066667,132.791836,0.075505,0.158539,0.975000,0.444444,29.476046,0.086522,0.163567
0.935000,0.000000,0.000000,0.078860,0.074826,0.925000,0.066667,0.000000,0.067302,0.078285,0.935000,0.022222,17.009508,0.046521,0.074098
0.960000,0.088889,148.753015,0.060392,0.161860,0.970000,0.044444,129.595229,0.064496,0.162999,0.960000,0.155556,44.540754,0.074521,0.081225
0.980000,0.200000,115.453142,0.079818,0.166678,0.975000,0.311111,84.028082,0.051354,0.467304,0.980000,0.444444,0.000000,0.030370,0.401283
0.975000,0.400000,45.213287,0.081324,0.148351,0.975000,0.422222,65.596739,0.125793,0.169771,0.975000,0.422222,0.000000,0.094493,0.164763
0.970000,0.222222,67.150730,0.071387,0.128822,0.970000,0.333333,71.611960,0.116414,0.128516,0.975000,0.422222,0.000000,0.099120,0.185369
0.970000,0.044444,187.270157,0.087211,0.133166,0.975000,0.111111,145.358511,0.094088,0.198132,0.970000,0.288889,131.286940,0.053267,0.138228
0.985000,0.333333,290.331191,0.095387,0.188268,0.985000,0.155556,126.664766,0.078901,0.184539,0.980000,0.444444,0.000000,0.085158,0.164040
0.955000,0.044444,0.000000,0.032166,0.126013,0.920000,0.088889,0.000000,0.024492,0.119560,0.950000,0.066667,0.000000,0.028311,0.077900
0.970000,0.000000,247.814618,0.100437,0.004017,0.960000,0.000000,147.043804,0.099861,0.003978,0.950000,0.000000,154.789843,0.081020,0.012690
0.985000,0.133333,200.532832,0.083603,0.187845,0.985000,0.133333,132.791836,0.074226,0.196467,0.980000,0.533333,142.315043,0.072121,0.268019
0.955000,0.044444,0.000000,0.059668,0.138279,0.955000,0.044444,96.746296,0.050147,0.231033,0.955000,0.088889,0.000000,0.034320,0.101340
0.985000,0.200000,279.828047,0.123359,0.047504,0.985000,0.155556,132.791836,0.100914,0.039350,0.975000,0.400000,19.281725,0.092294,0.159572
0.960000,0.000000,110.055579,0.078217,0.118243,0.975000,0.000000,130.559963,0.088307,0.004945,0.945000,0.000000,160.380126,0.098478,0.030248
0.975000,0.088889,187.044012,0.269976,0.032624,0.985000,0.111111,132.791836,0.089936,0.036271,0.975000,0.266667,135.557751,0.047809,0.493749
0.955000,0.022222,0.000000,0.058173,0.139712,0.945000,0.022222,84.028082,0.052906,0.297368,0.940000,0.022222,157.867385,0.048745,0.671071
0.970000,0.111111,45.123370,0.248185,0.166559,0.965000,0.111111,0.000000,0.008274,0.462692,0.965000,0.222222,0.000000,0.077888,0.115527
0.980000,0.000000,197.363989,0.115687,0.000000,0.975000,0.200000,147.043804,0.170182,0.011559,0.970000,0.266667,164.977405,0.112669,0.111226
0.970000,0.022222,95.718638,0.106761,0.006721,0.985000,0.200000,147.043804,0.152629,0.017141,0.970000,0.333333,208.335701,0.133784,0.115766
0.970000,0.111111,122.408117,0.092036,0.161846,0.970000,0.266667,100.561130,0.088299,0.136279,0.970000,0.422222,0.000000,0.088727,0.189057
0.980000,0.022222,187.270157,0.082124,0.126051,0.985000,0.066667,126.664766,0.114278,0.000000,0.975000,0.488889,162.822782,0.093502,0.125480
0.975000,0.044444,184.593093,0.089567,0.054083,0.975000,0.088889,147.043804,0.128130,0.021793,0.970000,0.377778,178.882430,0.102950,0.127526
0.970000,0.177778,123.806522,0.140099,0.027076,0.975000,0.311111,64.967951,0.136917,0.124072,0.975000,0.333333,0.000000,0.090411,0.141100
0.990000,0.600000,100.365256,0.038574,0.222334,0.975000,0.488889,110.458120,0.051083,0.425766,0.985000,0.533333,0.000000,0.040452,0.406068
0.970000,0.088889,141.016822,0.111292,0.041143,0.970000,0.311111,64.967951,0.120156,0.122642,0.980000,0.311111,0.000000,0.100000,0.154757
0.985000,0.577778,104.728134,0.044806,0.206328,0.985000,0.400000,116.016992,0.057833,0.269473,0.980000,0.444444,90.127888,0.057779,0.329120
0.950000,0.022222,0.000000,0.000975,0.142238,0.900000,0.044444,0.000000,0.006031,0.296043,0.945000,0.066667,0.000000,0.002520,0.610968
0.965000,0.311111,0.000000,0.100018,0.100080,0.970000,0.444444,25.536379,0.090757,0.171657,0.975000,0.333333,0.000000,0.094390,0.171622
0.975000,0.377778,67.150730,0.062490,0.202377,0.970000,0.466667,0.000000,0.089719,0.335123,0.980000,0.400000,0.000000,0.064724,0.188012
0.955000,0.022222,45.969415,0.078005,0.110996,0.955000,0.022222,147.043804,0.091565,0.000000,0.950000,0.044444,157.638558,0.081865,0.043106
0.965000,0.066667,121.205462,0.243268,0.165705,0.960000,0.111111,0.000000,0.075256,0.219475,0.965000,0.111111,135.396275,0.085314,0.054330
0.970000,0.111111,123.820421,0.085973,0.171768,0.975000,0.311111,71.198377,0.049450,0.478505,0.975000,0.311111,0.000000,0.053775,0.168974
0.980000,0.111111,279.828047,0.111552,0.042991,0.975000,0.000000,126.664766,0.086834,0.000000,0.975000,0.222222,0.000000,0.096090,0.129656
0.960000,0.000000,14.031042,0.087359,0.016338,0.965000,0.000000,124.861294,0.090758,0.000753,0.945000,0.000000,138.186183,0.094627,0.021380
0.960000,0.000000,101.005488,0.100832,0.018794,0.965000,0.000000,124.861294,0.087621,0.004839,0.945000,0.000000,135.605695,0.068357,0.030317
0.960000,0.000000,101.005488,0.090690,0.016949,0.975000,0.000000,124.861294,0.086039,0.011024,0.945000,0.000000,135.605695,0.109600,0.016447
0.970000,0.088889,71.713372,0.089733,0.049102,0.970000,0.177778,89.580657,0.099004,0.118528,0.960000,0.200000,0.000000,0.099922,0.101618
0.970000,0.200000,67.148508,0.077639,0.053891,0.970000,0.466667,0.000000,0.088511,0.222639,0.975000,0.333333,0.000000,0.021630,0.363794
0.960000,0.022222,0.000000,0.054361,0.139082,0.955000,0.000000,115.429840,0.065176,0.147727,0.950000,0.000000,208.335701,0.064434,0.300484
0.960000,0.000000,0.000000,0.072492,0.008303,0.975000,0.000000,126.664766,0.079210,0.004798,0.925000,0.000000,0.000000,0.059096,0.029263
0.970000,0.133333,45.123370,0.061902,0.147471,0.955000,0.222222,0.000000,0.000873,0.445732,0.975000,0.222222,0.000000,0.024748,0.201644
0.960000,0.066667,0.000000,0.000908,0.171498,0.950000,0.222222,0.000000,0.001240,0.434564,0.975000,0.222222,0.000000,0.000666,0.483066
0.980000,0.044444,194.262753,0.086654,0.122860,0.980000,0.111111,145.358511,0.094088,0.195442,0.970000,0.288889,164.977405,0.066695,0.139242
0.960000,0.000000,110.055579,0.089118,0.017194,0.975000,0.000000,130.559963,0.079614,0.000000,0.950000,0.000000,160.380126,0.111793,0.025604
0.945000,0.000000,0.000000,0.008432,0.139659,0.900000,0.066667,0.000000,0.002584,0.320246,0.935000,0.000000,0.000000,0.019983,0.355131
0.930000,0.088889,0.000000,0.023441,0.279035,0.920000,0.088889,0.000000,0.000000,0.353242,0.935000,0.022222,0.000000,0.017451,0.447817
0.960000,0.066667,0.000000,0.000603,0.150933,0.950000,0.200000,0.000000,0.000517,0.434189,0.975000,0.333333,0.000000,0.000833,0.451310
0.965000,0.000000,222.229098,0.133333,0.154222,0.975000,0.000000,132.791836,0.087448,0.000000,0.960000,0.000000,199.429293,0.144406,0.090711
0.950000,0.000000,0.000000,0.071457,0.089204,0.925000,0.088889,0.000000,0.068109,0.096333,0.935000,0.022222,0.000000,0.056710,0.053772
0.975000,0.000000,110.333441,0.076324,0.009730,0.975000,0.000000,126.664766,0.094111,0.000000,0.960000,0.044444,244.999846,0.113451,0.059778
0.945000,0.000000,0.000000,0.035680,0.094470,0.915000,0.088889,0.000000,0.034232,0.103906,0.945000,0.044444,0.000000,0.028942,0.064174
0.965000,0.000000,237.164758,0.131373,0.137788,0.975000,0.022222,130.559963,0.085699,0.000000,0.960000,0.022222,184.503596,0.117489,0.098879
0.960000,0.044444,0.000000,0.035599,0.120944,0.940000,0.133333,0.000000,0.032110,0.119947,0.950000,0.066667,0.000000,0.026814,0.083409
0.970000,0.622222,0.000000,0.031536,0.241234,0.970000,0.422222,107.054333,0.040690,0.458883,0.980000,0.533333,0.000000,0.033556,0.406068
0.945000,0.000000,0.000000,0.080885,0.145862,0.945000,0.000000,0.000000,0.078147,0.093859,0.940000,0.000000,105.253715,0.065539,0.050798
0.955000,0.133333,0.000000,0.009182,0.195573,0.955000,0.244444,0.000000,0.000524,0.453298,0.970000,0.244444,0.000000,0.000585,0.449936
0.940000,0.000000,0.000000,0.101540,0.073036,0.950000,0.000000,0.000000,0.093479,0.087648,0.945000,0.000000,0.000000,0.042326,0.075238
0.940000,0.000000,72.433184,0.119070,0.065677,0.950000,0.000000,0.000000,0.128530,0.066977,0.945000,0.066667,0.000000,0.087247,0.052042
0.970000,0.422222,0.000000,0.039220,0.226651,0.970000,0.422222,122.111209,0.056027,0.459268,0.980000,0.533333,117.797387,0.026790,0.494666
0.965000,0.044444,126.585193,0.057730,0.124565,0.980000,0.044444,130.559963,0.066934,0.184534,0.965000,0.222222,0.000000,0.052677,0.131713
0.965000,0.155556,110.055579,0.067792,0.141648,0.955000,0.000000,120.328165,0.073701,0.126893,0.955000,0.111111,0.000000,0.071021,0.065460
0.985000,0.044444,279.828047,0.094364,0.142818,0.985000,0.088889,132.791836,0.098997,0.000000,0.980000,0.444444,0.000000,0.087319,0.170417
0.960000,0.000000,115.747822,0.071530,0.030376,0.960000,0.000000,123.418151,0.072082,0.013020,0.930000,0.000000,44.972539,0.062833,0.031719
0.955000,0.000000,0.000000,0.066636,0.110517,0.930000,0.000000,0.000000,0.065594,0.106295,0.935000,0.000000,0.000000,0.040482,0.058665
0.970000,0.022222,282.032237,0.132370,0.018799,0.965000,0.022222,123.418151,0.104742,0.006441,0.960000,0.044444,0.000000,0.074506,0.058426
0.960000,0.022222,0.000000,0.028973,0.121463,0.935000,0.111111,0.000000,0.057926,0.121902,0.955000,0.088889,0.000000,0.025780,0.102859
0.970000,0.088889,122.394249,0.093960,0.032327,0.975000,0.088889,122.432732,0.086716,0.037106,0.965000,0.377778,0.000000,0.080331,0.191963
0.955000,0.000000,170.182683,0.125549,0.154829,0.955000,0.000000,0.000000,0.044511,0.102571,0.955000,0.000000,24.219293,0.094947,0.008717
0.975000,0.622222,0.000000,0.025371,0.237287,0.975000,0.244444,106.291103,0.054541,0.298135,0.975000,0.422222,0.000000,0.058298,0.282183
0.985000,0.155556,293.765151,0.095847,0.191083,0.975000,0.000000,126.664766,0.074102,0.061774,0.970000,0.222222,0.000000,0.089429,0.126713
0.930000,0.000000,0.000000,0.079826,0.084516,0.915000,0.000000,0.000000,0.055983,0.077150,0.935000,0.000000,0.000000,0.068230,0.066002
0.950000,0.022222,0.000000,0.050764,0.087148,0.925000,0.088889,0.000000,0.048196,0.097638,0.955000,0.066667,0.000000,0.039959,0.085648
0.965000,0.133333,266.214494,0.183049,0.043983,0.975000,0.022222,126.664766,0.077671,0.103408,0.970000,0.111111,201.277043,0.101439,0.271817
0.970000,0.044444,236.260010,0.102980,0.031326,0.985000,0.022222,132.791836,0.095271,0.000000,0.960000,0.066667,135.396275,0.083406,0.063012
0.965000,0.022222,218.492546,0.155178,0.026537,0.980000,0.022222,126.664766,0.107849,0.000000,0.960000,0.044444,136.372306,0.126809,0.138533
0.940000,0.000000,0.000000,0.022677,0.082116,0.900000,0.000000,0.000000,0.026095,0.113610,0.935000,0.000000,0.000000,0.026252,0.064085
0.980000,0.044444,217.338365,0.084594,0.146900,0.970000,0.222222,122.432732,0.141624,0.030297,0.975000,0.377778,0.000000,0.098292,0.149644
0.955000,0.377778,0.000000,0.017051,0.259976,0.940000,0.133333,0.000000,0.019837,0.277574,0.935000,0.044444,0.000000,0.019376,0.334208
0.980000,0.088889,122.799587,0.069598,0.175056,0.985000,0.177778,123.418151,0.065640,0.239561,0.970000,0.355556,0.000000,0.055623,0.223833
0.960000,0.000000,208.451367,0.243851,0.000000,0.980000,0.000000,132.791836,0.150097,0.000000,0.970000,0.000000,177.528149,0.152054,0.148232
0.960000,0.266667,0.000000,0.001483,0.198819,0.955000,0.400000,0.000000,0.000000,0.488205,0.985000,0.377778,0.000000,0.000910,0.510866
0.960000,0.000000,0.000000,0.048978,0.137124,0.965000,0.000000,113.901824,0.057148,0.157139,0.955000,0.066667,208.335701,0.063193,0.433772
0.985000,0.066667,293.383345,0.100409,0.143780,0.980000,0.044444,126.664766,0.089406,0.022809,0.970000,0.222222,0.000000,0.070244,0.137050
0.980000,0.622222,0.000000,0.106337,0.180028,0.985000,0.155556,117.535499,0.103562,0.044334,0.985000,0.533333,90.127888,0.099192,0.172935
0.955000,0.000000,0.000000,0.072403,0.143493,0.955000,0.000000,100.561130,0.055403,0.148626,0.950000,0.000000,209.599195,0.067379,0.124840
0.965000,0.000000,234.248861,0.134980,0.145421,0.985000,0.022222,126.664766,0.107932,0.000000,0.960000,0.044444,173.714421,0.082772,0.152154
0.960000,0.022222,0.000000,0.026901,0.130785,0.950000,0.177778,0.000000,0.027290,0.123379,0.960000,0.111111,0.000000,0.026684,0.112349
0.945000,0.000000,31.414704,0.104866,0.145308,0.950000,0.022222,0.000000,0.033420,0.112460,0.950000,0.000000,0.000000,0.026276,0.091067
0.955000,0.022222,0.000000,0.058082,0.109201,0.920000,0.044444,0.000000,0.056563,0.109835,0.945000,0.044444,0.000000,0.057326,0.060286
0.975000,0.044444,148.250198,0.085657,0.044625,0.975000,0.022222,132.791836,0.080253,0.058091,0.960000,0.177778,0.000000,0.066930,0.135550
0.990000,0.355556,197.738880,0.085163,0.199747,0.985000,0.133333,124.861294,0.091325,0.049793,0.980000,0.444444,126.585193,0.096247,0.156885
0.960000,0.000000,11.039442,0.096334,0.017714,0.965000,0.022222,117.535499,0.090625,0.011426,0.945000,0.044444,124.662807,0.120681,0.027087
0.960000,0.377778,0.000000,0.022400,0.231594,0.940000,0.133333,0.000000,0.019338,0.318033,0.975000,0.266667,0.000000,0.019587,0.418298
0.980000,0.155556,290.340471,0.107928,0.167841,0.975000,0.022222,126.664766,0.075470,0.090950,0.970000,0.200000,0.000000,0.082118,0.177772
0.960000,0.044444,0.000000,0.078458,0.127884,0.965000,0.000000,117.535499,0.066967,0.126180,0.945000,0.044444,136.544986,0.072057,0.050192
0.975000,0.133333,67.150730,0.053104,0.179762,0.970000,0.311111,65.596739,0.042365,0.468797,0.980000,0.488889,0.000000,0.060385,0.343441
0.965000,0.000000,223.188879,0.240918,0.000000,0.975000,0.022222,132.791836,0.174065,0.000000,0.965000,0.000000,187.792066,0.154578,0.147131
0.945000,0.288889,0.000000,0.017921,0.239641,0.935000,0.133333,0.000000,0.018515,0.311222,0.935000,0.000000,0.000000,0.019781,0.267765
0.960000,0.000000,45.123370,0.078871,0.110103,0.935000,0.000000,0.000000,0.022838,0.122237,0.935000,0.022222,41.096016,0.043942,0.073280
0.945000,0.000000,0.000000,0.090175,0.122949,0.945000,0.000000,0.000000,0.078216,0.093819,0.945000,0.000000,115.347547,0.053257,0.054410
0.975000,0.222222,221.087945,0.084496,0.114682,0.975000,0.000000,126.664766,0.090948,0.000000,0.975000,0.288889,36.330328,0.068020,0.138031
0.980000,0.066667,182.488427,0.103731,0.026845,0.985000,0.266667,132.791836,0.174536,0.053227,0.975000,0.422222,0.000000,0.100000,0.240777
0.965000,0.355556,0.000000,0.043767,0.194346,0.970000,0.377778,84.028082,0.047690,0.506872,0.985000,0.422222,98.708063,0.019047,0.477741
0.970000,0.022222,72.096035,0.100521,0.007263,0.960000,0.022222,117.535499,0.073487,0.003783,0.930000,0.022222,44.972539,0.071067,0.027596
0.965000,0.177778,94.677723,0.077238,0.154370,0.975000,0.022222,132.791836,0.080419,0.012850,0.970000,0.288889,124.662807,0.068215,0.177501
0.970000,0.000000,196.843578,0.083825,0.139018,0.965000,0.044444,124.861294,0.066002,0.160214,0.965000,0.155556,146.872974,0.032775,0.373783
0.985000,0.044444,279.828047,0.093250,0.144778,0.975000,0.000000,126.664766,0.085049,0.000000,0.970000,0.244444,0.000000,0.097828,0.128766
0.970000,0.133333,266.214494,0.200220,0.037877,0.975000,0.022222,132.791836,0.117269,0.000000,0.970000,0.111111,199.146497,0.154673,0.166909
0.945000,0.000000,0.000000,0.056738,0.198847,0.945000,0.000000,71.611960,0.038678,0.288094,0.945000,0.022222,130.032444,0.041646,0.673822
0.960000,0.600000,12.286611,0.084642,0.181340,0.970000,0.466667,0.000000,0.096554,0.220712,0.985000,0.377778,0.000000,0.096519,0.176822
0.965000,0.000000,126.279181,0.121451,0.155225,0.965000,0.022222,124.861294,0.084747,0.000000,0.960000,0.022222,219.741559,0.126123,0.069008
0.935000,0.133333,0.000000,0.008722,0.260443,0.945000,0.133333,0.000000,0.005858,0.425484,0.960000,0.111111,0.000000,0.001708,0.501347
0.965000,0.000000,231.993633,0.139511,0.073165,0.975000,0.000000,132.791836,0.087511,0.000000,0.960000,0.000000,209.599195,0.151473,0.090711
0.960000,0.000000,0.000000,0.067362,0.026884,0.960000,0.000000,122.432732,0.076132,0.010253,0.950000,0.111111,43.526904,0.074903,0.060116
0.960000,0.422222,0.000000,0.034343,0.216618,0.970000,0.466667,0.000000,0.010487,0.511279,0.985000,0.444444,0.000000,0.088374,0.179688
0.980000,0.111111,125.479636,0.086160,0.032361,0.980000,0.155556,123.418151,0.109060,0.040435,0.980000,0.533333,0.000000,0.092002,0.176363
0.975000,0.000000,188.454470,0.108184,0.113384,0.985000,0.155556,132.791836,0.078121,0.184820,0.970000,0.288889,0.000000,0.044976,0.284795
0.960000,0.000000,110.055579,0.147951,0.000000,0.960000,0.000000,117.535499,0.080541,0.000000,0.935000,0.000000,42.662331,0.103673,0.017942
0.975000,0.155556,286.612664,0.109048,0.185859,0.975000,0.022222,126.664766,0.075664,0.090713,0.970000,0.177778,0.000000,0.082118,0.179288
0.975000,0.155556,297.707927,0.112796,0.182598,0.975000,0.022222,132.791836,0.075664,0.089319,0.970000,0.155556,0.000000,0.082118,0.178969
0.955000,0.000000,0.000000,0.058430,0.081874,0.915000,0.000000,0.000000,0.054438,0.109276,0.935000,0.000000,0.000000,0.040064,0.060199
0.955000,0.022222,0.000000,0.026592,0.118422,0.915000,0.088889,0.000000,0.027762,0.119285,0.935000,0.022222,0.000000,0.026090,0.061404
0.960000,0.044444,0.000000,0.070291,0.147200,0.955000,0.088889,0.000000,0.056101,0.118158,0.955000,0.088889,0.000000,0.047914,0.105169
0.970000,0.177778,139.718749,0.077069,0.183167,0.975000,0.200000,113.901824,0.055215,0.229896,0.975000,0.377778,0.000000,0.052603,0.270247
0.985000,0.177778,132.322740,0.073753,0.193032,0.980000,0.422222,113.901824,0.054865,0.316217,0.975000,0.400000,0.000000,0.051157,0.313317
0.975000,0.066667,293.840737,0.311285,0.028922,0.975000,0.000000,132.791836,0.101485,0.000000,0.970000,0.111111,37.623181,0.083548,0.382630
0.930000,0.000000,0.000000,0.094099,0.060425,0.940000,0.000000,0.000000,0.089587,0.070524,0.935000,0.000000,0.000000,0.085199,0.056317
0.960000,0.088889,0.000000,0.051136,0.154483,0.955000,0.111111,84.028082,0.047649,0.398201,0.955000,0.111111,36.160119,0.020426,0.334484
0.975000,0.066667,297.707927,0.284919,0.030306,0.975000,0.000000,132.791836,0.101485,0.000000,0.970000,0.133333,0.000000,0.081689,0.345357
0.950000,0.377778,0.000000,0.017368,0.263025,0.930000,0.111111,0.000000,0.019837,0.244680,0.945000,0.066667,0.000000,0.019376,0.352837
0.970000,0.000000,93.963622,0.062011,0.117875,0.975000,0.000000,126.664766,0.079815,0.004366,0.960000,0.044444,246.804143,0.084216,0.300299
0.985000,0.111111,195.646387,0.132194,0.165461,0.985000,0.200000,132.791836,0.131162,0.056761,0.970000,0.288889,0.000000,0.092370,0.230187
0.970000,0.044444,256.193193,0.152183,0.029796,0.980000,0.022222,126.664766,0.107655,0.000000,0.960000,0.044444,126.567410,0.052485,0.170986
0.960000,0.622222,0.000000,0.092725,0.182607,0.970000,0.466667,26.685771,0.098775,0.168450,0.985000,0.377778,0.000000,0.091876,0.183281
0.980000,0.177778,68.522582,0.039150,0.185064,0.970000,0.488889,107.054333,0.036944,0.489599,0.980000,0.377778,0.000000,0.023876,0.403674
0.975000,0.466667,0.000000,0.026639,0.225325,0.970000,0.466667,0.000000,0.089507,0.223504,0.975000,0.444444,0.000000,0.078624,0.216692
0.980000,0.066667,187.470716,0.148175,0.019567,0.985000,0.200000,123.418151,0.123040,0.045253,0.965000,0.377778,43.526904,0.097957,0.130366
0.965000,0.355556,0.000000,0.025142,0.191507,0.970000,0.400000,65.596739,0.045306,0.501620,0.975000,0.422222,0.000000,0.034034,0.340790
0.975000,0.044444,277.995922,0.140916,0.017229,0.965000,0.000000,124.861294,0.089660,0.001094,0.960000,0.044444,44.540754,0.124866,0.048817
0.975000,0.111111,189.907473,0.288348,0.139156,0.970000,0.133333,117.535499,0.120600,0.031340,0.975000,0.266667,0.000000,0.098609,0.527519
0.965000,0.244444,41.148431,0.053818,0.058908,0.985000,0.177778,117.535499,0.074263,0.196567,0.970000,0.377778,0.000000,0.079319,0.200160
0.950000,0.044444,0.000000,0.087667,0.085289,0.955000,0.022222,0.000000,0.086031,0.088905,0.955000,0.088889,0.000000,0.061451,0.080652
0.950000,0.044444,0.000000,0.013418,0.169131,0.910000,0.088889,0.000000,0.017659,0.247658,0.935000,0.022222,0.000000,0.019859,0.366654
0.960000,0.133333,0.000000,0.044434,0.162363,0.960000,0.222222,0.000000,0.037026,0.156758,0.970000,0.244444,0.000000,0.030805,0.189755
0.990000,0.377778,186.083739,0.164056,0.070775,0.985000,0.111111,130.559963,0.092611,0.049793,0.980000,0.444444,115.434245,0.096247,0.156885
0.980000,0.288889,67.148508,0.035205,0.184784,0.985000,0.466667,116.016992,0.058203,0.273314,0.975000,0.400000,105.253715,0.077123,0.162525
0.940000,0.044444,0.000000,0.060621,0.095228,0.915000,0.044444,65.596739,0.057731,0.098034,0.940000,0.044444,0.000000,0.035400,0.079589
0.985000,0.244444,197.363989,0.088213,0.162702,0.970000,0.377778,100.561130,0.054059,0.379513,0.975000,0.377778,0.000000,0.044320,0.267032
0.935000,0.000000,0.000000,0.009366,0.230401,0.900000,0.022222,0.000000,0.004242,0.271813,0.940000,0.022222,0.000000,0.000000,0.674273
0.940000,0.066667,83.268662,0.110779,0.038718,0.920000,0.000000,0.000000,0.094576,0.059371,0.935000,0.022222,0.000000,0.099909,0.004165
0.985000,0.133333,279.828047,0.106693,0.049523,0.985000,0.266667,126.664766,0.100982,0.137252,0.975000,0.400000,0.000000,0.088560,0.157411
0.940000,0.000000,80.169082,0.150079,0.044765,0.945000,0.000000,0.000000,0.100000,0.069491,0.935000,0.000000,0.000000,0.060213,0.049561
0.960000,0.044444,0.000000,0.067644,0.113853,0.950000,0.066667,0.000000,0.060118,0.108218,0.950000,0.066667,0.000000,0.044721,0.077109
0.940000,0.044444,0.000000,0.080058,0.089286,0.940000,0.044444,0.000000,0.077626,0.086751,0.935000,0.044444,0.000000,0.044611,0.054776
0.975000,0.022222,242.601504,0.113578,0.000000,0.975000,0.000000,126.664766,0.160595,0.000000,0.960000,0.044444,201.933916,0.177068,0.039058
0.970000,0.244444,0.000000,0.028533,0.187226,0.970000,0.422222,71.611960,0.033038,0.514554,0.985000,0.533333,0.000000,0.004809,0.483385
0.960000,0.044444,0.000000,0.049329,0.158687,0.965000,0.044444,120.328165,0.058893,0.154793,0.955000,0.088889,180.519840,0.059529,0.435323
0.935000,0.000000,0.000000,0.089749,0.058815,0.900000,0.000000,0.000000,0.095668,0.066127,0.935000,0.000000,0.000000,0.070906,0.050895
0.975000,0.088889,160.756929,0.075649,0.175939,0.970000,0.311111,116.016992,0.058241,0.256432,0.975000,0.333333,0.000000,0.053943,0.262019
0.935000,0.000000,0.000000,0.097640,0.074023,0.945000,0.000000,0.000000,0.096428,0.077908,0.945000,0.044444,0.000000,0.086483,0.049095
0.960000,0.088889,0.000000,0.040221,0.150204,0.960000,0.266667,0.000000,0.046043,0.156906,0.970000,0.200000,0.000000,0.032991,0.136650
0.940000,0.066667,83.268662,0.113037,0.034902,0.940000,0.000000,0.000000,0.100000,0.058087,0.935000,0.000000,0.000000,0.098005,0.004900
0.985000,0.088889,291.487782,0.100589,0.144335,0.985000,0.088889,132.791836,0.099607,0.000000,0.975000,0.288889,0.000000,0.072585,0.138126
0.945000,0.022222,0.000000,0.092055,0.079333,0.945000,0.000000,0.000000,0.068009,0.097412,0.940000,0.022222,105.253715,0.043112,0.059396
0.975000,0.066667,239.029658,0.148969,0.063378,0.975000,0.044444,132.791836,0.079107,0.136191,0.970000,0.177778,203.360786,0.159989,0.162209
0.930000,0.044444,0.000000,0.022652,0.258818,0.920000,0.088889,0.000000,0.017385,0.272107,0.945000,0.044444,0.000000,0.019905,0.366174
0.955000,0.044444,0.000000,0.094967,0.142209,0.960000,0.000000,102.583967,0.082215,0.112411,0.950000,0.000000,17.718917,0.078760,0.010966
0.935000,0.000000,0.000000,0.047628,0.245261,0.920000,0.000000,101.501757,0.037257,0.241809,0.940000,0.022222,0.000000,0.032139,0.080662
0.955000,0.000000,126.585193,0.117622,0.093655,0.955000,0.000000,84.028082,0.081675,0.114816,0.940000,0.022222,0.000000,0.038994,0.023861
0.985000,0.288889,184.201293,0.080555,0.190863,0.985000,0.400000,116.016992,0.058140,0.277630,0.980000,0.444444,0.000000,0.056497,0.329120
0.965000,0.000000,230.628562,0.107522,0.010867,0.965000,0.022222,116.016992,0.078614,0.014610,0.960000,0.066667,130.879221,0.089164,0.066785
0.975000,0.000000,241.024639,0.093805,0.058198,0.975000,0.044444,132.791836,0.101339,0.000000,0.960000,0.044444,203.360786,0.101382,0.064603
0.965000,0.111111,202.672500,0.074591,0.186210,0.980000,0.066667,130.559963,0.067067,0.190997,0.970000,0.177778,131.286940,0.030360,0.136283
0.985000,0.266667,122.394249,0.050715,0.179780,0.965000,0.422222,101.501757,0.008503,0.466146,0.975000,0.422222,0.000000,0.045299,0.302630
0.960000,0.422222,0.000000,0.021101,0.220536,0.970000,0.466667,0.000000,0.088199,0.222671,0.985000,0.488889,0.000000,0.037604,0.371108
0.960000,0.044444,0.000000,0.020398,0.144224,0.955000,0.222222,0.000000,0.012312,0.431953,0.960000,0.088889,0.000000,0.019411,0.337317
0.985000,0.355556,184.969138,0.099701,0.199747,0.980000,0.177778,117.535499,0.073498,0.197777,0.980000,0.533333,0.000000,0.096890,0.172315
0.970000,0.088889,184.969138,0.096632,0.040770,0.975000,0.288889,89.580657,0.066230,0.462253,0.980000,0.311111,0.000000,0.067136,0.146507
0.935000,0.000000,65.560911,0.154176,0.049516,0.940000,0.000000,0.000000,0.100000,0.060005,0.935000,0.000000,0.000000,0.095462,0.042986
0.960000,0.000000,48.468787,0.073161,0.007448,0.965000,0.000000,123.418151,0.081652,0.009274,0.935000,0.000000,124.662807,0.081630,0.037456
0.960000,0.000000,12.918739,0.074172,0.007349,0.965000,0.000000,117.535499,0.083666,0.007574,0.945000,0.000000,157.638558,0.084182,0.038437
0.940000,0.066667,0.000000,0.069853,0.083556,0.925000,0.088889,0.000000,0.068547,0.078059,0.935000,0.000000,0.000000,0.064151,0.051620
0.975000,0.022222,241.024639,0.091849,0.114625,0.975000,0.000000,132.791836,0.075066,0.025385,0.960000,0.044444,203.360786,0.088385,0.149821
0.980000,0.111111,122.659902,0.066772,0.191102,0.965000,0.311111,100.561130,0.055440,0.304988,0.975000,0.444444,0.000000,0.059051,0.309550
0.975000,0.311111,67.150730,0.145981,0.045190,0.975000,0.333333,71.611960,0.134312,0.121267,0.970000,0.333333,0.000000,0.088337,0.169523
0.970000,0.022222,221.087945,0.092472,0.031604,0.975000,0.000000,139.735696,0.085177,0.004101,0.960000,0.088889,34.927710,0.080089,0.057038
0.960000,0.000000,0.000000,0.102340,0.009665,0.945000,0.000000,116.016992,0.080994,0.001055,0.935000,0.000000,0.000000,0.097959,0.016463
0.985000,0.266667,189.254688,0.086175,0.174141,0.985000,0.422222,123.418151,0.065665,0.254241,0.975000,0.422222,0.000000,0.079518,0.162573
0.980000,0.422222,0.000000,0.025332,0.226622,0.985000,0.466667,116.016992,0.058122,0.273665,0.980000,0.488889,177.528149,0.057174,0.311795
0.960000,0.444444,0.000000,0.000115,0.241838,0.955000,0.400000,0.000000,0.000003,0.506981,0.980000,0.333333,0.000000,0.000000,0.471291
0.985000,0.111111,265.737746,0.119301,0.025630,0.985000,0.200000,132.791836,0.115216,0.062613,0.975000,0.533333,116.454246,0.095356,0.148445
0.960000,0.000000,24.523589,0.066611,0.100089,0.975000,0.000000,126.664766,0.081902,0.000000,0.950000,0.022222,177.528149,0.072643,0.301561
0.960000,0.000000,94.677723,0.069926,0.027453,0.975000,0.022222,132.791836,0.074474,0.072457,0.955000,0.111111,115.747822,0.079873,0.077429
0.990000,0.200000,289.959557,0.092221,0.180245,0.985000,0.133333,132.791836,0.074880,0.195011,0.980000,0.444444,0.000000,0.074691,0.167672
0.960000,0.066667,0.000000,0.079449,0.086811,0.960000,0.111111,0.000000,0.068048,0.099966,0.955000,0.088889,0.000000,0.043769,0.089537
0.940000,0.000000,83.268662,0.137586,0.056764,0.955000,0.000000,0.000000,0.100000,0.068608,0.945000,0.000000,122.965282,0.069332,0.014262
0.965000,0.022222,71.606717,0.058178,0.131382,0.955000,0.155556,71.611960,0.048563,0.423650,0.960000,0.155556,0.000000,0.054652,0.130124
0.945000,0.000000,0.000000,0.068324,0.071466,0.935000,0.000000,115.429840,0.069005,0.097246,0.935000,0.066667,0.000000,0.040168,0.082517
0.970000,0.022222,254.339789,0.095384,0.137301,0.955000,0.177778,89.580657,0.081472,0.125490,0.960000,0.155556,0.000000,0.049026,0.102710
0.985000,0.088889,285.384902,0.114163,0.027575,0.975000,0.133333,140.628065,0.113135,0.026224,0.975000,0.311111,0.000000,0.094573,0.125553
0.955000,0.000000,0.000000,0.088650,0.135219,0.950000,0.000000,84.028082,0.081040,0.114574,0.930000,0.000000,105.253715,0.042459,0.033269
0.970000,0.088889,127.880307,0.096204,0.162418,0.975000,0.311111,71.198377,0.052261,0.476213,0.985000,0.333333,0.000000,0.085756,0.169022
0.965000,0.022222,126.585193,0.072478,0.007114,0.960000,0.000000,123.418151,0.074032,0.005455,0.935000,0.066667,38.341938,0.084521,0.039256
0.960000,0.044444,0.000000,0.058649,0.144951,0.955000,0.022222,115.429840,0.057791,0.157930,0.955000,0.088889,0.000000,0.033768,0.098401
0.955000,0.000000,143.713616,0.175955,0.009700,0.955000,0.000000,0.000000,0.098445,0.089757,0.950000,0.000000,29.370588,0.085773,0.011644
0.985000,0.111111,187.044012,0.105288,0.046224,0.985000,0.133333,132.791836,0.101619,0.032717,0.980000,0.444444,135.557751,0.098719,0.159336
0.965000,0.288889,0.000000,0.022633,0.194404,0.975000,0.511111,0.000000,0.097503,0.219940,0.975000,0.444444,0.000000,0.099389,0.175812
0.960000,0.444444,0.000000,0.012956,0.221719,0.970000,0.511111,0.000000,0.001116,0.512525,0.990000,0.533333,0.000000,0.010266,0.480543
0.985000,0.133333,195.233958,0.077237,0.182130,0.985000,0.266667,132.791836,0.074726,0.196286,0.975000,0.422222,0.000000,0.074946,0.167710
0.950000,0.222222,0.000000,0.010585,0.224635,0.945000,0.133333,0.000000,0.008894,0.426804,0.975000,0.288889,0.000000,0.019393,0.465394
0.985000,0.111111,293.383345,0.091356,0.166169,0.985000,0.266667,132.791836,0.076008,0.186477,0.975000,0.400000,0.000000,0.088560,0.157411
0.970000,0.022222,193.763941,0.083387,0.143038,0.970000,0.111111,113.901824,0.056162,0.211983,0.965000,0.133333,141.048537,0.031701,0.440403
0.985000,0.088889,279.870414,0.125776,0.024652,0.985000,0.133333,132.791836,0.115578,0.034256,0.980000,0.444444,34.927710,0.098699,0.159342
0.985000,0.111111,193.523519,0.108472,0.039218,0.985000,0.155556,126.664766,0.100971,0.032717,0.975000,0.444444,42.039861,0.098719,0.159528
0.965000,0.000000,58.544885,0.070339,0.012813,0.975000,0.000000,126.664766,0.085756,0.000000,0.955000,0.088889,180.969650,0.126536,0.070229
0.985000,0.622222,184.969138,0.035435,0.212660,0.980000,0.355556,117.535499,0.060811,0.260049,0.975000,0.422222,0.000000,0.078720,0.160809
0.985000,0.288889,195.062970,0.074744,0.189121,0.985000,0.266667,132.791836,0.077717,0.195662,0.975000,0.422222,146.872974,0.070182,0.163757
0.955000,0.044444,0.000000,0.041287,0.093412,0.935000,0.133333,0.000000,0.038602,0.108641,0.945000,0.044444,0.000000,0.032459,0.065688
0.955000,0.200000,0.000000,0.020565,0.214082,0.935000,0.133333,0.000000,0.019897,0.317372,0.980000,0.311111,0.000000,0.019566,0.469667
0.970000,0.466667,0.000000,0.041463,0.234934,0.975000,0.311111,84.028082,0.046494,0.476408,0.980000,0.444444,0.000000,0.055734,0.329120
0.975000,0.088889,143.241418,0.100691,0.038797,0.960000,0.177778,71.198377,0.078626,0.121282,0.960000,0.177778,0.000000,0.085893,0.116877
0.930000,0.000000,0.000000,0.107134,0.061590,0.905000,0.000000,0.000000,0.100000,0.059759,0.935000,0.000000,0.000000,0.076664,0.050602
0.980000,0.333333,127.880307,0.074328,0.198542,0.975000,0.288889,89.580657,0.049341,0.466287,0.975000,0.422222,0.000000,0.026234,0.346440
0.940000,0.000000,83.268662,0.118257,0.024043,0.920000,0.000000,0.000000,0.100000,0.056786,0.935000,0.000000,0.000000,0.100000,0.003986
0.975000,0.111111,241.024639,0.197815,0.058209,0.975000,0.044444,132.791836,0.120020,0.000000,0.975000,0.177778,201.550489,0.158216,0.171338
0.985000,0.088889,292.236034,0.091768,0.166966,0.985000,0.200000,132.791836,0.082056,0.183995,0.975000,0.222222,0.000000,0.053135,0.141572
0.975000,0.066667,286.792059,0.104067,0.170311,0.985000,0.155556,126.664766,0.098915,0.033366,0.975000,0.222222,0.000000,0.052716,0.157259
0.975000,0.044444,282.408322,0.115015,0.029611,0.985000,0.066667,132.791836,0.152085,0.000000,0.970000,0.288889,209.814647,0.155124,0.098927
0.975000,0.022222,145.090608,0.130269,0.009747,0.985000,0.155556,126.664766,0.148603,0.023003,0.970000,0.266667,185.162801,0.143288,0.150566
0.970000,0.111111,120.735033,0.094420,0.162418,0.975000,0.311111,64.967951,0.098022,0.131710,0.980000,0.333333,0.000000,0.085756,0.184461
0.975000,0.022222,269.713048,0.119574,0.003371,0.965000,0.044444,140.628065,0.138001,0.000000,0.960000,0.044444,42.662331,0.114701,0.039347
0.950000,0.022222,53.339810,0.119164,0.045138,0.960000,0.022222,0.000000,0.099363,0.079694,0.955000,0.066667,90.127888,0.097960,0.034629
0.975000,0.000000,184.951519,0.100234,0.000000,0.975000,0.000000,132.791836,0.081645,0.000000,0.975000,0.377778,135.557751,0.097474,0.141130
0.985000,0.133333,195.233958,0.077237,0.182067,0.975000,0.333333,147.043804,0.076792,0.225591,0.975000,0.400000,0.000000,0.074946,0.164216
0.975000,0.244444,68.535360,0.063730,0.077361,0.975000,0.377778,65.596739,0.103611,0.172287,0.975000,0.311111,0.000000,0.096341,0.155882
0.980000,0.066667,132.322740,0.076026,0.165308,0.985000,0.422222,123.418151,0.063045,0.270720,0.980000,0.444444,0.000000,0.070181,0.244114
0.985000,0.111111,237.164758,0.119943,0.025078,0.985000,0.133333,132.791836,0.115866,0.034344,0.975000,0.488889,203.360786,0.133605,0.113031
0.985000,0.311111,297.707927,0.092090,0.191087,0.985000,0.266667,132.791836,0.078292,0.195632,0.975000,0.400000,0.000000,0.070182,0.163757
0.985000,0.133333,121.095621,0.077390,0.184149,0.985000,0.444444,117.535499,0.064268,0.259370,0.975000,0.422222,0.000000,0.062786,0.237281
0.960000,0.000000,115.434245,0.081211,0.016163,0.965000,0.000000,123.418151,0.079525,0.010106,0.955000,0.111111,42.039861,0.050702,0.083767
0.960000,0.000000,101.005488,0.082282,0.016891,0.960000,0.000000,123.418151,0.075073,0.005039,0.935000,0.000000,0.000000,0.056384,0.037110
0.975000,0.577778,170.300127,0.052401,0.212180,0.975000,0.266667,106.291103,0.052322,0.305192,0.970000,0.377778,17.009508,0.049756,0.261185
0.970000,0.133333,98.845377,0.303490,0.054781,0.975000,0.022222,132.791836,0.077900,0.112507,0.975000,0.111111,234.977715,0.089666,0.492943
0.975000,0.088889,287.210837,0.151206,0.040313,0.985000,0.088889,132.791836,0.148566,0.000000,0.975000,0.266667,0.000000,0.096282,0.100654
0.985000,0.088889,251.574993,0.106004,0.030797,0.975000,0.044444,132.791836,0.115304,0.000000,0.970000,0.377778,39.199410,0.099697,0.113183
0.955000,0.000000,0.000000,0.044656,0.114486,0.915000,0.000000,0.000000,0.038115,0.116969,0.935000,0.000000,0.000000,0.028472,0.076065
0.945000,0.066667,0.000000,0.056031,0.078672,0.915000,0.088889,0.000000,0.054219,0.086133,0.945000,0.044444,0.000000,0.043040,0.064467
0.975000,0.044444,297.707927,0.152983,0.024168,0.975000,0.000000,126.664766,0.093494,0.000000,0.975000,0.200000,0.000000,0.085492,0.103294
0.945000,0.066667,0.000000,0.000000,0.199539,0.900000,0.088889,0.000000,0.000000,0.309253,0.950000,0.088889,0.000000,0.000000,0.569967
0.970000,0.066667,64.065343,0.073676,0.038158,0.960000,0.177778,0.000000,0.072818,0.116707,0.965000,0.200000,0.000000,0.066304,0.128728
0.985000,0.088889,293.840737,0.117549,0.032067,0.985000,0.200000,132.791836,0.116740,0.062075,0.980000,0.444444,34.927710,0.089080,0.159214
0.945000,0.000000,0.000000,0.118543,0.046381,0.945000,0.000000,0.000000,0.095981,0.079963,0.945000,0.022222,0.000000,0.032980,0.058751
0.985000,0.200000,279.828047,0.137662,0.038463,0.985000,0.266667,126.664766,0.121390,0.071700,0.975000,0.400000,0.000000,0.099885,0.155625
0.955000,0.022222,0.000000,0.063172,0.117762,0.950000,0.088889,0.000000,0.058566,0.109367,0.950000,0.066667,0.000000,0.031854,0.076840
0.975000,0.022222,194.292328,0.083491,0.131675,0.980000,0.155556,117.535499,0.086280,0.047210,0.975000,0.377778,0.000000,0.095935,0.150429
0.975000,0.022222,185.287872,0.095430,0.032860,0.980000,0.000000,126.664766,0.088738,0.000000,0.975000,0.377778,0.000000,0.089012,0.152164
0.985000,0.600000,197.970297,0.036743,0.212660,0.985000,0.422222,123.418151,0.061681,0.271037,0.975000,0.422222,0.000000,0.056417,0.259204
0.970000,0.022222,109.531528,0.081767,0.143038,0.970000,0.111111,113.901824,0.056162,0.211983,0.965000,0.133333,160.036552,0.044158,0.440403
0.980000,0.133333,132.322740,0.074835,0.188466,0.985000,0.288889,122.432732,0.132948,0.082516,0.980000,0.444444,0.000000,0.093509,0.161143
0.985000,0.577778,186.153452,0.042298,0.199104,0.985000,0.155556,126.664766,0.073795,0.194991,0.975000,0.422222,0.000000,0.078720,0.164273
0.975000,0.066667,67.148508,0.048283,0.153062,0.965000,0.466667,0.000000,0.088910,0.216522,0.975000,0.288889,0.000000,0.076166,0.126765
0.975000,0.311111,63.202165,0.049946,0.180658,0.970000,0.466667,0.000000,0.094579,0.211049,0.975000,0.311111,0.000000,0.058573,0.145028
0.955000,0.022222,0.000000,0.040994,0.108363,0.955000,0.155556,0.000000,0.044653,0.117433,0.960000,0.088889,0.000000,0.032103,0.100595
0.960000,0.022222,126.361897,0.073491,0.040809,0.975000,0.000000,132.791836,0.079281,0.000000,0.950000,0.088889,44.972539,0.072688,0.056035
0.970000,0.088889,197.363989,0.104412,0.036092,0.970000,0.200000,115.429840,0.096672,0.133472,0.980000,0.488889,0.000000,0.099592,0.170773
0.960000,0.044444,0.000000,0.000000,0.162246,0.950000,0.222222,0.000000,0.002724,0.435791,0.975000,0.244444,0.000000,0.000000,0.489594
0.960000,0.000000,0.000000,0.059925,0.133410,0.945000,0.000000,65.596739,0.057796,0.124419,0.940000,0.066667,122.965282,0.054764,0.076993
0.970000,0.088889,222.229098,0.083910,0.173547,0.970000,0.222222,110.458120,0.057858,0.295162,0.975000,0.377778,0.000000,0.064151,0.160519
0.960000,0.044444,0.000000,0.041957,0.141844,0.955000,0.133333,0.000000,0.056777,0.122239,0.955000,0.088889,0.000000,0.034372,0.108054
0.985000,0.133333,186.361419,0.090647,0.118421,0.985000,0.244444,123.418151,0.088243,0.131984,0.980000,0.444444,0.000000,0.089417,0.162563
0.975000,0.088889,254.339789,0.129488,0.045035,0.975000,0.022222,126.664766,0.097385,0.000000,0.970000,0.177778,154.789843,0.107206,0.178957
0.970000,0.088889,188.297853,0.096977,0.164893,0.975000,0.311111,64.967951,0.085355,0.136685,0.980000,0.377778,0.000000,0.039982,0.284417
0.970000,0.111111,309.393457,0.135140,0.047431,0.975000,0.000000,126.664766,0.086904,0.000000,0.970000,0.155556,0.000000,0.098814,0.171956
0.975000,0.088889,251.574993,0.279506,0.153162,0.975000,0.000000,126.664766,0.096974,0.000000,0.970000,0.111111,39.199410,0.094841,0.302213
0.985000,0.177778,183.147456,0.084806,0.170003,0.985000,0.422222,123.418151,0.064083,0.259979,0.975000,0.422222,168.398718,0.059430,0.167470
0.985000,0.266667,121.095621,0.073480,0.176548,0.985000,0.422222,123.418151,0.061501,0.253901,0.975000,0.422222,0.000000,0.055821,0.284675
0.970000,0.088889,122.799587,0.160888,0.027725,0.975000,0.311111,64.967951,0.098022,0.131710,0.980000,0.333333,0.000000,0.085756,0.184461
0.965000,0.422222,22.579494,0.031043,0.220188,0.970000,0.444444,26.685771,0.000227,0.511941,0.980000,0.377778,0.000000,0.032415,0.328146
0.955000,0.066667,0.000000,0.078101,0.106615,0.955000,0.066667,0.000000,0.079265,0.095857,0.955000,0.066667,0.000000,0.046032,0.097087
0.960000,0.622222,0.000000,0.085008,0.196752,0.970000,0.422222,0.000000,0.096249,0.205028,0.980000,0.311111,0.000000,0.096476,0.133595
0.975000,0.311111,66.978272,0.051719,0.192664,0.970000,0.400000,0.000000,0.076940,0.202414,0.980000,0.377778,0.000000,0.042183,0.264972
0.975000,0.044444,183.147456,0.130339,0.009747,0.980000,0.244444,140.628065,0.150021,0.031195,0.975000,0.266667,178.882430,0.117501,0.143439
0.970000,0.044444,277.995922,0.143728,0.088265,0.975000,0.022222,126.664766,0.087437,0.001535,0.975000,0.155556,209.814647,0.169435,0.165480
0.970000,0.088889,198.871100,0.109912,0.071073,0.975000,0.311111,71.198377,0.086850,0.136114,0.980000,0.377778,0.000000,0.068926,0.153796
0.970000,0.111111,233.313531,0.132946,0.040338,0.975000,0.333333,71.198377,0.126776,0.124888,0.975000,0.333333,0.000000,0.091463,0.136680
0.970000,0.111111,124.458802,0.092677,0.167593,0.975000,0.311111,71.198377,0.086963,0.136281,0.975000,0.288889,0.000000,0.039982,0.226984
0.985000,0.200000,184.969138,0.086556,0.166527,0.985000,0.222222,117.535499,0.123908,0.041336,0.975000,0.422222,0.000000,0.092601,0.155885
0.975000,0.111111,198.548302,0.080910,0.165906,0.975000,0.266667,115.429840,0.058163,0.304030,0.965000,0.311111,0.000000,0.062741,0.142262
0.990000,0.577778,183.069073,0.043715,0.206328,0.985000,0.444444,122.432732,0.059157,0.273394,0.980000,0.444444,0.000000,0.059946,0.320146
0.975000,0.088889,231.517206,0.137246,0.049619,0.975000,0.000000,126.664766,0.086836,0.000000,0.970000,0.177778,153.281989,0.119666,0.140229
0.990000,0.266667,218.493252,0.098516,0.151295,0.985000,0.288889,122.432732,0.064730,0.248092,0.985000,0.533333,0.000000,0.069335,0.347416
0.955000,0.000000,0.000000,0.055849,0.126140,0.960000,0.000000,117.535499,0.067419,0.116553,0.940000,0.000000,117.797387,0.063252,0.059070
0.955000,0.644444,0.000000,0.013764,0.274625,0.950000,0.155556,0.000000,0.000000,0.420717,0.980000,0.422222,0.000000,0.007937,0.461411
0.940000,0.000000,0.000000,0.000000,0.202506,0.900000,0.000000,0.000000,0.000000,0.265181,0.935000,0.000000,0.000000,0.000000,0.700857
0.975000,0.000000,240.836257,0.103495,0.000000,0.955000,0.000000,145.358511,0.087748,0.000000,0.945000,0.000000,156.712831,0.082669,0.009212
0.935000,0.000000,0.000000,0.038506,0.078626,0.900000,0.000000,0.000000,0.044920,0.078906,0.935000,0.000000,0.000000,0.042478,0.059302
0.965000,0.622222,0.000000,0.040499,0.233255,0.975000,0.555556,0.000000,0.000000,0.681102,0.985000,0.533333,0.000000,0.010572,0.468038
0.970000,0.000000,289.366265,0.114436,0.011006,0.975000,0.000000,126.664766,0.097429,0.000000,0.965000,0.111111,29.370588,0.093045,0.069178
0.970000,0.066667,63.202165,0.332782,0.027251,0.965000,0.244444,0.000000,0.098692,0.699999,0.975000,0.222222,0.000000,0.059171,0.122475
0.975000,0.155556,67.148508,0.290130,0.047194,0.970000,0.288889,63.800735,0.044937,0.780220,0.970000,0.311111,37.787686,0.046389,0.153062
