0.991111,0.033000,0.000000,0.019081,0.016093,0.990333,0.037222,22.143798,0.019307,0.015884,0.993222,0.027333,0.000000,0.012700,0.018035
0.991000,0.018222,18.915233,0.036685,0.008689,0.990222,0.016889,20.795290,0.034362,0.002811,0.992222,0.018778,0.000000,0.030300,0.004705
0.990000,0.043333,0.000000,0.028972,0.009786,0.990778,0.037000,17.125717,0.028006,0.009547,0.994778,0.032444,2.552712,0.026000,0.007437
0.990444,0.039111,0.000000,0.018440,0.022542,0.990556,0.050556,12.928785,0.014560,0.021305,0.992556,0.017556,3.654733,0.010400,0.013299
0.989889,0.023333,7.350330,0.041072,0.013747,0.990556,0.028556,14.894101,0.032180,0.009106,0.993667,0.024222,0.000000,0.025600,0.004594
0.990667,0.000000,25.480879,0.026544,0.006983,0.990778,0.002333,40.011411,0.032289,0.005558,0.990444,0.019222,0.000000,0.028100,0.006196
0.992000,0.031222,16.100825,0.027482,0.017839,0.990667,0.027111,22.143798,0.026957,0.005670,0.991111,0.016222,6.076766,0.021105,0.011130
0.990111,0.038556,0.000000,0.056408,0.015376,0.990111,0.034000,0.000000,0.063700,0.015504,0.995333,0.038111,0.000000,0.019300,0.014413
0.990333,0.038333,0.000000,0.029413,0.008358,0.990111,0.047778,12.928785,0.028335,0.006955,0.992556,0.018778,0.000000,0.019200,0.007875
0.990222,0.043889,0.000000,0.033919,0.007473,0.990111,0.048778,0.000000,0.027100,0.009877,0.996000,0.043556,0.000000,0.031900,0.008329
0.990333,0.028556,8.791612,0.049751,0.009573,0.991111,0.027556,14.894101,0.036283,0.009433,0.994000,0.025444,0.000000,0.034800,0.004429
0.990000,0.025778,7.350807,0.067761,0.007706,0.990222,0.027333,7.138389,0.066861,0.012437,0.993778,0.021444,0.000000,0.039600,0.002802
0.990222,0.049222,0.000000,0.028960,0.017782,0.990111,0.048889,0.000000,0.017600,0.017750,0.993556,0.021778,0.000000,0.024800,0.003814
0.992444,0.003556,42.645375,0.036824,0.006801,0.991778,0.003778,40.011411,0.032185,0.006781,0.990000,0.003444,41.741408,0.036186,0.001942
0.990222,0.029556,0.000000,0.129350,0.005908,0.990111,0.028556,0.000000,0.086100,0.035919,0.994778,0.026667,0.000000,0.012200,0.012710
0.990111,0.038333,0.000000,0.029084,0.016373,0.990111,0.039667,14.894101,0.019478,0.016313,0.994889,0.031889,0.000000,0.019400,0.013698
0.990000,0.023889,7.827099,0.038476,0.014735,0.990222,0.025778,13.994995,0.032313,0.006820,0.992778,0.020667,0.000000,0.025900,0.003403
0.990111,0.024889,4.329411,0.029278,0.007125,0.989889,0.025000,20.795290,0.027404,0.005774,0.992333,0.019111,0.000000,0.027800,0.006510
0.990444,0.038556,0.000000,0.038313,0.007121,0.990111,0.038556,12.142908,0.035362,0.006626,0.992778,0.020444,0.000000,0.034200,0.003117
0.990778,0.017444,7.024001,0.027641,0.013703,0.990111,0.016889,26.872166,0.027448,0.009236,0.991222,0.017333,18.516879,0.021354,0.011929
0.990111,0.036000,0.000000,0.040712,0.008853,0.990333,0.040444,4.762685,0.033533,0.010636,0.991556,0.012556,0.000000,0.034700,0.001678
0.990111,0.035889,0.000000,0.036641,0.017262,0.990333,0.039778,5.135286,0.033761,0.009376,0.991333,0.012556,0.000000,0.034700,0.001657
0.990667,0.020222,16.296673,0.047593,0.002892,0.990333,0.020556,17.125717,0.042464,0.003334,0.992444,0.017889,6.732453,0.033991,0.002851
0.988889,0.001111,0.000000,0.019005,0.007781,0.980111,0.000111,0.000000,0.014100,0.005391,0.989778,0.002000,0.000000,0.016400,0.007783
0.985889,0.014333,0.000000,0.008949,0.017670,0.981222,0.035778,0.000000,0.008680,0.017819,0.992667,0.019556,0.000000,0.004800,0.016992
0.990778,0.076778,0.000000,0.009799,0.033288,0.990556,0.076667,0.000000,0.009820,0.033914,0.995333,0.036222,0.000000,0.002050,0.031785
0.991333,0.005000,33.661546,0.118947,0.004276,0.989778,0.002111,20.795290,0.112115,0.015433,0.990222,0.005000,29.729654,0.034546,0.002483
0.990111,0.024222,0.000000,0.019127,0.015707,0.990111,0.049778,13.994995,0.018887,0.015496,0.992556,0.018222,0.000000,0.011700,0.012534
0.992222,0.026667,0.000000,0.009126,0.019260,0.980333,0.029889,8.209462,0.008878,0.022484,0.989556,0.003889,0.000000,0.006650,0.011672
0.992444,0.001111,34.661350,0.027904,0.006964,0.991444,0.001889,46.721881,0.029825,0.013220,0.990000,0.007444,53.557544,0.028227,0.005155
0.990778,0.052889,0.000000,0.019505,0.019669,0.990222,0.056222,0.000000,0.016800,0.017082,0.995889,0.043556,0.000000,0.019300,0.016655
0.989889,0.001667,0.000000,0.008372,0.008465,0.974111,0.001556,0.000000,0.008370,0.010062,0.989667,0.002667,0.000000,0.004180,0.012514
0.990222,0.016000,16.211027,0.091533,0.004376,0.990000,0.016000,16.080133,0.087038,0.010846,0.990444,0.010667,0.000000,0.047600,0.001441
0.990667,0.017889,16.296964,0.039445,0.003512,0.990444,0.029111,17.125717,0.036504,0.002692,0.990444,0.013000,0.000000,0.023800,0.003030
0.990333,0.037889,0.000000,0.027802,0.005006,0.990222,0.056222,0.000000,0.028500,0.007615,0.994111,0.025667,0.000000,0.021700,0.006674
0.990444,0.018111,17.358491,0.078591,0.010068,0.990333,0.018111,16.080133,0.055526,0.012705,0.991667,0.014556,0.000000,0.037900,0.002667
0.998111,0.212000,40.036187,0.053155,0.025622,0.998111,0.127222,61.216423,0.059853,0.014660,0.998333,0.185444,67.004808,0.070402,0.027129
0.985778,0.000000,0.000000,0.029203,0.009062,0.985111,0.000111,0.000000,0.019000,0.003332,0.989889,0.000667,0.000000,0.022600,0.002826
0.991556,0.026111,0.000000,0.009946,0.019048,0.982222,0.038111,0.000000,0.008120,0.019333,0.991000,0.011111,0.000000,0.006200,0.012945
0.995111,0.143444,0.000000,0.006457,0.049668,0.995444,0.215778,0.000000,0.006050,0.099560,0.998111,0.109444,0.000000,0.004100,0.065140
0.993556,0.006111,65.283623,0.054577,0.000139,0.995556,0.000111,65.041799,0.055203,0.000575,0.993444,0.006556,55.002834,0.037167,0.000680
0.989889,0.001667,0.000000,0.008372,0.008465,0.974111,0.001556,0.000000,0.008370,0.010062,0.989667,0.002667,0.000000,0.004180,0.012514
0.996222,0.133889,17.279766,0.035129,0.017581,0.995889,0.247444,19.228748,0.100558,0.018146,0.997111,0.073444,0.000000,0.058600,0.013993
0.997000,0.035667,31.085341,0.037660,0.000758,0.996222,0.022556,65.041799,0.050122,0.015692,0.996333,0.040778,89.956150,0.049179,0.014102
0.989111,0.016333,0.000000,0.175545,0.003740,0.989111,0.016667,4.434625,0.100516,0.058189,0.992889,0.016333,0.561568,0.017100,0.007390
0.994111,0.093667,15.640580,0.108557,0.017248,0.994222,0.107111,12.142908,0.014903,0.129525,0.997111,0.073222,4.707949,0.017900,0.033450
