0.985000,0.177778,200.753546,0.077796,0.199323,0.985000,0.133333,132.791836,0.075770,0.185104,0.975000,0.333333,164.977405,0.052858,0.147031
0.985000,0.133333,188.926458,0.075369,0.178130,0.985000,0.155556,124.861294,0.066588,0.207562,0.970000,0.333333,169.239181,0.062845,0.134775
0.985000,0.133333,199.621326,0.077796,0.188432,0.985000,0.111111,126.664766,0.074794,0.177441,0.975000,0.377778,164.977405,0.044752,0.216921
0.985000,0.111111,197.970297,0.079604,0.185987,0.985000,0.111111,132.791836,0.075770,0.177441,0.975000,0.333333,164.977405,0.052858,0.147031
0.985000,0.133333,199.348519,0.076469,0.188432,0.985000,0.088889,132.791836,0.075236,0.177706,0.970000,0.355556,182.883506,0.075709,0.134775
0.985000,0.111111,197.970297,0.079604,0.178130,0.985000,0.155556,124.861294,0.066588,0.207562,0.975000,0.333333,164.977405,0.052858,0.141814
0.985000,0.111111,188.926458,0.076469,0.175399,0.980000,0.222222,124.861294,0.066588,0.214822,0.970000,0.355556,169.239181,0.056532,0.138184
0.985000,0.111111,190.058678,0.077328,0.176467,0.985000,0.200000,130.559963,0.067241,0.214822,0.970000,0.355556,169.239181,0.056532,0.138184
0.985000,0.155556,174.044301,0.074864,0.188432,0.985000,0.111111,132.791836,0.075236,0.177441,0.970000,0.377778,174.615940,0.062845,0.178463
0.985000,0.200000,184.969138,0.076469,0.199323,0.985000,0.200000,124.861294,0.066588,0.207934,0.970000,0.311111,157.867385,0.053182,0.136241
0.985000,0.111111,188.454470,0.079604,0.178130,0.985000,0.200000,124.861294,0.066588,0.208201,0.975000,0.333333,153.281989,0.044752,0.141814
0.985000,0.133333,190.439001,0.077796,0.176307,0.985000,0.155556,130.559963,0.067874,0.207562,0.975000,0.333333,153.281989,0.044752,0.141814
0.985000,0.111111,184.969138,0.077796,0.175130,0.980000,0.133333,130.559963,0.067874,0.207562,0.975000,0.377778,157.867385,0.044752,0.218487
0.985000,0.177778,189.254688,0.077328,0.199323,0.985000,0.200000,124.861294,0.066588,0.208201,0.975000,0.377778,153.281989,0.044752,0.218487
0.985000,0.177778,199.348519,0.076469,0.199323,0.985000,0.155556,132.791836,0.075121,0.187720,0.970000,0.355556,182.883506,0.075709,0.134775
0.985000,0.111111,188.926458,0.076469,0.185008,0.985000,0.155556,126.664766,0.074794,0.185104,0.970000,0.333333,171.920157,0.062845,0.134775
0.985000,0.155556,194.896161,0.077796,0.188432,0.985000,0.133333,132.791836,0.075622,0.187720,0.975000,0.377778,168.398718,0.044752,0.216921
0.985000,0.111111,172.275975,0.075369,0.178130,0.980000,0.133333,136.518720,0.068979,0.207562,0.970000,0.311111,171.920157,0.068380,0.131559
0.985000,0.111111,172.275975,0.075369,0.185987,0.985000,0.111111,126.664766,0.075236,0.177441,0.970000,0.355556,174.615940,0.065922,0.134775
0.985000,0.133333,197.363989,0.076469,0.188432,0.985000,0.133333,132.791836,0.075770,0.185104,0.970000,0.377778,182.883506,0.068942,0.156389
0.985000,0.111111,190.439001,0.079604,0.175080,0.985000,0.155556,124.861294,0.066588,0.207562,0.975000,0.377778,153.281989,0.044752,0.218487
0.985000,0.177778,198.548302,0.076469,0.199323,0.985000,0.155556,126.664766,0.074794,0.185104,0.970000,0.377778,182.883506,0.063908,0.216921
0.985000,0.177778,188.176232,0.076469,0.199323,0.985000,0.200000,130.559963,0.067241,0.214822,0.970000,0.311111,169.239181,0.064945,0.131559
0.985000,0.111111,184.201293,0.077796,0.175080,0.980000,0.222222,124.861294,0.066588,0.214822,0.975000,0.377778,157.867385,0.044752,0.218487
0.985000,0.111111,195.646387,0.077796,0.185987,0.985000,0.133333,132.791836,0.075121,0.185104,0.975000,0.355556,168.398718,0.056989,0.147031
0.985000,0.155556,172.275975,0.074864,0.176304,0.980000,0.222222,124.861294,0.066588,0.214822,0.970000,0.377778,171.920157,0.056645,0.172793
0.985000,0.111111,200.753546,0.080472,0.185987,0.985000,0.155556,132.791836,0.075121,0.187720,0.975000,0.377778,164.977405,0.044752,0.153384
0.985000,0.133333,187.044012,0.075369,0.178130,0.980000,0.222222,124.861294,0.066588,0.214822,0.970000,0.333333,169.239181,0.062845,0.134775
0.985000,0.111111,182.488427,0.077328,0.175657,0.980000,0.155556,124.861294,0.066588,0.207295,0.970000,0.377778,182.883506,0.066959,0.172004
0.985000,0.111111,189.254688,0.077796,0.175399,0.985000,0.200000,130.559963,0.067241,0.214822,0.975000,0.333333,153.281989,0.044752,0.141814
0.985000,0.111111,197.363989,0.077328,0.185987,0.985000,0.133333,132.791836,0.075770,0.185104,0.970000,0.377778,182.883506,0.063908,0.216921
0.985000,0.133333,199.621326,0.077796,0.188432,0.985000,0.133333,132.791836,0.075770,0.185104,0.970000,0.311111,164.977405,0.054780,0.139428
0.985000,0.111111,198.911928,0.080472,0.178130,0.985000,0.200000,124.861294,0.066588,0.208201,0.970000,0.311111,164.977405,0.054780,0.136241
0.985000,0.111111,199.348519,0.077328,0.185987,0.985000,0.111111,132.791836,0.075236,0.177441,0.970000,0.377778,182.883506,0.068942,0.153384
0.985000,0.155556,173.385272,0.074864,0.188432,0.985000,0.155556,126.664766,0.074533,0.187720,0.970000,0.311111,172.871841,0.068380,0.131559
0.985000,0.111111,198.548302,0.077328,0.185008,0.985000,0.111111,126.664766,0.075236,0.177441,0.970000,0.355556,182.883506,0.068942,0.153384
0.985000,0.200000,193.763941,0.076469,0.199323,0.985000,0.155556,126.664766,0.074533,0.187720,0.970000,0.311111,168.398718,0.062453,0.139428
0.985000,0.133333,197.970297,0.077796,0.188432,0.985000,0.155556,132.791836,0.075121,0.187720,0.975000,0.377778,164.977405,0.044752,0.153384
0.985000,0.111111,184.256753,0.077328,0.185987,0.985000,0.111111,132.791836,0.075770,0.177441,0.970000,0.311111,183.010953,0.092709,0.131559
0.985000,0.111111,181.379130,0.076469,0.175130,0.985000,0.200000,130.559963,0.067241,0.214822,0.970000,0.355556,182.883506,0.071383,0.138184
0.985000,0.155556,181.379130,0.074864,0.188432,0.985000,0.155556,126.664766,0.075042,0.187720,0.970000,0.377778,184.755051,0.067752,0.216921
0.985000,0.111111,174.044301,0.076469,0.178130,0.975000,0.155556,124.861294,0.066588,0.207562,0.970000,0.311111,171.920157,0.068380,0.131559
0.985000,0.133333,188.926458,0.075369,0.174919,0.985000,0.177778,130.559963,0.067874,0.208201,0.970000,0.377778,169.239181,0.051512,0.172793
0.985000,0.155556,183.069073,0.076469,0.188432,0.985000,0.133333,132.791836,0.075770,0.185104,0.975000,0.333333,157.867385,0.044887,0.147031
0.985000,0.111111,183.069073,0.077328,0.185987,0.985000,0.088889,126.664766,0.075236,0.177706,0.975000,0.377778,157.867385,0.044752,0.218487
0.985000,0.177778,188.176232,0.076469,0.199323,0.985000,0.155556,130.559963,0.067874,0.207562,0.970000,0.333333,169.239181,0.062845,0.134775
0.985000,0.133333,189.254688,0.077328,0.188432,0.985000,0.133333,132.791836,0.075622,0.187720,0.975000,0.377778,153.281989,0.044752,0.181467
0.985000,0.111111,174.044301,0.076469,0.185987,0.985000,0.155556,132.791836,0.075121,0.187720,0.970000,0.355556,174.615940,0.065922,0.134775
0.985000,0.111111,183.147456,0.076469,0.185987,0.985000,0.133333,132.791836,0.075121,0.185104,0.970000,0.355556,184.755051,0.079609,0.134775
0.985000,0.155556,182.488427,0.076469,0.178130,0.985000,0.155556,130.559963,0.067874,0.207562,0.970000,0.333333,182.883506,0.075709,0.134775
0.985000,0.111111,200.532832,0.077796,0.185008,0.985000,0.111111,132.791836,0.075236,0.177441,0.970000,0.355556,182.883506,0.075709,0.134775
0.985000,0.177778,199.348519,0.076469,0.199323,0.985000,0.155556,124.861294,0.066588,0.207562,0.970000,0.377778,178.882430,0.060749,0.172004
0.985000,0.111111,190.439001,0.079604,0.175130,0.985000,0.155556,124.861294,0.066588,0.207562,0.975000,0.377778,153.281989,0.044752,0.218487
0.985000,0.177778,199.348519,0.076469,0.199323,0.985000,0.155556,126.664766,0.075121,0.185104,0.970000,0.355556,182.883506,0.068942,0.150286
0.985000,0.111111,189.254688,0.077796,0.185987,0.985000,0.111111,126.664766,0.075236,0.177441,0.970000,0.311111,153.281989,0.047754,0.139428
0.985000,0.111111,187.356223,0.077796,0.185008,0.985000,0.133333,132.791836,0.075770,0.185104,0.975000,0.377778,153.281989,0.044752,0.181467
0.985000,0.177778,200.532832,0.076469,0.199323,0.985000,0.200000,130.559963,0.067241,0.214822,0.970000,0.333333,178.882430,0.072556,0.134775
0.985000,0.111111,195.646387,0.077796,0.175399,0.985000,0.200000,130.559963,0.067241,0.214822,0.975000,0.333333,168.398718,0.056989,0.141814
0.985000,0.111111,172.275975,0.075369,0.185008,0.985000,0.155556,126.664766,0.074794,0.185104,0.970000,0.355556,172.871841,0.062845,0.180217
0.985000,0.133333,200.532832,0.077328,0.176307,0.985000,0.155556,130.559963,0.067874,0.207562,0.970000,0.333333,178.882430,0.072556,0.134775
0.985000,0.133333,200.532832,0.077328,0.188432,0.985000,0.133333,132.791836,0.075770,0.185104,0.970000,0.377778,182.883506,0.068942,0.156389
0.985000,0.111111,189.417824,0.077328,0.185987,0.985000,0.155556,132.791836,0.075121,0.187720,0.970000,0.377778,171.920157,0.061575,0.180810
0.985000,0.111111,195.646387,0.077796,0.185987,0.985000,0.111111,126.664766,0.075236,0.177441,0.970000,0.355556,168.398718,0.045395,0.153384
0.985000,0.111111,196.778607,0.079604,0.185008,0.985000,0.111111,132.791836,0.075770,0.177441,0.975000,0.333333,168.398718,0.056989,0.147031
0.985000,0.111111,190.058678,0.077328,0.185987,0.985000,0.155556,126.664766,0.074794,0.185104,0.970000,0.400000,171.920157,0.054322,0.216921
0.985000,0.133333,200.532832,0.077328,0.178130,0.985000,0.155556,130.559963,0.067874,0.207562,0.970000,0.355556,178.882430,0.064296,0.138184
0.985000,0.111111,186.153452,0.077796,0.185008,0.985000,0.111111,126.664766,0.075236,0.177441,0.970000,0.311111,157.867385,0.053182,0.139428
0.985000,0.133333,190.439001,0.077796,0.178130,0.980000,0.133333,130.559963,0.067874,0.207562,0.970000,0.355556,153.281989,0.044752,0.184014
0.985000,0.133333,190.439001,0.077796,0.188432,0.985000,0.111111,132.791836,0.075236,0.177441,0.975000,0.355556,153.281989,0.044752,0.147031
0.985000,0.111111,198.548302,0.077328,0.178130,0.985000,0.200000,130.559963,0.067241,0.214822,0.970000,0.333333,178.882430,0.072556,0.134775
0.985000,0.111111,172.275975,0.075369,0.176465,0.985000,0.155556,124.861294,0.066588,0.207295,0.970000,0.377778,171.920157,0.056645,0.172793
0.985000,0.111111,183.147456,0.076469,0.176467,0.980000,0.222222,124.861294,0.066588,0.214822,0.970000,0.355556,182.883506,0.071383,0.138184
0.985000,0.177778,188.176232,0.076469,0.199323,0.985000,0.133333,132.791836,0.075622,0.187720,0.970000,0.333333,171.920157,0.062845,0.134775
0.985000,0.200000,194.896161,0.077796,0.199323,0.985000,0.111111,139.735696,0.076731,0.185104,0.975000,0.333333,168.398718,0.056989,0.147031
0.985000,0.133333,199.621326,0.077796,0.178130,0.985000,0.155556,124.861294,0.066588,0.207295,0.975000,0.333333,164.977405,0.052858,0.141814
0.985000,0.111111,199.348519,0.077328,0.185987,0.985000,0.155556,126.664766,0.074533,0.187720,0.970000,0.333333,182.883506,0.075709,0.134775
0.985000,0.111111,188.176232,0.077328,0.185987,0.985000,0.133333,132.791836,0.075121,0.185104,0.970000,0.400000,171.920157,0.054322,0.216921
0.985000,0.200000,175.153598,0.075369,0.199323,0.985000,0.155556,126.664766,0.075121,0.185104,0.970000,0.355556,174.615940,0.062845,0.180810
0.985000,0.111111,189.254688,0.077796,0.175659,0.975000,0.155556,124.861294,0.066588,0.207562,0.970000,0.355556,153.281989,0.044752,0.184014
0.985000,0.177778,189.254688,0.077328,0.199323,0.985000,0.155556,126.664766,0.075121,0.185104,0.970000,0.311111,153.281989,0.047754,0.139428
0.985000,0.177778,189.254688,0.077328,0.199323,0.980000,0.133333,130.559963,0.067874,0.207562,0.970000,0.311111,153.281989,0.047754,0.138485
0.985000,0.111111,198.548302,0.077328,0.185987,0.985000,0.133333,132.791836,0.075770,0.185104,0.970000,0.377778,182.883506,0.063908,0.216921
0.985000,0.111111,190.058678,0.077328,0.175130,0.985000,0.200000,130.559963,0.067241,0.214822,0.970000,0.377778,169.239181,0.051512,0.172793
0.985000,0.133333,197.970297,0.077796,0.174919,0.985000,0.155556,130.559963,0.067874,0.207562,0.970000,0.355556,164.977405,0.044752,0.151685
0.985000,0.111111,184.256753,0.077328,0.175399,0.985000,0.200000,130.559963,0.067241,0.214822,0.970000,0.355556,182.883506,0.071383,0.138184
0.985000,0.111111,182.488427,0.076469,0.178130,0.985000,0.177778,130.559963,0.067874,0.208201,0.970000,0.355556,182.883506,0.068942,0.138184
0.985000,0.155556,195.646387,0.077328,0.178130,0.985000,0.177778,130.559963,0.067874,0.208201,0.970000,0.311111,168.398718,0.062453,0.136241
0.985000,0.111111,183.069073,0.077328,0.175399,0.985000,0.177778,130.559963,0.067874,0.208201,0.975000,0.355556,157.867385,0.044752,0.181790
0.985000,0.111111,175.153598,0.076469,0.176467,0.985000,0.200000,130.559963,0.067241,0.214822,0.970000,0.355556,171.920157,0.061902,0.138184
0.985000,0.155556,194.896161,0.077796,0.178130,0.985000,0.155556,130.559963,0.067874,0.207562,0.975000,0.333333,168.398718,0.056989,0.141814
0.985000,0.111111,194.896161,0.079604,0.178130,0.985000,0.155556,124.861294,0.066588,0.207295,0.975000,0.333333,168.398718,0.056989,0.141814
0.985000,0.155556,173.385272,0.074864,0.188432,0.985000,0.133333,132.791836,0.075622,0.187720,0.970000,0.333333,172.871841,0.065922,0.134775
0.985000,0.200000,183.069073,0.075369,0.199323,0.985000,0.155556,130.559963,0.067874,0.207562,0.975000,0.377778,157.867385,0.044752,0.218487
0.985000,0.111111,184.969138,0.077796,0.176467,0.985000,0.155556,124.861294,0.066588,0.207562,0.975000,0.377778,157.867385,0.044752,0.218487
0.985000,0.111111,181.379130,0.076469,0.175399,0.980000,0.155556,124.861294,0.066588,0.207295,0.970000,0.355556,182.883506,0.071383,0.138184
0.985000,0.200000,195.646387,0.077328,0.199323,0.985000,0.111111,132.791836,0.075770,0.177441,0.975000,0.333333,168.398718,0.056989,0.147031
0.985000,0.133333,190.439001,0.077796,0.188432,0.985000,0.155556,126.664766,0.075121,0.185104,0.975000,0.355556,153.281989,0.044752,0.147031
0.985000,0.111111,199.621326,0.079604,0.175399,0.985000,0.177778,130.559963,0.067874,0.208201,0.975000,0.333333,164.977405,0.052858,0.141814
0.985000,0.111111,188.454470,0.079604,0.176465,0.980000,0.222222,124.861294,0.066588,0.214822,0.975000,0.355556,153.281989,0.044752,0.181790
0.985000,0.111111,188.454470,0.079604,0.175080,0.980000,0.222222,124.861294,0.066588,0.214822,0.975000,0.355556,153.281989,0.044752,0.181790
0.985000,0.200000,194.896161,0.077796,0.199323,0.985000,0.133333,132.791836,0.075042,0.185104,0.975000,0.377778,168.398718,0.045395,0.151685
0.985000,0.111111,197.363989,0.077328,0.176467,0.985000,0.200000,124.861294,0.066588,0.208201,0.970000,0.355556,178.882430,0.064296,0.138184
0.985000,0.111111,184.969138,0.077796,0.185987,0.985000,0.133333,132.791836,0.075121,0.185104,0.975000,0.355556,157.867385,0.044887,0.147031
0.985000,0.155556,194.896161,0.077796,0.178130,0.985000,0.177778,130.559963,0.067874,0.208201,0.975000,0.333333,168.398718,0.056989,0.141814
0.985000,0.200000,195.646387,0.077328,0.199323,0.985000,0.177778,130.559963,0.067874,0.208201,0.975000,0.377778,168.398718,0.044752,0.216921
0.985000,0.200000,173.385272,0.074864,0.199323,0.985000,0.155556,130.559963,0.067874,0.207562,0.970000,0.355556,171.920157,0.061902,0.138184
0.985000,0.111111,184.201293,0.077796,0.175399,0.985000,0.155556,124.861294,0.066588,0.207562,0.975000,0.333333,157.867385,0.044887,0.141814
0.985000,0.111111,198.911928,0.079604,0.185987,0.985000,0.133333,132.791836,0.075770,0.185104,0.975000,0.333333,164.977405,0.044887,0.147031
0.985000,0.111111,196.778607,0.079604,0.185008,0.985000,0.111111,132.791836,0.075236,0.177441,0.975000,0.355556,168.398718,0.056989,0.147031
0.985000,0.177778,197.363989,0.076469,0.199323,0.985000,0.155556,130.559963,0.067874,0.207562,0.970000,0.355556,178.882430,0.064296,0.138184
0.985000,0.155556,184.969138,0.076469,0.188432,0.985000,0.111111,132.791836,0.075236,0.177441,0.970000,0.377778,157.867385,0.044752,0.181562
0.985000,0.111111,193.763941,0.077796,0.178130,0.985000,0.200000,124.861294,0.066588,0.208201,0.975000,0.333333,168.398718,0.056989,0.141814
0.985000,0.111111,199.621326,0.079604,0.185987,0.985000,0.133333,132.791836,0.075770,0.185104,0.975000,0.333333,164.977405,0.052858,0.147031
0.985000,0.133333,200.532832,0.077328,0.178130,0.980000,0.222222,124.861294,0.066588,0.214822,0.970000,0.355556,178.882430,0.064296,0.138184
0.985000,0.111111,183.147456,0.076469,0.185987,0.985000,0.111111,126.664766,0.074794,0.177441,0.970000,0.333333,184.755051,0.079609,0.134775
0.985000,0.111111,188.176232,0.077328,0.175399,0.985000,0.177778,130.559963,0.067874,0.207934,0.970000,0.333333,169.239181,0.062845,0.134775
0.985000,0.155556,183.069073,0.076469,0.178130,0.985000,0.177778,130.559963,0.067874,0.208201,0.975000,0.333333,157.867385,0.044887,0.141814
0.985000,0.200000,181.379130,0.074864,0.199323,0.985000,0.200000,124.861294,0.066588,0.208201,0.970000,0.333333,182.883506,0.075709,0.134775
0.985000,0.155556,184.969138,0.076469,0.178130,0.985000,0.177778,130.559963,0.067874,0.208201,0.975000,0.333333,157.867385,0.044887,0.141814
0.985000,0.177778,198.548302,0.076469,0.199323,0.985000,0.111111,132.791836,0.075770,0.177441,0.970000,0.377778,182.883506,0.068942,0.156389
0.985000,0.111111,199.348519,0.077328,0.185008,0.985000,0.133333,132.791836,0.075622,0.187720,0.970000,0.311111,182.883506,0.092709,0.131559
0.985000,0.133333,199.621326,0.077796,0.174919,0.985000,0.177778,130.559963,0.067874,0.208201,0.975000,0.377778,164.977405,0.044752,0.216921
0.985000,0.111111,173.385272,0.076469,0.178130,0.975000,0.155556,124.861294,0.066588,0.207562,0.970000,0.355556,171.920157,0.061902,0.138184
0.985000,0.111111,184.969138,0.077796,0.185987,0.985000,0.111111,126.664766,0.074794,0.177441,0.975000,0.377778,157.867385,0.044752,0.218487
0.985000,0.111111,194.896161,0.079604,0.185987,0.985000,0.155556,126.664766,0.074533,0.187720,0.975000,0.333333,168.398718,0.056989,0.147031
0.985000,0.177778,197.363989,0.076469,0.199323,0.985000,0.155556,126.664766,0.075121,0.185104,0.970000,0.355556,182.883506,0.068942,0.153384
0.985000,0.177778,211.349318,0.077796,0.199323,0.985000,0.155556,132.791836,0.075121,0.187720,0.975000,0.377778,177.565182,0.044752,0.216921
0.985000,0.111111,200.753546,0.080472,0.185008,0.985000,0.111111,126.664766,0.075236,0.177441,0.975000,0.377778,164.977405,0.044752,0.216921
0.985000,0.111111,195.646387,0.077796,0.185987,0.985000,0.155556,126.664766,0.075121,0.185104,0.975000,0.355556,168.398718,0.056989,0.147031
0.985000,0.111111,193.763941,0.077796,0.175130,0.985000,0.155556,130.559963,0.067874,0.207562,0.970000,0.355556,168.398718,0.045395,0.151685
0.985000,0.111111,183.147456,0.076469,0.175399,0.985000,0.200000,130.559963,0.067241,0.214822,0.970000,0.311111,182.883506,0.089893,0.131559
0.985000,0.111111,172.275975,0.075369,0.175659,0.980000,0.133333,130.559963,0.067874,0.207562,0.970000,0.333333,171.920157,0.065922,0.134775
0.985000,0.200000,182.488427,0.076469,0.199323,0.985000,0.088889,126.664766,0.075236,0.177706,0.970000,0.355556,184.755051,0.079609,0.134775
0.985000,0.200000,183.147456,0.075369,0.199323,0.985000,0.155556,130.559963,0.067874,0.207562,0.970000,0.355556,182.883506,0.071383,0.138184
0.985000,0.155556,195.646387,0.076469,0.178130,0.985000,0.200000,124.861294,0.066588,0.208201,0.975000,0.333333,168.398718,0.047145,0.141814
0.985000,0.155556,173.385272,0.074864,0.188432,0.985000,0.133333,132.791836,0.075121,0.185104,0.970000,0.355556,174.615940,0.065922,0.134775
0.985000,0.200000,183.069073,0.075369,0.199323,0.985000,0.133333,132.791836,0.075121,0.185104,0.975000,0.377778,157.867385,0.044752,0.181562
0.985000,0.111111,194.896161,0.079604,0.185987,0.985000,0.155556,126.664766,0.074794,0.185104,0.975000,0.355556,168.398718,0.045395,0.152040
0.985000,0.111111,196.778607,0.079604,0.176467,0.985000,0.155556,124.861294,0.066588,0.207562,0.975000,0.333333,168.398718,0.056989,0.141814
0.985000,0.155556,175.153598,0.075369,0.178130,0.985000,0.155556,130.559963,0.067874,0.207295,0.970000,0.333333,171.920157,0.065922,0.134775
0.985000,0.155556,183.147456,0.075369,0.188432,0.985000,0.155556,132.791836,0.075121,0.187720,0.970000,0.355556,183.010953,0.079609,0.134775
0.985000,0.111111,190.439001,0.079604,0.175080,0.985000,0.155556,124.861294,0.066588,0.207562,0.975000,0.377778,153.281989,0.044752,0.218487
0.985000,0.155556,181.379130,0.074864,0.178130,0.980000,0.222222,124.861294,0.066588,0.214822,0.970000,0.355556,182.883506,0.071383,0.138184
0.985000,0.111111,198.600800,0.079604,0.175080,0.980000,0.222222,124.861294,0.066588,0.214822,0.975000,0.355556,168.398718,0.045395,0.151685
0.985000,0.200000,183.147456,0.075369,0.199323,0.985000,0.155556,126.664766,0.074794,0.185104,0.970000,0.355556,183.010953,0.071383,0.152040
0.985000,0.155556,186.153452,0.077328,0.178130,0.985000,0.177778,130.559963,0.067874,0.208201,0.975000,0.355556,157.867385,0.044752,0.181790
0.985000,0.111111,197.970297,0.079604,0.175399,0.985000,0.155556,130.559963,0.067874,0.207562,0.970000,0.355556,164.977405,0.044752,0.151685
0.985000,0.200000,183.069073,0.075369,0.199323,0.985000,0.155556,130.559963,0.067874,0.207562,0.975000,0.377778,157.867385,0.044752,0.218487
0.985000,0.111111,197.363989,0.077328,0.185008,0.985000,0.111111,132.791836,0.075236,0.177441,0.970000,0.377778,182.883506,0.068942,0.150286
0.985000,0.155556,172.275975,0.074864,0.176307,0.985000,0.155556,130.559963,0.067874,0.207562,0.970000,0.377778,171.920157,0.056645,0.172793
0.985000,0.111111,184.256753,0.077328,0.185008,0.985000,0.088889,139.735696,0.076731,0.177441,0.970000,0.377778,184.755051,0.069525,0.185736
0.985000,0.111111,196.778607,0.079604,0.185987,0.985000,0.111111,132.791836,0.075236,0.177441,0.970000,0.311111,168.398718,0.062453,0.139428
0.985000,0.133333,192.613848,0.077328,0.178130,0.985000,0.177778,130.559963,0.067874,0.208201,0.975000,0.355556,153.281989,0.044752,0.181790
0.985000,0.155556,193.763941,0.076469,0.188432,0.985000,0.133333,132.791836,0.075121,0.185104,0.975000,0.355556,168.398718,0.056989,0.147031
0.985000,0.133333,190.439001,0.077796,0.174919,0.985000,0.200000,130.559963,0.067241,0.214822,0.975000,0.355556,153.281989,0.044752,0.181790
0.985000,0.133333,200.753546,0.077796,0.188432,0.985000,0.133333,132.791836,0.075121,0.185104,0.975000,0.377778,164.977405,0.044752,0.216921
0.985000,0.133333,188.454470,0.077796,0.174919,0.980000,0.222222,124.861294,0.066588,0.214822,0.975000,0.333333,153.281989,0.044752,0.141814
0.985000,0.133333,190.058678,0.075836,0.188432,0.985000,0.155556,126.664766,0.075121,0.185104,0.970000,0.355556,171.920157,0.056532,0.180810
0.985000,0.111111,199.621326,0.079604,0.176465,0.980000,0.222222,124.861294,0.066588,0.214822,0.975000,0.377778,164.977405,0.044752,0.216921
0.985000,0.177778,197.363989,0.076469,0.199323,0.985000,0.111111,126.664766,0.074794,0.177441,0.970000,0.333333,182.883506,0.075709,0.134775
0.985000,0.111111,198.911928,0.080472,0.185008,0.985000,0.133333,132.791836,0.075622,0.187720,0.975000,0.377778,164.977405,0.044752,0.216921
0.985000,0.177778,190.058678,0.076469,0.199323,0.985000,0.133333,132.791836,0.075622,0.187720,0.970000,0.400000,171.920157,0.054322,0.216921
0.985000,0.155556,184.969138,0.076469,0.176304,0.985000,0.177778,130.559963,0.067874,0.207934,0.975000,0.377778,157.867385,0.044752,0.218487
0.985000,0.111111,197.970297,0.079604,0.185987,0.985000,0.088889,132.791836,0.075236,0.177706,0.970000,0.311111,164.977405,0.054780,0.139428
0.985000,0.111111,172.275975,0.075369,0.175399,0.985000,0.200000,124.861294,0.066588,0.207934,0.970000,0.333333,171.920157,0.065922,0.134775
0.985000,0.200000,184.256753,0.076469,0.199323,0.985000,0.177778,130.559963,0.067874,0.207934,0.970000,0.333333,182.883506,0.075709,0.134775
0.985000,0.200000,184.256753,0.076469,0.199323,0.985000,0.200000,130.559963,0.067241,0.214822,0.970000,0.355556,182.883506,0.071383,0.138184
0.985000,0.200000,184.201293,0.076469,0.199323,0.985000,0.155556,126.664766,0.075121,0.185104,0.975000,0.355556,157.867385,0.044752,0.181562
0.985000,0.155556,184.201293,0.076469,0.188432,0.985000,0.088889,126.664766,0.075236,0.177706,0.970000,0.355556,157.867385,0.044752,0.181562
0.985000,0.111111,198.548302,0.077328,0.178130,0.985000,0.155556,124.861294,0.066588,0.207562,0.970000,0.355556,178.882430,0.064296,0.138184
0.985000,0.111111,197.970297,0.079604,0.185008,0.985000,0.133333,132.791836,0.075770,0.185104,0.975000,0.377778,164.977405,0.044752,0.156389
0.985000,0.155556,182.488427,0.076469,0.174919,0.985000,0.200000,124.861294,0.066588,0.208201,0.970000,0.377778,182.883506,0.066959,0.172004
0.985000,0.111111,173.385272,0.076469,0.185008,0.985000,0.088889,126.664766,0.075236,0.177706,0.970000,0.311111,174.615940,0.068380,0.131559
0.985000,0.133333,197.970297,0.077796,0.188432,0.985000,0.155556,126.664766,0.074794,0.185104,0.975000,0.333333,164.977405,0.052858,0.147031
0.985000,0.177778,188.454470,0.077796,0.199323,0.985000,0.155556,126.664766,0.075121,0.185104,0.975000,0.355556,153.281989,0.044752,0.181562
0.985000,0.133333,190.058678,0.076469,0.174969,0.985000,0.155556,130.559963,0.067874,0.207562,0.970000,0.333333,169.239181,0.062845,0.134775
0.985000,0.111111,212.481538,0.080472,0.176465,0.985000,0.155556,130.559963,0.067874,0.207295,0.970000,0.355556,177.565182,0.047547,0.151685
0.985000,0.155556,195.646387,0.077328,0.174919,0.985000,0.177778,130.559963,0.067874,0.208201,0.975000,0.355556,168.398718,0.045395,0.151685
0.985000,0.155556,183.147456,0.075369,0.176307,0.985000,0.200000,124.861294,0.066588,0.208201,0.970000,0.355556,182.883506,0.071383,0.138184
0.985000,0.111111,188.176232,0.077328,0.178130,0.985000,0.200000,124.861294,0.066588,0.208201,0.970000,0.355556,169.239181,0.056532,0.138184
0.985000,0.133333,188.926458,0.075369,0.178130,0.985000,0.155556,124.861294,0.066588,0.207562,0.970000,0.333333,169.239181,0.062845,0.134775
0.985000,0.111111,188.926458,0.076469,0.185008,0.985000,0.111111,126.664766,0.075236,0.177441,0.970000,0.355556,171.920157,0.062845,0.134775
0.985000,0.111111,182.488427,0.077328,0.175399,0.980000,0.222222,124.861294,0.066588,0.214822,0.970000,0.355556,182.883506,0.071383,0.138184
0.985000,0.111111,199.348519,0.077328,0.185987,0.985000,0.111111,132.791836,0.075770,0.177441,0.970000,0.377778,182.883506,0.063908,0.216921
0.985000,0.111111,175.153598,0.076469,0.178130,0.985000,0.155556,130.559963,0.067874,0.207562,0.970000,0.311111,171.920157,0.068380,0.131559
0.985000,0.155556,186.153452,0.076469,0.188432,0.985000,0.088889,132.791836,0.075236,0.177706,0.970000,0.377778,157.867385,0.044752,0.180810
0.985000,0.155556,184.201293,0.076469,0.188432,0.985000,0.133333,132.791836,0.075770,0.185104,0.975000,0.377778,157.867385,0.044752,0.218487
0.985000,0.133333,190.439001,0.077796,0.188432,0.985000,0.111111,132.791836,0.075236,0.177441,0.975000,0.355556,153.281989,0.044752,0.147031
0.985000,0.111111,183.147456,0.076469,0.185008,0.985000,0.133333,139.735696,0.076731,0.185104,0.970000,0.377778,184.755051,0.071383,0.156389
0.985000,0.133333,190.439001,0.077796,0.176307,0.985000,0.155556,130.559963,0.067874,0.207562,0.975000,0.377778,153.281989,0.044752,0.218487
0.985000,0.111111,194.896161,0.079604,0.176467,0.985000,0.155556,124.861294,0.066588,0.207562,0.970000,0.311111,168.398718,0.062453,0.136241
0.985000,0.111111,188.176232,0.077328,0.178130,0.985000,0.155556,130.559963,0.067874,0.207562,0.970000,0.355556,169.239181,0.056532,0.138184
0.985000,0.177778,199.348519,0.076469,0.199323,0.985000,0.200000,124.861294,0.066588,0.208201,0.970000,0.377778,178.882430,0.060749,0.172004
0.985000,0.177778,188.176232,0.076469,0.199323,0.980000,0.222222,124.861294,0.066588,0.214822,0.970000,0.355556,169.239181,0.056532,0.138184
0.985000,0.133333,188.176232,0.076469,0.178130,0.985000,0.200000,124.861294,0.066588,0.208201,0.970000,0.333333,169.239181,0.062845,0.134775
0.985000,0.111111,191.736889,0.080472,0.185008,0.985000,0.111111,126.664766,0.074794,0.177441,0.970000,0.311111,153.281989,0.047754,0.139428
0.985000,0.111111,184.969138,0.077796,0.185987,0.985000,0.111111,126.664766,0.074794,0.177441,0.970000,0.311111,157.867385,0.051890,0.139428
0.985000,0.111111,173.385272,0.076469,0.185987,0.985000,0.111111,126.664766,0.074794,0.177441,0.970000,0.377778,172.871841,0.058257,0.216921
0.985000,0.133333,199.348519,0.076469,0.176307,0.985000,0.155556,130.559963,0.067874,0.207562,0.970000,0.377778,178.882430,0.060749,0.172004
0.985000,0.111111,197.363989,0.077328,0.175399,0.985000,0.200000,130.559963,0.067241,0.214822,0.970000,0.311111,178.882430,0.089893,0.131559
0.985000,0.111111,186.153452,0.077796,0.185987,0.985000,0.133333,132.791836,0.075622,0.187720,0.975000,0.377778,157.867385,0.044752,0.218487
0.985000,0.111111,195.646387,0.077796,0.178130,0.985000,0.200000,130.559963,0.067241,0.214822,0.975000,0.333333,168.398718,0.056989,0.141814
0.985000,0.155556,194.896161,0.077796,0.188432,0.985000,0.133333,132.791836,0.075770,0.185104,0.975000,0.377778,168.398718,0.045395,0.156389
0.985000,0.133333,200.753546,0.077796,0.188432,0.985000,0.155556,132.791836,0.075121,0.187720,0.975000,0.377778,164.977405,0.044752,0.153384
0.985000,0.111111,183.069073,0.077328,0.178130,0.985000,0.155556,124.861294,0.066588,0.207562,0.970000,0.355556,157.867385,0.044752,0.184014
0.985000,0.111111,172.275975,0.075369,0.185987,0.985000,0.133333,139.735696,0.076731,0.185104,0.970000,0.333333,172.871841,0.065922,0.134775
0.985000,0.133333,189.254688,0.077328,0.188432,0.985000,0.133333,132.791836,0.075121,0.185104,0.975000,0.355556,153.281989,0.044752,0.147031
0.985000,0.133333,200.532832,0.077328,0.178130,0.985000,0.200000,130.559963,0.067241,0.214822,0.970000,0.311111,178.882430,0.089893,0.131559
0.985000,0.111111,196.778607,0.079604,0.185987,0.985000,0.155556,132.791836,0.075121,0.187720,0.975000,0.355556,168.398718,0.056989,0.147031
0.985000,0.155556,194.896161,0.077796,0.178130,0.985000,0.155556,130.559963,0.067874,0.207562,0.970000,0.311111,168.398718,0.062453,0.136241
0.985000,0.111111,198.911928,0.080472,0.178130,0.985000,0.177778,130.559963,0.067874,0.208201,0.975000,0.333333,164.977405,0.052858,0.141814
0.985000,0.155556,186.153452,0.077328,0.176304,0.985000,0.200000,130.559963,0.067241,0.214822,0.975000,0.333333,157.867385,0.044887,0.141814
0.985000,0.111111,198.548302,0.077328,0.185987,0.985000,0.155556,126.664766,0.074794,0.185104,0.970000,0.377778,182.883506,0.063908,0.216921
0.985000,0.111111,200.753546,0.080472,0.175399,0.985000,0.155556,130.559963,0.067874,0.207562,0.975000,0.377778,164.977405,0.044752,0.216921
0.985000,0.155556,173.385272,0.074864,0.178130,0.980000,0.222222,124.861294,0.066588,0.214822,0.970000,0.311111,171.920157,0.068380,0.131559
0.985000,0.111111,187.044012,0.076469,0.185987,0.985000,0.155556,126.664766,0.075121,0.185104,0.970000,0.355556,171.920157,0.061575,0.180810
0.985000,0.200000,175.153598,0.075369,0.199323,0.985000,0.088889,126.664766,0.075236,0.177706,0.970000,0.355556,174.615940,0.062845,0.180810
0.985000,0.111111,186.153452,0.077796,0.185987,0.985000,0.111111,126.664766,0.074794,0.177441,0.975000,0.333333,157.867385,0.044887,0.147031
0.985000,0.155556,193.763941,0.076469,0.176307,0.985000,0.155556,130.559963,0.067874,0.207562,0.970000,0.355556,168.398718,0.045395,0.151685
0.985000,0.133333,187.044012,0.075369,0.174919,0.985000,0.200000,130.559963,0.067241,0.214822,0.970000,0.355556,169.239181,0.056532,0.138184
0.985000,0.111111,187.044012,0.076469,0.175399,0.985000,0.200000,130.559963,0.067241,0.214822,0.970000,0.355556,169.239181,0.056532,0.138184
0.985000,0.111111,189.254688,0.077796,0.185987,0.985000,0.155556,126.664766,0.075042,0.187720,0.975000,0.400000,153.281989,0.044752,0.218487
0.985000,0.155556,183.069073,0.076469,0.178130,0.985000,0.155556,130.559963,0.067874,0.207562,0.975000,0.333333,157.867385,0.044887,0.141814
0.985000,0.155556,181.379130,0.074864,0.188432,0.985000,0.155556,126.664766,0.074794,0.185104,0.970000,0.333333,184.755051,0.079609,0.134775
0.985000,0.111111,188.926458,0.076469,0.175657,0.980000,0.155556,124.861294,0.066588,0.207295,0.970000,0.377778,169.239181,0.051512,0.172793
0.985000,0.111111,197.363989,0.077328,0.178130,0.985000,0.200000,130.559963,0.067241,0.214822,0.970000,0.355556,178.882430,0.064296,0.138184
0.985000,0.155556,193.763941,0.076469,0.176304,0.980000,0.222222,124.861294,0.066588,0.214822,0.975000,0.355556,168.398718,0.045395,0.151685
0.985000,0.155556,174.044301,0.074864,0.176307,0.985000,0.155556,124.861294,0.066588,0.207562,0.970000,0.333333,171.920157,0.065922,0.134775
0.985000,0.177778,200.532832,0.076469,0.199323,0.985000,0.133333,132.791836,0.075121,0.185104,0.970000,0.377778,182.883506,0.068942,0.153384
0.985000,0.133333,188.926458,0.075369,0.188432,0.985000,0.111111,126.664766,0.074794,0.177441,0.970000,0.333333,171.920157,0.062845,0.134775
0.985000,0.177778,187.356223,0.077328,0.199323,0.985000,0.111111,126.664766,0.075236,0.177441,0.970000,0.311111,153.281989,0.047754,0.139428
0.985000,0.133333,199.348519,0.076469,0.174919,0.985000,0.200000,124.861294,0.066588,0.208201,0.970000,0.311111,178.882430,0.089893,0.131559
0.985000,0.155556,208.430963,0.077796,0.188432,0.985000,0.155556,126.664766,0.075042,0.187720,0.975000,0.355556,179.632597,0.056532,0.153384
0.985000,0.133333,189.752359,0.077796,0.188432,0.985000,0.111111,132.791836,0.075236,0.177441,0.975000,0.400000,153.281989,0.044752,0.218487
0.985000,0.133333,188.454470,0.077796,0.188432,0.985000,0.111111,126.664766,0.074794,0.177441,0.970000,0.355556,153.281989,0.044752,0.180810
0.985000,0.200000,174.044301,0.074864,0.199323,0.980000,0.222222,124.861294,0.066588,0.214822,0.970000,0.311111,171.920157,0.068380,0.131559
0.985000,0.111111,203.980243,0.077796,0.185987,0.985000,0.155556,126.664766,0.074794,0.185104,0.970000,0.333333,182.883506,0.075709,0.134775
0.985000,0.111111,199.348519,0.077328,0.185008,0.985000,0.133333,132.791836,0.075121,0.185104,0.970000,0.377778,182.883506,0.068942,0.153384
0.985000,0.111111,184.969138,0.077796,0.175399,0.985000,0.177778,130.559963,0.067874,0.208201,0.975000,0.377778,157.867385,0.044752,0.218487
0.985000,0.155556,193.763941,0.076469,0.188432,0.985000,0.111111,126.664766,0.075236,0.177441,0.970000,0.311111,168.398718,0.062453,0.139428
0.985000,0.111111,190.058678,0.077328,0.185008,0.985000,0.155556,126.664766,0.074533,0.187720,0.970000,0.333333,171.920157,0.062845,0.134775
0.985000,0.111111,199.348519,0.077328,0.185008,0.985000,0.133333,132.791836,0.075121,0.185104,0.970000,0.377778,182.883506,0.063908,0.216921
0.985000,0.155556,183.069073,0.076469,0.188432,0.985000,0.111111,126.664766,0.075236,0.177441,0.975000,0.377778,157.867385,0.044752,0.218487
0.985000,0.111111,174.044301,0.076469,0.185008,0.985000,0.088889,132.791836,0.075770,0.177706,0.970000,0.377778,172.871841,0.062845,0.180810
0.985000,0.111111,173.385272,0.076469,0.178130,0.985000,0.200000,124.861294,0.066588,0.207934,0.970000,0.355556,171.920157,0.061902,0.144108
0.985000,0.155556,182.488427,0.076469,0.188432,0.985000,0.133333,132.791836,0.075121,0.185104,0.970000,0.377778,184.755051,0.071383,0.150286
0.985000,0.111111,188.176232,0.077328,0.185008,0.985000,0.155556,132.791836,0.075121,0.187720,0.970000,0.355556,171.920157,0.062845,0.134775
0.985000,0.111111,184.201293,0.077796,0.185008,0.985000,0.111111,132.791836,0.075770,0.177441,0.975000,0.333333,157.867385,0.044887,0.147031
0.985000,0.155556,184.969138,0.076469,0.178130,0.985000,0.155556,124.861294,0.066588,0.207562,0.975000,0.333333,157.867385,0.044887,0.141814
0.985000,0.111111,195.646387,0.077796,0.185987,0.985000,0.111111,132.791836,0.075770,0.177441,0.975000,0.377778,168.398718,0.044752,0.216921
0.970000,0.111111,41.148431,0.021685,0.170632,0.980000,0.133333,123.418151,0.063233,0.237041,0.965000,0.266667,131.595253,0.049047,0.129712
0.975000,0.088889,68.535360,0.028819,0.170632,0.970000,0.222222,113.901824,0.056070,0.250224,0.965000,0.222222,150.116832,0.044752,0.122597
0.975000,0.088889,68.535360,0.030442,0.170632,0.970000,0.200000,120.328165,0.058418,0.252680,0.965000,0.244444,160.036552,0.045874,0.129832
0.975000,0.111111,64.426859,0.027257,0.170632,0.970000,0.177778,116.016992,0.058903,0.233147,0.965000,0.266667,115.434245,0.044752,0.131571
0.975000,0.111111,45.123370,0.021445,0.170632,0.975000,0.155556,117.535499,0.061544,0.241112,0.960000,0.244444,126.585193,0.053395,0.122597
0.975000,0.088889,45.123370,0.021821,0.170632,0.980000,0.177778,122.432732,0.060428,0.237041,0.970000,0.244444,157.867385,0.044752,0.129712
0.975000,0.088889,67.148508,0.026267,0.170632,0.975000,0.177778,122.432732,0.060428,0.232130,0.965000,0.222222,180.519840,0.089158,0.121897
0.970000,0.111111,41.148431,0.021685,0.170632,0.975000,0.177778,122.432732,0.060428,0.237041,0.965000,0.222222,157.867385,0.046125,0.122597
0.975000,0.111111,68.535360,0.027194,0.170632,0.975000,0.200000,122.432732,0.060097,0.241112,0.965000,0.266667,160.036552,0.050582,0.129832
0.975000,0.088889,45.213287,0.021784,0.170632,0.975000,0.200000,122.432732,0.060097,0.241112,0.965000,0.244444,168.398718,0.055534,0.129712
0.970000,0.088889,41.148431,0.021731,0.170632,0.975000,0.200000,116.016992,0.058735,0.241112,0.970000,0.244444,157.867385,0.044752,0.129712
0.980000,0.111111,68.535360,0.028819,0.177026,0.970000,0.200000,120.328165,0.058418,0.250224,0.965000,0.244444,160.036552,0.045874,0.129832
0.975000,0.111111,64.426859,0.026711,0.170632,0.970000,0.155556,122.432732,0.060428,0.233147,0.970000,0.266667,151.599062,0.044752,0.131571
0.975000,0.111111,64.426859,0.027194,0.170632,0.970000,0.244444,113.901824,0.056034,0.251939,0.970000,0.244444,151.599062,0.044752,0.129832
0.970000,0.111111,41.926268,0.021805,0.170632,0.975000,0.177778,116.016992,0.058773,0.237041,0.965000,0.244444,168.398718,0.055534,0.129712
0.975000,0.111111,45.213287,0.021805,0.170632,0.970000,0.133333,117.535499,0.061869,0.233147,0.965000,0.266667,168.398718,0.058852,0.129712
0.975000,0.133333,45.123370,0.022824,0.172967,0.970000,0.177778,116.016992,0.058903,0.233147,0.970000,0.266667,157.867385,0.044752,0.129832
0.970000,0.133333,41.148431,0.021805,0.172967,0.970000,0.155556,122.432732,0.060428,0.233147,0.965000,0.244444,122.492098,0.044752,0.129712
0.970000,0.111111,41.926268,0.021685,0.170632,0.970000,0.155556,122.432732,0.060428,0.233147,0.965000,0.244444,168.398718,0.055534,0.129712
0.970000,0.111111,41.148431,0.021729,0.170632,0.975000,0.133333,123.418151,0.063233,0.241112,0.970000,0.288889,157.867385,0.045336,0.131571
0.975000,0.111111,68.535360,0.028819,0.170632,0.970000,0.222222,113.901824,0.056070,0.250224,0.970000,0.266667,150.116832,0.044752,0.131571
0.975000,0.133333,45.123370,0.021953,0.172967,0.970000,0.155556,116.016992,0.058903,0.227001,0.970000,0.266667,157.867385,0.044752,0.134681
0.970000,0.111111,41.148431,0.022049,0.170632,0.970000,0.244444,113.901824,0.056034,0.252511,0.965000,0.244444,120.929290,0.044752,0.129712
0.975000,0.111111,45.213287,0.021821,0.170632,0.975000,0.200000,122.432732,0.060097,0.239709,0.965000,0.244444,168.398718,0.055534,0.129712
0.970000,0.111111,41.148431,0.021685,0.170632,0.975000,0.177778,116.016992,0.058773,0.237041,0.970000,0.244444,188.053793,0.079457,0.122597
0.975000,0.088889,45.123370,0.022002,0.170632,0.975000,0.177778,116.016992,0.058773,0.237041,0.965000,0.266667,115.747822,0.044752,0.129832
0.975000,0.088889,45.123370,0.022033,0.170632,0.970000,0.133333,123.418151,0.063233,0.233147,0.965000,0.288889,126.585193,0.044752,0.131571
0.970000,0.111111,36.935669,0.022049,0.170632,0.970000,0.222222,113.901824,0.056070,0.250794,0.970000,0.266667,169.239181,0.055873,0.131559
0.975000,0.088889,45.123370,0.022838,0.170632,0.970000,0.200000,120.328165,0.058418,0.248995,0.970000,0.244444,157.867385,0.044752,0.129832
0.970000,0.133333,45.123370,0.021821,0.172967,0.975000,0.177778,116.016992,0.058773,0.237041,0.970000,0.244444,177.528149,0.075455,0.122597
0.970000,0.133333,40.108723,0.022049,0.177026,0.970000,0.244444,113.901824,0.056034,0.252567,0.965000,0.222222,180.519840,0.081353,0.121897
0.975000,0.111111,45.123370,0.021953,0.170632,0.970000,0.177778,116.016992,0.058903,0.233147,0.970000,0.244444,157.867385,0.044752,0.129712
0.975000,0.088889,64.426859,0.026701,0.170632,0.975000,0.200000,122.432732,0.060097,0.239709,0.965000,0.266667,115.434245,0.044752,0.129832
0.970000,0.088889,41.926268,0.021729,0.170632,0.975000,0.177778,116.016992,0.058773,0.237041,0.965000,0.244444,168.398718,0.055534,0.129712
0.975000,0.088889,64.426859,0.027257,0.170632,0.970000,0.177778,116.016992,0.058903,0.233147,0.970000,0.266667,151.599062,0.044752,0.129832
0.975000,0.088889,68.535360,0.027194,0.170632,0.980000,0.177778,122.432732,0.060428,0.237041,0.965000,0.244444,160.036552,0.051962,0.129712
0.970000,0.111111,45.123370,0.021729,0.170632,0.970000,0.155556,117.535499,0.061869,0.233147,0.970000,0.266667,177.528149,0.076171,0.127067
0.975000,0.088889,68.535360,0.027924,0.170632,0.975000,0.177778,122.432732,0.060428,0.232130,0.965000,0.266667,121.407787,0.044752,0.129832
0.975000,0.111111,45.123370,0.022033,0.170632,0.970000,0.111111,123.418151,0.063233,0.227001,0.965000,0.222222,157.867385,0.057356,0.124406
0.970000,0.111111,41.148431,0.022049,0.170632,0.970000,0.200000,120.328165,0.058418,0.250786,0.960000,0.222222,168.398718,0.055235,0.122597
0.975000,0.111111,45.123370,0.021685,0.170632,0.975000,0.155556,129.203262,0.061233,0.237041,0.965000,0.222222,157.867385,0.057356,0.122597
0.970000,0.111111,41.148431,0.022313,0.170632,0.970000,0.200000,113.901824,0.056070,0.249004,0.965000,0.244444,122.492098,0.044752,0.129712
0.970000,0.111111,41.148431,0.021805,0.170632,0.970000,0.155556,122.432732,0.060428,0.233147,0.970000,0.244444,157.867385,0.044752,0.129712
0.975000,0.088889,68.535360,0.028819,0.170632,0.970000,0.177778,116.016992,0.058903,0.233147,0.965000,0.266667,160.036552,0.047706,0.131571
0.970000,0.111111,41.148431,0.022033,0.170632,0.970000,0.155556,117.535499,0.061869,0.233147,0.970000,0.266667,157.867385,0.048444,0.129832
0.975000,0.111111,45.213287,0.021784,0.170632,0.975000,0.200000,122.432732,0.060097,0.241112,0.965000,0.244444,168.398718,0.055534,0.129712
0.975000,0.111111,45.123370,0.022049,0.170632,0.970000,0.177778,116.016992,0.058903,0.233147,0.970000,0.266667,157.867385,0.044752,0.129832
0.975000,0.088889,68.535360,0.027924,0.170632,0.975000,0.200000,116.016992,0.058735,0.239709,0.965000,0.244444,160.036552,0.051962,0.129712
0.970000,0.133333,41.148431,0.021685,0.172967,0.970000,0.200000,116.016992,0.058735,0.241112,0.960000,0.222222,131.595253,0.044752,0.122597
0.975000,0.088889,45.213287,0.021821,0.170632,0.975000,0.200000,116.016992,0.058735,0.241112,0.965000,0.266667,168.398718,0.051962,0.129832
0.975000,0.133333,45.123370,0.021821,0.172967,0.975000,0.177778,116.016992,0.058773,0.237041,0.970000,0.266667,157.867385,0.044752,0.131571
0.975000,0.088889,63.202165,0.026267,0.170632,0.975000,0.177778,116.016992,0.058773,0.237041,0.970000,0.266667,180.519840,0.075888,0.127067
0.975000,0.088889,45.123370,0.021821,0.170632,0.980000,0.177778,122.432732,0.060428,0.237041,0.965000,0.266667,126.585193,0.044752,0.131571
0.975000,0.088889,64.426859,0.026701,0.170632,0.975000,0.200000,116.016992,0.058735,0.241112,0.965000,0.266667,162.423235,0.050943,0.131571
0.980000,0.133333,64.426859,0.026723,0.177026,0.970000,0.222222,120.328165,0.058418,0.251939,0.970000,0.266667,151.599062,0.044752,0.131571
0.975000,0.111111,45.123370,0.022824,0.170632,0.970000,0.155556,122.432732,0.060428,0.233147,0.965000,0.222222,157.867385,0.046125,0.124406
0.970000,0.111111,41.148431,0.021421,0.170632,0.970000,0.155556,122.432732,0.060428,0.233147,0.970000,0.266667,188.021280,0.077900,0.127067
0.970000,0.111111,41.926268,0.021685,0.170632,0.975000,0.133333,123.418151,0.063233,0.237041,0.965000,0.266667,168.398718,0.057180,0.129832
0.975000,0.111111,68.535360,0.028819,0.170632,0.970000,0.177778,116.016992,0.058903,0.233147,0.965000,0.266667,160.036552,0.047706,0.131571
0.975000,0.133333,45.123370,0.021821,0.172967,0.980000,0.177778,122.432732,0.060428,0.237041,0.970000,0.244444,157.867385,0.044752,0.129712
0.975000,0.088889,45.123370,0.022049,0.170632,0.970000,0.222222,120.328165,0.058418,0.252503,0.965000,0.244444,168.398718,0.050582,0.129832
0.970000,0.111111,41.148431,0.021729,0.170632,0.970000,0.155556,122.432732,0.060428,0.233147,0.970000,0.244444,177.528149,0.077905,0.123824
0.970000,0.111111,41.148431,0.022002,0.170632,0.970000,0.133333,123.418151,0.063233,0.233147,0.965000,0.222222,177.528149,0.087143,0.121897
0.975000,0.088889,64.426859,0.026720,0.170632,0.970000,0.155556,122.432732,0.060428,0.233147,0.970000,0.266667,151.599062,0.044752,0.129832
0.975000,0.111111,45.213287,0.021445,0.170632,0.975000,0.155556,117.535499,0.061544,0.241112,0.965000,0.266667,168.398718,0.058852,0.129712
0.970000,0.111111,41.148431,0.022049,0.170632,0.975000,0.177778,116.016992,0.058773,0.232130,0.965000,0.244444,130.032444,0.044752,0.129712
0.975000,0.111111,68.535360,0.027194,0.170632,0.975000,0.177778,116.016992,0.058773,0.237041,0.965000,0.266667,110.712919,0.044752,0.129832
0.975000,0.111111,68.535360,0.026701,0.170632,0.975000,0.200000,116.016992,0.058735,0.241112,0.970000,0.266667,150.116832,0.044752,0.131571
0.975000,0.088889,64.426859,0.026701,0.170632,0.970000,0.133333,123.418151,0.063233,0.233147,0.965000,0.266667,115.434245,0.044752,0.129832
0.980000,0.133333,64.426859,0.026701,0.172967,0.970000,0.155556,122.432732,0.060428,0.233147,0.965000,0.244444,115.434245,0.044752,0.129712
0.970000,0.111111,41.148431,0.022824,0.170632,0.970000,0.177778,116.016992,0.058903,0.233147,0.970000,0.244444,157.867385,0.044752,0.129712
0.970000,0.088889,45.123370,0.022033,0.170632,0.975000,0.177778,116.016992,0.058773,0.232130,0.970000,0.266667,177.528149,0.072521,0.127067
0.975000,0.088889,68.535360,0.026701,0.170632,0.975000,0.133333,123.418151,0.063233,0.232130,0.970000,0.266667,151.599062,0.051044,0.129712
0.980000,0.111111,68.535360,0.026267,0.172967,0.975000,0.133333,123.418151,0.063233,0.241112,0.965000,0.266667,126.361897,0.045874,0.129832
0.970000,0.111111,41.926268,0.021685,0.170632,0.970000,0.155556,122.432732,0.060428,0.233147,0.965000,0.266667,168.398718,0.051962,0.129832
0.980000,0.133333,64.426859,0.026463,0.172967,0.970000,0.133333,123.418151,0.063233,0.233147,0.965000,0.288889,162.423235,0.054106,0.131571
0.970000,0.133333,41.926268,0.022033,0.172967,0.970000,0.155556,122.432732,0.060428,0.233147,0.965000,0.266667,168.398718,0.051962,0.129832
0.975000,0.111111,45.123370,0.022838,0.170632,0.970000,0.200000,113.901824,0.056070,0.249012,0.965000,0.244444,168.398718,0.047706,0.129832
0.980000,0.133333,64.426859,0.026701,0.172967,0.975000,0.177778,116.016992,0.058773,0.237041,0.965000,0.222222,151.599062,0.046125,0.122597
0.975000,0.111111,64.426859,0.026693,0.170632,0.975000,0.200000,122.432732,0.060097,0.241112,0.960000,0.222222,126.361897,0.044752,0.122597
0.975000,0.088889,64.426859,0.026701,0.170632,0.975000,0.200000,122.432732,0.060097,0.239709,0.965000,0.244444,162.423235,0.055534,0.129712
0.975000,0.088889,67.148508,0.027194,0.170632,0.970000,0.200000,120.328165,0.058418,0.250224,0.970000,0.244444,178.882430,0.078656,0.122597
0.975000,0.111111,68.535360,0.027924,0.170632,0.975000,0.200000,116.016992,0.058735,0.239709,0.965000,0.244444,160.036552,0.051962,0.129712
0.975000,0.088889,68.535360,0.028819,0.170632,0.970000,0.177778,120.328165,0.058675,0.247949,0.970000,0.266667,150.116832,0.044752,0.134681
0.975000,0.111111,63.202165,0.027241,0.170632,0.970000,0.200000,120.328165,0.058418,0.252680,0.970000,0.244444,178.882430,0.075716,0.127067
0.970000,0.111111,41.148431,0.021729,0.170632,0.980000,0.177778,122.432732,0.060428,0.237041,0.970000,0.266667,157.867385,0.044752,0.129832
0.970000,0.111111,41.148431,0.022049,0.170632,0.970000,0.177778,116.016992,0.058903,0.233147,0.970000,0.266667,188.053793,0.070216,0.131559
0.975000,0.088889,68.535360,0.026701,0.170632,0.975000,0.200000,116.016992,0.058735,0.239709,0.970000,0.266667,150.116832,0.044752,0.131571
0.970000,0.111111,41.148431,0.021445,0.170632,0.975000,0.200000,122.432732,0.060097,0.241112,0.970000,0.266667,157.867385,0.044752,0.131571
0.975000,0.133333,45.213287,0.022824,0.172967,0.970000,0.177778,116.016992,0.058903,0.233147,0.965000,0.266667,168.398718,0.050943,0.131571
0.970000,0.111111,41.148431,0.021685,0.170632,0.975000,0.177778,116.016992,0.058773,0.237041,0.970000,0.244444,177.528149,0.075455,0.122597
0.970000,0.111111,40.108723,0.022033,0.170632,0.970000,0.200000,120.328165,0.058418,0.249012,0.970000,0.244444,180.519840,0.078656,0.123824
0.970000,0.088889,41.148431,0.021805,0.170632,0.975000,0.177778,122.432732,0.060428,0.232130,0.970000,0.266667,188.053793,0.077900,0.127067
0.970000,0.088889,41.148431,0.022033,0.170632,0.975000,0.177778,116.016992,0.058773,0.232130,0.970000,0.244444,188.021280,0.078685,0.122597
0.980000,0.111111,68.535360,0.027924,0.177026,0.970000,0.200000,120.328165,0.058418,0.252680,0.965000,0.222222,150.116832,0.044752,0.124406
0.975000,0.088889,64.426859,0.026701,0.170632,0.975000,0.177778,122.432732,0.060428,0.237041,0.960000,0.222222,162.423235,0.059030,0.122597
0.975000,0.111111,68.535360,0.027257,0.170632,0.970000,0.177778,116.016992,0.058903,0.233147,0.970000,0.244444,150.116832,0.044752,0.129712
0.975000,0.111111,45.123370,0.021685,0.170632,0.980000,0.133333,123.418151,0.063233,0.237041,0.970000,0.266667,157.867385,0.051044,0.129712
0.975000,0.111111,45.213287,0.022049,0.170632,0.970000,0.177778,116.016992,0.058903,0.233147,0.965000,0.266667,168.398718,0.050943,0.131571
0.970000,0.111111,41.148431,0.021731,0.170632,0.975000,0.200000,116.016992,0.058735,0.241112,0.970000,0.266667,157.867385,0.044752,0.131571
0.970000,0.111111,41.148431,0.021731,0.170632,0.975000,0.200000,116.016992,0.058735,0.241112,0.965000,0.222222,157.867385,0.046125,0.122597
0.970000,0.133333,41.148431,0.023262,0.177026,0.970000,0.177778,120.328165,0.058675,0.248496,0.965000,0.244444,168.398718,0.051633,0.129712
0.975000,0.133333,45.123370,0.021445,0.172967,0.975000,0.155556,117.535499,0.061544,0.241112,0.965000,0.266667,115.747822,0.044752,0.129832
0.975000,0.088889,64.426859,0.027194,0.170632,0.975000,0.177778,116.016992,0.058773,0.237041,0.965000,0.266667,115.434245,0.044752,0.131571
0.970000,0.111111,41.148431,0.021805,0.170632,0.970000,0.133333,117.535499,0.061869,0.227001,0.970000,0.266667,157.867385,0.048444,0.129832
0.975000,0.111111,63.202165,0.025441,0.170632,0.970000,0.133333,122.432732,0.060428,0.227001,0.970000,0.244444,180.519840,0.081015,0.126082
0.975000,0.133333,45.213287,0.022049,0.172967,0.975000,0.177778,116.016992,0.058773,0.232130,0.965000,0.244444,168.398718,0.055534,0.129712
0.970000,0.088889,45.123370,0.021685,0.170632,0.975000,0.133333,123.418151,0.063233,0.241112,0.965000,0.222222,177.528149,0.087143,0.121897
0.980000,0.111111,67.148508,0.024901,0.172967,0.970000,0.155556,122.432732,0.060428,0.233147,0.970000,0.266667,169.239181,0.072521,0.127067
0.970000,0.111111,41.148431,0.022660,0.170632,0.970000,0.155556,116.016992,0.058903,0.227001,0.970000,0.266667,177.528149,0.069787,0.131559
0.975000,0.088889,64.426859,0.026701,0.170632,0.975000,0.200000,122.432732,0.060097,0.239709,0.970000,0.244444,151.599062,0.044752,0.129712
0.970000,0.111111,41.148431,0.021685,0.170632,0.970000,0.177778,116.016992,0.058903,0.233147,0.970000,0.266667,177.528149,0.072521,0.127067
0.975000,0.111111,64.426859,0.029404,0.170632,0.970000,0.200000,113.901824,0.056070,0.247949,0.965000,0.266667,162.423235,0.044752,0.134681
0.975000,0.133333,45.213287,0.021805,0.172967,0.975000,0.200000,116.016992,0.058735,0.241112,0.965000,0.244444,168.398718,0.055534,0.129712
0.970000,0.111111,41.148431,0.022049,0.170632,0.970000,0.244444,113.901824,0.056034,0.252503,0.965000,0.266667,168.398718,0.044752,0.131571
0.970000,0.133333,45.123370,0.021805,0.172967,0.975000,0.177778,116.016992,0.058773,0.237041,0.970000,0.266667,177.528149,0.072521,0.127067
0.975000,0.088889,45.123370,0.023262,0.170632,0.970000,0.200000,113.901824,0.056070,0.248426,0.965000,0.244444,168.398718,0.047706,0.129832
0.970000,0.133333,41.148431,0.021445,0.172967,0.975000,0.200000,122.432732,0.060097,0.241112,0.970000,0.266667,157.867385,0.044752,0.129832
0.975000,0.088889,64.426859,0.027642,0.170632,0.970000,0.200000,120.328165,0.058418,0.250224,0.970000,0.266667,151.599062,0.044752,0.131571
0.975000,0.088889,64.426859,0.027194,0.170632,0.975000,0.177778,116.016992,0.058773,0.237041,0.970000,0.266667,151.599062,0.044752,0.131571
0.970000,0.111111,41.926268,0.021953,0.170632,0.970000,0.177778,116.016992,0.058903,0.233147,0.965000,0.266667,168.398718,0.051962,0.129832
0.975000,0.088889,45.213287,0.022005,0.170632,0.970000,0.177778,116.016992,0.058903,0.233147,0.965000,0.244444,168.398718,0.055534,0.129712
0.975000,0.088889,68.535360,0.031852,0.170632,0.970000,0.200000,113.901824,0.056070,0.253218,0.965000,0.244444,160.036552,0.044752,0.129832
0.975000,0.088889,64.426859,0.026701,0.170632,0.980000,0.177778,122.432732,0.060428,0.237041,0.965000,0.266667,162.423235,0.050943,0.131571
0.970000,0.111111,41.148431,0.022033,0.170632,0.970000,0.155556,122.432732,0.060428,0.233147,0.970000,0.266667,157.867385,0.044752,0.131571
0.975000,0.111111,68.535360,0.026701,0.170632,0.980000,0.177778,122.432732,0.060428,0.237041,0.970000,0.266667,150.116832,0.044752,0.129832
0.975000,0.111111,45.123370,0.022049,0.170632,0.975000,0.200000,116.016992,0.058735,0.239709,0.970000,0.244444,157.867385,0.044752,0.129712
0.970000,0.111111,41.148431,0.022033,0.170632,0.970000,0.133333,122.432732,0.060428,0.227001,0.965000,0.244444,120.929290,0.044752,0.129712
0.975000,0.088889,45.123370,0.022049,0.170632,0.975000,0.177778,116.016992,0.058773,0.232130,0.970000,0.244444,157.867385,0.044752,0.129712
0.970000,0.111111,41.148431,0.022049,0.170632,0.975000,0.177778,122.432732,0.059776,0.232130,0.970000,0.266667,157.867385,0.044752,0.129832
0.975000,0.088889,64.426859,0.026720,0.170632,0.970000,0.155556,122.432732,0.060428,0.233147,0.970000,0.266667,151.599062,0.044752,0.129832
0.975000,0.111111,64.426859,0.027257,0.170632,0.970000,0.177778,116.016992,0.058903,0.233147,0.965000,0.244444,115.434245,0.044752,0.129712
0.970000,0.111111,41.148431,0.021685,0.170632,0.975000,0.200000,116.016992,0.058735,0.241112,0.970000,0.244444,157.867385,0.044752,0.129712
0.975000,0.111111,45.213287,0.021805,0.170632,0.975000,0.200000,116.016992,0.058735,0.241112,0.965000,0.266667,168.398718,0.051962,0.129832
0.975000,0.088889,45.123370,0.021821,0.170632,0.975000,0.200000,116.016992,0.058735,0.241112,0.970000,0.266667,157.867385,0.044752,0.129832
0.970000,0.088889,41.148431,0.021685,0.170632,0.975000,0.200000,116.016992,0.058735,0.241112,0.970000,0.244444,157.867385,0.044752,0.129712
0.970000,0.111111,41.148431,0.021729,0.170632,0.980000,0.177778,122.432732,0.060428,0.237041,0.970000,0.266667,157.867385,0.044752,0.129832
0.975000,0.088889,68.535360,0.027924,0.170632,0.975000,0.177778,116.016992,0.058773,0.237041,0.965000,0.244444,160.036552,0.051962,0.129712
0.970000,0.111111,41.148431,0.021685,0.170632,0.975000,0.200000,116.016992,0.058735,0.241112,0.970000,0.244444,157.867385,0.044752,0.129712
0.970000,0.088889,41.148431,0.022838,0.170632,0.970000,0.200000,120.328165,0.058418,0.248995,0.965000,0.222222,157.867385,0.044752,0.124406
0.970000,0.111111,41.926268,0.021805,0.170632,0.970000,0.155556,122.432732,0.060428,0.233147,0.965000,0.266667,168.398718,0.050943,0.131571
0.975000,0.088889,68.535360,0.026701,0.170632,0.970000,0.155556,117.535499,0.061869,0.233147,0.965000,0.266667,126.361897,0.044752,0.129832
0.970000,0.111111,41.148431,0.022049,0.170632,0.970000,0.200000,120.328165,0.058418,0.250786,0.965000,0.244444,168.398718,0.051633,0.129712
0.980000,0.111111,68.535360,0.028010,0.177026,0.970000,0.200000,113.901824,0.056070,0.252680,0.970000,0.266667,150.116832,0.044752,0.131571
0.970000,0.111111,41.148431,0.021421,0.170632,0.975000,0.200000,122.432732,0.060097,0.241112,0.970000,0.266667,177.528149,0.072521,0.127067
0.975000,0.111111,45.123370,0.022033,0.170632,0.970000,0.133333,122.432732,0.060428,0.227001,0.970000,0.244444,157.867385,0.044752,0.129712
0.975000,0.111111,45.213287,0.021805,0.170632,0.970000,0.200000,116.016992,0.058735,0.241112,0.970000,0.266667,168.398718,0.046426,0.131571
0.970000,0.111111,41.926268,0.022033,0.170632,0.975000,0.177778,122.432732,0.060428,0.232130,0.965000,0.266667,168.398718,0.051962,0.129832
0.975000,0.088889,68.535360,0.027924,0.170632,0.970000,0.133333,122.432732,0.060428,0.227080,0.965000,0.266667,160.036552,0.050582,0.129832
0.970000,0.111111,45.123370,0.021685,0.170632,0.975000,0.200000,122.432732,0.060097,0.241112,0.970000,0.266667,188.053793,0.077900,0.127067
0.975000,0.111111,68.535360,0.027194,0.170632,0.975000,0.177778,122.432732,0.060428,0.237041,0.965000,0.266667,160.036552,0.050582,0.129832
0.975000,0.111111,68.535360,0.030442,0.170632,0.970000,0.200000,113.901824,0.056070,0.252680,0.965000,0.244444,160.036552,0.044752,0.129832
0.975000,0.111111,68.535360,0.031852,0.170632,0.970000,0.200000,113.901824,0.056070,0.253218,0.960000,0.222222,160.036552,0.046125,0.124406
0.970000,0.111111,41.148431,0.021685,0.170632,0.975000,0.177778,116.016992,0.058773,0.237041,0.970000,0.266667,188.053793,0.075888,0.127067
0.975000,0.111111,63.202165,0.027257,0.170632,0.970000,0.200000,113.901824,0.056070,0.252680,0.970000,0.244444,168.710131,0.065734,0.123824
0.975000,0.088889,45.123370,0.022033,0.170632,0.970000,0.200000,113.901824,0.056070,0.248995,0.970000,0.244444,157.867385,0.044752,0.129832
0.975000,0.088889,45.123370,0.021821,0.170632,0.970000,0.177778,116.016992,0.058903,0.233147,0.970000,0.266667,157.867385,0.044752,0.131571
0.975000,0.088889,64.426859,0.027257,0.170632,0.970000,0.177778,116.016992,0.058903,0.233147,0.970000,0.266667,151.599062,0.044752,0.129832
0.980000,0.111111,68.535360,0.028819,0.172967,0.970000,0.177778,116.016992,0.058903,0.233147,0.965000,0.266667,121.407787,0.044752,0.129832
0.980000,0.133333,64.426859,0.026463,0.172967,0.970000,0.200000,122.432732,0.060097,0.241112,0.965000,0.244444,126.361897,0.044752,0.129712
0.975000,0.111111,68.535360,0.026720,0.170632,0.970000,0.133333,122.432732,0.060428,0.227001,0.970000,0.244444,150.116832,0.044752,0.129712
0.975000,0.088889,45.213287,0.021821,0.170632,0.975000,0.177778,116.016992,0.058773,0.237041,0.960000,0.222222,168.398718,0.059030,0.122597
0.975000,0.088889,68.535360,0.026720,0.170632,0.970000,0.155556,122.432732,0.060428,0.233147,0.965000,0.266667,110.712919,0.044752,0.129832
0.975000,0.088889,68.535360,0.026701,0.170632,0.975000,0.200000,116.016992,0.058735,0.241112,0.970000,0.266667,150.116832,0.044752,0.131571
0.975000,0.111111,64.426859,0.026701,0.170632,0.975000,0.155556,117.535499,0.061544,0.232130,0.965000,0.266667,162.423235,0.058852,0.129712
0.975000,0.088889,45.213287,0.022049,0.170632,0.970000,0.177778,116.016992,0.058903,0.233147,0.965000,0.266667,168.398718,0.051962,0.129832
0.975000,0.088889,68.535360,0.027194,0.170632,0.975000,0.177778,116.016992,0.058773,0.237041,0.965000,0.244444,110.712919,0.044752,0.129712
0.970000,0.111111,41.148431,0.022033,0.170632,0.970000,0.155556,116.016992,0.058903,0.227001,0.970000,0.266667,188.021280,0.070216,0.131559
0.975000,0.111111,68.535360,0.026701,0.170632,0.975000,0.155556,117.535499,0.061544,0.234295,0.970000,0.288889,151.599062,0.045336,0.131571
0.975000,0.088889,68.535360,0.027257,0.170632,0.975000,0.200000,116.016992,0.058735,0.241112,0.965000,0.266667,121.407787,0.044752,0.129832
0.970000,0.133333,41.148431,0.021685,0.172967,0.970000,0.177778,116.016992,0.058903,0.233147,0.970000,0.244444,177.528149,0.075455,0.123824
0.975000,0.111111,68.535360,0.026701,0.170632,0.970000,0.133333,117.535499,0.061869,0.233147,0.965000,0.266667,162.423235,0.056631,0.129832
0.975000,0.088889,64.426859,0.026693,0.170632,0.975000,0.200000,122.432732,0.060097,0.241112,0.965000,0.266667,162.423235,0.050943,0.131571
0.975000,0.088889,68.535360,0.027194,0.170632,0.975000,0.177778,116.016992,0.058773,0.237041,0.970000,0.244444,150.116832,0.044752,0.129712
0.980000,0.111111,68.535360,0.026701,0.172967,0.970000,0.155556,122.432732,0.060428,0.233147,0.970000,0.266667,150.116832,0.044752,0.131571
0.970000,0.088889,41.148431,0.022033,0.170632,0.970000,0.133333,117.535499,0.061869,0.227001,0.965000,0.288889,122.492098,0.044752,0.134681
0.970000,0.088889,41.148431,0.021421,0.170632,0.970000,0.155556,117.535499,0.061869,0.233147,0.970000,0.266667,188.053793,0.081015,0.123824
0.970000,0.133333,45.123370,0.021821,0.172967,0.975000,0.177778,116.016992,0.058773,0.237041,0.970000,0.266667,177.528149,0.072521,0.127067
0.975000,0.088889,45.213287,0.022033,0.170632,0.970000,0.133333,122.432732,0.060428,0.227001,0.965000,0.244444,168.398718,0.055534,0.129712
0.975000,0.088889,45.213287,0.021729,0.170632,0.975000,0.200000,122.432732,0.060097,0.241112,0.965000,0.266667,168.398718,0.050943,0.131571
0.975000,0.088889,68.535360,0.028975,0.170632,0.970000,0.200000,120.328165,0.058418,0.250224,0.965000,0.244444,160.036552,0.045874,0.129832
0.975000,0.088889,68.535360,0.026463,0.170632,0.975000,0.155556,117.535499,0.061544,0.241112,0.970000,0.288889,151.599062,0.045336,0.131571
0.975000,0.111111,64.426859,0.028819,0.170632,0.970000,0.222222,113.901824,0.056070,0.250224,0.965000,0.244444,162.423235,0.049114,0.129712
0.975000,0.111111,64.426859,0.026463,0.170632,0.975000,0.155556,117.535499,0.061544,0.237041,0.965000,0.266667,162.423235,0.056631,0.129832
0.975000,0.088889,45.213287,0.022049,0.170632,0.970000,0.177778,116.016992,0.058903,0.233147,0.965000,0.244444,168.398718,0.055534,0.129712
0.980000,0.111111,68.535360,0.026701,0.177026,0.970000,0.244444,113.901824,0.056034,0.251939,0.970000,0.266667,150.116832,0.044752,0.131571
0.980000,0.111111,68.535360,0.026701,0.172967,0.975000,0.200000,122.432732,0.060097,0.241112,0.960000,0.222222,160.036552,0.057674,0.122597
0.975000,0.111111,45.123370,0.021685,0.170632,0.975000,0.155556,117.535499,0.061544,0.237041,0.970000,0.288889,157.867385,0.045336,0.131571
0.970000,0.111111,41.926268,0.021685,0.170632,0.980000,0.133333,123.418151,0.063233,0.237041,0.965000,0.266667,168.398718,0.057180,0.129832
0.970000,0.111111,41.926268,0.021729,0.170632,0.975000,0.177778,116.016992,0.058773,0.237041,0.965000,0.244444,168.398718,0.055534,0.129712
0.975000,0.111111,68.535360,0.028819,0.170632,0.970000,0.177778,116.016992,0.058903,0.233147,0.965000,0.266667,121.407787,0.044752,0.129832
0.975000,0.111111,45.123370,0.021784,0.170632,0.975000,0.200000,122.432732,0.060097,0.241112,0.970000,0.244444,157.867385,0.044752,0.129712
0.975000,0.088889,45.213287,0.022002,0.170632,0.975000,0.177778,116.016992,0.058773,0.237041,0.960000,0.222222,168.398718,0.059030,0.122597
0.980000,0.133333,64.426859,0.026463,0.172967,0.975000,0.177778,122.432732,0.060428,0.237041,0.965000,0.244444,115.434245,0.044752,0.129712
0.975000,0.088889,45.123370,0.022824,0.170632,0.970000,0.155556,116.016992,0.058903,0.227080,0.965000,0.266667,126.585193,0.044752,0.129832
0.970000,0.133333,41.148431,0.021729,0.172967,0.975000,0.200000,122.432732,0.060097,0.241112,0.965000,0.244444,130.032444,0.044752,0.129712
0.970000,0.111111,41.148431,0.023262,0.170632,0.970000,0.200000,113.901824,0.056070,0.248442,0.970000,0.244444,157.867385,0.044752,0.129832
0.975000,0.088889,67.148508,0.024901,0.170632,0.975000,0.133333,123.418151,0.063233,0.241112,0.970000,0.288889,180.519840,0.076171,0.131559
0.970000,0.133333,41.926268,0.021805,0.172967,0.975000,0.177778,116.016992,0.058773,0.237041,0.965000,0.244444,168.398718,0.055534,0.129712
0.975000,0.111111,45.123370,0.021445,0.170632,0.975000,0.155556,117.535499,0.061544,0.241112,0.970000,0.266667,157.867385,0.050838,0.129712
0.975000,0.088889,68.535360,0.027194,0.170632,0.980000,0.177778,122.432732,0.060428,0.237041,0.965000,0.266667,160.036552,0.050582,0.129832
0.975000,0.111111,68.535360,0.028819,0.170632,0.970000,0.177778,116.016992,0.058903,0.233147,0.965000,0.244444,121.407787,0.044752,0.129712
0.970000,0.088889,45.123370,0.021953,0.170632,0.970000,0.177778,116.016992,0.058903,0.233147,0.970000,0.244444,188.053793,0.079457,0.123824
0.975000,0.111111,64.426859,0.026720,0.170632,0.970000,0.155556,122.432732,0.060428,0.233147,0.965000,0.244444,115.434245,0.044752,0.129712
0.980000,0.133333,64.426859,0.026463,0.172967,0.970000,0.133333,123.418151,0.063233,0.233147,0.970000,0.266667,151.599062,0.050927,0.129832
0.975000,0.088889,64.426859,0.026701,0.170632,0.975000,0.155556,117.535499,0.061544,0.232130,0.965000,0.266667,162.423235,0.056631,0.129832
0.975000,0.111111,64.426859,0.026720,0.170632,0.970000,0.155556,122.432732,0.060428,0.233147,0.960000,0.222222,126.361897,0.044752,0.124406
0.975000,0.088889,45.213287,0.021821,0.170632,0.975000,0.177778,116.016992,0.058773,0.237041,0.960000,0.222222,168.398718,0.059030,0.122597
0.970000,0.111111,41.148431,0.022824,0.170632,0.970000,0.177778,116.016992,0.058903,0.233147,0.970000,0.266667,157.867385,0.044752,0.131571
0.975000,0.088889,68.535360,0.026701,0.170632,0.970000,0.155556,117.535499,0.061869,0.233147,0.965000,0.266667,115.434245,0.044752,0.129712
0.970000,0.133333,41.148431,0.021445,0.172967,0.970000,0.200000,116.016992,0.058735,0.241112,0.970000,0.266667,177.528149,0.072521,0.127067
0.975000,0.088889,68.535360,0.029404,0.170632,0.970000,0.222222,113.901824,0.056070,0.250224,0.965000,0.244444,160.036552,0.046000,0.129712
0.970000,0.111111,41.926268,0.021805,0.170632,0.975000,0.177778,116.016992,0.058773,0.237041,0.965000,0.244444,168.398718,0.055534,0.129712
0.975000,0.088889,68.535360,0.026701,0.170632,0.970000,0.133333,123.418151,0.063233,0.233147,0.970000,0.288889,151.599062,0.045336,0.131571
0.975000,0.088889,45.123370,0.022824,0.170632,0.970000,0.155556,122.432732,0.060428,0.233147,0.970000,0.244444,157.867385,0.044752,0.129712
0.975000,0.088889,45.123370,0.022049,0.170632,0.970000,0.200000,120.328165,0.058418,0.250786,0.965000,0.266667,115.747822,0.044752,0.131571
0.970000,0.111111,40.503655,0.022313,0.170632,0.970000,0.200000,120.328165,0.058418,0.249004,0.970000,0.244444,169.239181,0.070646,0.127067
0.975000,0.088889,45.213287,0.022033,0.170632,0.970000,0.155556,122.432732,0.060428,0.233147,0.965000,0.244444,168.398718,0.055534,0.129712
0.980000,0.133333,64.426859,0.026701,0.177026,0.970000,0.244444,113.901824,0.056034,0.251939,0.960000,0.222222,162.423235,0.053395,0.122597
0.980000,0.133333,64.426859,0.028819,0.177026,0.970000,0.200000,113.901824,0.056070,0.253218,0.965000,0.244444,162.423235,0.049114,0.129712
0.970000,0.111111,41.926268,0.021685,0.170632,0.970000,0.200000,116.016992,0.058735,0.241112,0.970000,0.266667,168.398718,0.051044,0.129832
0.975000,0.088889,64.426859,0.026701,0.170632,0.975000,0.200000,116.016992,0.058735,0.241112,0.970000,0.266667,151.599062,0.044752,0.129832
0.975000,0.088889,64.426859,0.027257,0.170632,0.970000,0.177778,116.016992,0.058903,0.233147,0.965000,0.244444,162.423235,0.055534,0.129712
0.970000,0.111111,41.148431,0.021685,0.170632,0.980000,0.133333,123.418151,0.063233,0.237041,0.970000,0.266667,157.867385,0.050927,0.129832
0.975000,0.088889,64.426859,0.026701,0.170632,0.975000,0.200000,122.432732,0.060097,0.239709,0.960000,0.222222,162.423235,0.059030,0.122597
0.975000,0.111111,45.123370,0.022033,0.170632,0.970000,0.200000,120.328165,0.058418,0.250794,0.965000,0.222222,157.867385,0.044752,0.122597
0.975000,0.111111,64.426859,0.028819,0.170632,0.970000,0.222222,113.901824,0.056070,0.250224,0.970000,0.244444,151.599062,0.044752,0.129712
0.975000,0.133333,45.213287,0.021729,0.172967,0.975000,0.155556,117.535499,0.061544,0.241112,0.965000,0.266667,168.398718,0.058852,0.129712
0.975000,0.111111,45.123370,0.022033,0.170632,0.975000,0.133333,123.418151,0.063233,0.232130,0.960000,0.244444,115.747822,0.044752,0.122597
0.970000,0.133333,41.926268,0.021729,0.172967,0.980000,0.177778,122.432732,0.060428,0.237041,0.965000,0.266667,168.398718,0.051962,0.129832
0.970000,0.111111,41.148431,0.021445,0.170632,0.970000,0.200000,122.432732,0.060097,0.241112,0.965000,0.244444,122.492098,0.044752,0.129712
0.980000,0.111111,68.535360,0.027924,0.172967,0.975000,0.177778,116.016992,0.058773,0.237041,0.960000,0.222222,160.036552,0.057674,0.122597
0.975000,0.111111,68.535360,0.026720,0.170632,0.970000,0.155556,122.432732,0.060428,0.233147,0.970000,0.266667,150.116832,0.044752,0.129832
0.970000,0.111111,41.148431,0.022049,0.170632,0.975000,0.177778,116.016992,0.058773,0.232130,0.960000,0.222222,130.032444,0.044752,0.122597
0.970000,0.111111,45.123370,0.022033,0.170632,0.970000,0.155556,116.016992,0.058903,0.227001,0.970000,0.266667,188.021280,0.075888,0.127067
0.970000,0.111111,41.148431,0.021729,0.170632,0.975000,0.177778,116.016992,0.058773,0.237041,0.970000,0.266667,188.053793,0.075888,0.127067
0.970000,0.111111,41.148431,0.021953,0.170632,0.970000,0.177778,116.016992,0.058903,0.233147,0.965000,0.222222,157.867385,0.046125,0.124406
0.975000,0.111111,68.535360,0.031852,0.170632,0.970000,0.155556,116.016992,0.058903,0.227080,0.965000,0.244444,160.036552,0.051962,0.129712
0.975000,0.088889,68.535360,0.026463,0.170632,0.975000,0.155556,117.535499,0.061544,0.241112,0.970000,0.266667,151.599062,0.050838,0.129712
0.970000,0.111111,41.148431,0.021685,0.170632,0.980000,0.177778,122.432732,0.060428,0.237041,0.970000,0.266667,188.053793,0.072758,0.131559
0.975000,0.111111,45.123370,0.021821,0.170632,0.975000,0.177778,116.016992,0.058773,0.237041,0.970000,0.266667,157.867385,0.044752,0.129832
0.975000,0.088889,45.123370,0.021953,0.170632,0.970000,0.155556,122.432732,0.060428,0.233147,0.965000,0.266667,115.747822,0.044752,0.131571
0.975000,0.111111,63.202165,0.026463,0.170632,0.970000,0.177778,116.016992,0.058903,0.233147,0.970000,0.266667,180.519840,0.075888,0.127067
0.975000,0.111111,64.426859,0.026701,0.170632,0.975000,0.200000,116.016992,0.058735,0.241112,0.970000,0.266667,151.599062,0.044752,0.131571
0.975000,0.133333,45.213287,0.021729,0.172967,0.980000,0.155556,117.535499,0.061544,0.237041,0.965000,0.266667,168.398718,0.058852,0.129712
0.975000,0.088889,64.426859,0.026693,0.170632,0.975000,0.200000,122.432732,0.060097,0.241112,0.970000,0.266667,151.599062,0.044752,0.129832
0.975000,0.088889,64.426859,0.026720,0.170632,0.970000,0.155556,122.432732,0.060428,0.233147,0.970000,0.266667,151.599062,0.044752,0.131571
0.975000,0.088889,45.123370,0.022838,0.170632,0.970000,0.200000,113.901824,0.056070,0.249004,0.965000,0.244444,115.747822,0.044752,0.129832
0.970000,0.111111,41.148431,0.021685,0.170632,0.975000,0.177778,116.016992,0.058773,0.237041,0.970000,0.266667,188.053793,0.070216,0.131559
0.970000,0.111111,41.926268,0.021729,0.170632,0.980000,0.177778,122.432732,0.060428,0.237041,0.965000,0.266667,168.398718,0.051962,0.129832
