1.000000,0.000000,0.000000,0.000009,0.000000,1.000000,0.000000,0.000000,0.004700,0.000000,1.000000,0.000000,0.000000,0.006650,0.000000
0.998556,0.005333,0.000000,0.005323,0.003139,0.994444,0.009111,0.000000,0.004700,0.004962,0.986111,0.003444,0.000000,0.006650,0.016565
1.000000,0.000000,0.000000,0.000193,0.000000,0.999778,0.000111,0.000000,0.004700,0.000000,0.999778,0.000000,0.000000,0.006650,0.000000
1.000000,0.000000,0.000000,0.000183,0.000000,0.999889,0.000111,0.000000,0.004700,0.000000,0.999778,0.000000,0.000000,0.006650,0.000000
1.000000,0.000000,0.000000,0.000183,0.000000,0.999778,0.000111,0.000000,0.004700,0.000000,0.999778,0.000000,0.000000,0.006650,0.000000
0.979667,0.375444,0.000000,0.013655,0.076428,0.969111,0.089667,30.521830,0.020883,0.055302,0.912333,0.051333,0.000000,0.006650,0.109350
0.988333,0.237556,0.000000,0.007531,0.049425,0.986111,0.031889,0.000000,0.004700,0.021222,0.969889,0.010444,0.000000,0.006650,0.029558
1.000000,0.000000,0.000000,0.000009,0.000000,1.000000,0.000000,0.000000,0.004700,0.000000,1.000000,0.000000,0.000000,0.006650,0.000000
1.000000,0.000000,0.000000,0.000227,0.000000,0.999778,0.000222,0.000000,0.004700,0.000000,0.999778,0.000111,0.000000,0.006650,0.000000
0.951667,0.643222,0.000000,0.000765,0.281666,0.977667,0.104889,67.503911,0.053385,0.044045,0.773000,0.186444,34.138512,0.008244,0.433679
1.000000,0.000000,0.000000,0.000141,0.000000,0.999889,0.000222,0.000000,0.004700,0.000000,0.999778,0.000000,0.000000,0.006650,0.000000
0.999444,0.002000,0.000000,0.002185,0.001090,0.998222,0.003889,0.000000,0.004700,0.002819,0.994889,0.001000,0.000000,0.006650,0.009589
0.999444,0.002111,0.000000,0.000741,0.001178,0.999667,0.000444,0.000000,0.004700,0.000522,0.999778,0.000111,0.000000,0.006650,0.000000
0.946444,0.681889,0.000000,0.001212,0.290708,0.970111,0.121222,83.381596,0.049161,0.073422,0.750222,0.205444,22.745011,0.008553,0.532667
1.000000,0.000000,0.000000,0.000009,0.000000,1.000000,0.000000,0.000000,0.004700,0.000000,1.000000,0.000000,0.000000,0.006650,0.000000
1.000000,0.000000,0.000000,0.000009,0.000000,1.000000,0.000000,0.000000,0.004700,0.000000,1.000000,0.000000,0.000000,0.006650,0.000000
0.985222,0.190889,0.000000,0.017797,0.050788,0.975556,0.078111,32.098018,0.010313,0.046535,0.929111,0.044111,0.000000,0.006650,0.091439
1.000000,0.000000,0.000000,0.000510,0.000000,0.999667,0.000333,0.000000,0.004700,0.001245,0.999556,0.000222,0.000000,0.006650,0.003517
1.000000,0.000000,0.000000,0.000009,0.000000,1.000000,0.000000,0.000000,0.004700,0.000000,1.000000,0.000000,0.000000,0.006650,0.000000
1.000000,0.000000,0.000000,0.000551,0.000000,0.999667,0.000222,0.000000,0.004700,0.000717,0.999778,0.000111,0.000000,0.006650,0.001183
1.000000,0.000000,0.000000,0.000535,0.000000,0.999667,0.000222,0.000000,0.004700,0.000682,0.999444,0.000222,0.000000,0.006650,0.003035
0.996222,0.017667,0.000000,0.006848,0.009270,0.992000,0.015333,0.000000,0.004700,0.008683,0.979778,0.006333,0.000000,0.006650,0.019769
0.959667,0.743333,0.000000,0.008980,0.173065,0.965667,0.132222,45.060369,0.021150,0.099075,0.899889,0.061556,0.000000,0.006650,0.127843
0.999667,0.001333,0.000000,0.000567,0.000652,0.999667,0.000444,0.000000,0.004700,0.001051,0.999667,0.000111,0.000000,0.006650,0.001558
0.921444,0.718444,0.000000,0.000487,0.603306,0.963778,0.324000,72.177156,0.052992,0.110005,0.666667,0.301556,159.678108,0.035178,0.704746
1.000000,0.000000,0.000000,0.000188,0.000000,0.999889,0.000111,0.000000,0.004700,0.000000,0.999778,0.000000,0.000000,0.006650,0.000000
1.000000,0.000000,0.000000,0.000009,0.000000,1.000000,0.000000,0.000000,0.004700,0.000000,1.000000,0.000000,0.000000,0.006650,0.000000
1.000000,0.000000,0.000000,0.000009,0.000000,1.000000,0.000000,0.000000,0.004700,0.000000,1.000000,0.000000,0.000000,0.006650,0.000000
0.962778,0.626667,0.000000,0.003286,0.175317,0.967222,0.113667,56.337876,0.043191,0.073122,0.856667,0.096444,0.000000,0.006650,0.199959
0.998222,0.006889,0.000000,0.001359,0.003829,0.998222,0.002556,0.000000,0.004700,0.003812,0.998444,0.000333,0.000000,0.006650,0.007658
0.999222,0.002667,0.000000,0.002847,0.001977,0.996667,0.004667,0.000000,0.004700,0.003063,0.994222,0.001111,0.000000,0.006650,0.010518
0.997111,0.014778,0.000000,0.002759,0.007950,0.995778,0.005778,0.000000,0.004700,0.004993,0.996000,0.001222,0.000000,0.006650,0.010865
1.000000,0.000222,0.000000,0.001349,0.000021,0.999222,0.000889,0.000000,0.004700,0.001605,0.999000,0.000222,0.000000,0.006650,0.005625
0.964667,0.551667,0.000000,0.005003,0.174219,0.966333,0.120333,80.594378,0.045997,0.072730,0.818667,0.136222,0.152908,0.006650,0.356365
0.944333,0.739778,0.000000,0.001106,0.244089,0.973444,0.113111,93.187950,0.054679,0.083512,0.776556,0.173222,23.100054,0.006950,0.426371
0.987889,0.258111,0.000000,0.005362,0.050981,0.987667,0.024778,0.000000,0.004700,0.017743,0.984889,0.003778,0.000000,0.006650,0.019420
0.981333,0.461889,0.000000,0.011120,0.070695,0.976889,0.057778,1.698950,0.005164,0.043390,0.950444,0.020333,0.000000,0.006650,0.052684
1.000000,0.000000,0.000000,0.000009,0.000000,1.000000,0.000000,0.000000,0.004700,0.000000,1.000000,0.000000,0.000000,0.006650,0.000000
1.000000,0.000000,0.000000,0.000386,0.000000,0.999667,0.000333,0.000000,0.004700,0.000011,0.999778,0.000111,0.000000,0.006650,0.000000
0.955778,0.627889,0.000000,0.000996,0.253386,0.977333,0.098222,112.657438,0.049141,0.047826,0.797444,0.158222,11.931145,0.006835,0.350358
0.999778,0.000444,0.000000,0.001471,0.000093,0.999333,0.001556,0.000000,0.004700,0.001306,0.998889,0.000444,0.000000,0.006650,0.004554
1.000000,0.000000,0.000000,0.000009,0.000000,1.000000,0.000000,0.000000,0.004700,0.000000,1.000000,0.000000,0.000000,0.006650,0.000000
1.000000,0.000000,0.000000,0.000062,0.000000,0.999889,0.000222,0.000000,0.004700,0.000000,1.000000,0.000000,0.000000,0.006650,0.000000
1.000000,0.000000,0.000000,0.000009,0.000000,1.000000,0.000000,0.000000,0.004700,0.000000,1.000000,0.000000,0.000000,0.006650,0.000000
0.991889,0.071889,0.000000,0.005290,0.031297,0.989000,0.021667,0.000000,0.004700,0.008681,0.979889,0.005444,0.000000,0.006650,0.018099
0.987000,0.190333,0.000000,0.016751,0.045292,0.978111,0.059778,5.705162,0.005653,0.043349,0.945889,0.028667,0.000000,0.006650,0.070820
0.978778,0.347889,0.000000,0.018264,0.086500,0.962778,0.119778,90.339292,0.032197,0.073047,0.877778,0.084000,0.620090,0.006650,0.232954
0.986667,0.173111,0.000000,0.015712,0.053882,0.971333,0.070667,6.497670,0.008971,0.027014,0.924111,0.042222,0.000000,0.006650,0.083619
1.000000,0.000000,0.000000,0.000009,0.000000,1.000000,0.000000,0.000000,0.004700,0.000000,1.000000,0.000000,0.000000,0.006650,0.000000
1.000000,0.000000,0.000000,0.000009,0.000000,1.000000,0.000000,0.000000,0.004700,0.000000,1.000000,0.000000,0.000000,0.006650,0.000000
1.000000,0.000000,0.000000,0.000009,0.000000,1.000000,0.000000,0.000000,0.004700,0.000000,1.000000,0.000000,0.000000,0.006650,0.000000
0.989444,0.294333,0.000000,0.002653,0.055167,0.990444,0.017667,0.000000,0.004700,0.011572,0.992000,0.001444,0.000000,0.006650,0.012596
1.000000,0.000000,0.000000,0.000009,0.000000,1.000000,0.000000,0.000000,0.004700,0.000000,1.000000,0.000000,0.000000,0.006650,0.000000
1.000000,0.000000,0.000000,0.000009,0.000000,1.000000,0.000000,0.000000,0.004700,0.000000,1.000000,0.000000,0.000000,0.006650,0.000000
0.993556,0.037778,0.000000,0.011024,0.019719,0.985889,0.030667,0.000000,0.004700,0.015043,0.962889,0.015111,0.000000,0.006650,0.036093
1.000000,0.000000,0.000000,0.000069,0.000000,0.999889,0.000111,0.000000,0.004700,0.000000,1.000000,0.000000,0.000000,0.006650,0.000000
1.000000,0.000000,0.000000,0.000009,0.000000,1.000000,0.000000,0.000000,0.004700,0.000000,1.000000,0.000000,0.000000,0.006650,0.000000
0.944556,0.651556,0.000000,0.001021,0.352888,0.967000,0.159000,78.651438,0.051033,0.065903,0.723444,0.236556,95.438616,0.011665,0.655964
0.965667,0.597444,0.000000,0.004854,0.164234,0.967667,0.103556,69.304398,0.044240,0.074244,0.857778,0.092667,0.000000,0.006650,0.215996
1.000000,0.000000,0.000000,0.000009,0.000000,1.000000,0.000000,0.000000,0.004700,0.000000,1.000000,0.000000,0.000000,0.006650,0.000000
1.000000,0.000000,0.000000,0.000009,0.000000,1.000000,0.000000,0.000000,0.004700,0.000000,1.000000,0.000000,0.000000,0.006650,0.000000
1.000000,0.000000,0.000000,0.000137,0.000000,0.999889,0.000111,0.000000,0.004700,0.000000,0.999778,0.000000,0.000000,0.006650,0.000000
0.969000,0.642222,0.000000,0.002784,0.117992,0.973667,0.079778,22.036529,0.026406,0.044810,0.921444,0.036889,0.000000,0.006650,0.061235
0.981333,0.314000,0.000000,0.019681,0.067425,0.970000,0.100667,70.841181,0.023397,0.069779,0.908444,0.059556,0.000000,0.006650,0.151111
0.950444,0.733333,0.000000,0.004654,0.197752,0.961667,0.150667,113.457716,0.049736,0.114450,0.808000,0.139000,4.250030,0.006650,0.385730
1.000000,0.000000,0.000000,0.000009,0.000000,1.000000,0.000000,0.000000,0.004700,0.000000,1.000000,0.000000,0.000000,0.006650,0.000000
0.949778,0.754667,0.000000,0.001986,0.220674,0.968333,0.116556,81.911396,0.046443,0.079906,0.861111,0.084667,0.000000,0.006650,0.161154
0.997556,0.010444,0.000000,0.001079,0.005859,0.998333,0.002444,0.000000,0.004700,0.002874,0.998778,0.000333,0.000000,0.006650,0.006633
1.000000,0.000000,0.000000,0.000009,0.000000,1.000000,0.000000,0.000000,0.004700,0.000000,1.000000,0.000000,0.000000,0.006650,0.000000
1.000000,0.000000,0.000000,0.000009,0.000000,1.000000,0.000000,0.000000,0.004700,0.000000,1.000000,0.000000,0.000000,0.006650,0.000000
0.972778,0.603889,0.000000,0.003339,0.097260,0.979556,0.051667,0.000000,0.004700,0.034339,0.969000,0.009556,0.000000,0.006650,0.024502
1.000000,0.000000,0.000000,0.000009,0.000000,1.000000,0.000000,0.000000,0.004700,0.000000,1.000000,0.000000,0.000000,0.006650,0.000000
0.985444,0.241667,0.000000,0.006321,0.057727,0.982667,0.038333,0.000000,0.004700,0.016014,0.968333,0.010444,0.000000,0.006650,0.026913
0.998000,0.007556,0.000000,0.007963,0.003519,0.993333,0.013667,0.000000,0.004700,0.008418,0.981000,0.006333,0.000000,0.006650,0.024365
1.000000,0.000000,0.000000,0.000009,0.000000,1.000000,0.000000,0.000000,0.004700,0.000000,1.000000,0.000000,0.000000,0.006650,0.000000
0.897444,0.766333,0.000000,0.000702,0.741421,0.950000,0.379444,108.371548,0.047063,0.109426,0.639333,0.316000,210.796700,0.046341,0.551920
0.920222,0.741444,0.000000,0.000481,0.558065,0.944889,0.332111,148.042186,0.057705,0.128591,0.684667,0.276444,249.966880,0.026543,0.591707
0.999667,0.001333,0.000000,0.002583,0.000684,0.998000,0.003778,0.000000,0.004700,0.003038,0.995889,0.001000,0.000000,0.006650,0.010222
1.000000,0.000000,0.000000,0.000068,0.000000,0.999889,0.000111,0.000000,0.004700,0.000000,1.000000,0.000000,0.000000,0.006650,0.000000
1.000000,0.000000,0.000000,0.000433,0.000000,0.999778,0.000222,0.000000,0.004700,0.000100,0.999778,0.000111,0.000000,0.006650,0.001032
0.933556,0.736667,0.000000,0.000371,0.378797,0.977889,0.098111,108.634040,0.056544,0.046913,0.732111,0.217000,30.742852,0.010463,0.484115
0.988000,0.256444,0.000000,0.005206,0.050832,0.988444,0.025889,0.000000,0.004700,0.015499,0.979222,0.006000,0.000000,0.006650,0.021071
0.991000,0.064222,0.000000,0.011555,0.028661,0.984333,0.039556,1.580183,0.004700,0.020095,0.956778,0.020889,0.000000,0.006650,0.040554
1.000000,0.000000,0.000000,0.000009,0.000000,1.000000,0.000000,0.000000,0.004700,0.000000,1.000000,0.000000,0.000000,0.006650,0.000000
0.987333,0.332444,0.000000,0.002357,0.055760,0.990778,0.016667,0.000000,0.004700,0.008506,0.991333,0.001444,0.000000,0.006650,0.011603
1.000000,0.000889,0.000000,0.000719,0.000178,0.999667,0.000444,0.000000,0.004700,0.000974,0.999667,0.000111,0.000000,0.006650,0.001785
1.000000,0.000000,0.000000,0.000757,0.000000,0.999667,0.000333,0.000000,0.004700,0.000112,0.999667,0.000111,0.000000,0.006650,0.000585
1.000000,0.000222,0.000000,0.000646,0.000029,0.999667,0.000333,0.000000,0.004700,0.000943,0.999667,0.000111,0.000000,0.006650,0.002087
1.000000,0.000000,0.000000,0.000009,0.000000,1.000000,0.000000,0.000000,0.004700,0.000000,1.000000,0.000000,0.000000,0.006650,0.000000
1.000000,0.000000,0.000000,0.000009,0.000000,1.000000,0.000000,0.000000,0.004700,0.000000,1.000000,0.000000,0.000000,0.006650,0.000000
0.932889,0.708444,0.000000,0.000443,0.466297,0.974444,0.199556,150.816920,0.056670,0.056273,0.708889,0.253667,277.894271,0.033006,0.540254
1.000000,0.000000,0.000000,0.000009,0.000000,1.000000,0.000000,0.000000,0.004700,0.000000,1.000000,0.000000,0.000000,0.006650,0.000000
0.960222,0.740000,0.000000,0.003688,0.183064,0.968333,0.098333,7.439117,0.015175,0.071759,0.927667,0.030444,0.000000,0.006650,0.053562
1.000000,0.000000,0.000000,0.000501,0.000000,0.999667,0.000333,0.000000,0.004700,0.000000,0.999778,0.000111,0.000000,0.006650,0.000000
0.959667,0.673444,0.000000,0.001394,0.193679,0.972444,0.091333,64.800468,0.046614,0.053061,0.878889,0.071889,0.000000,0.006650,0.127132
1.000000,0.000000,0.000000,0.000009,0.000000,1.000000,0.000000,0.000000,0.004700,0.000000,1.000000,0.000000,0.000000,0.006650,0.000000
1.000000,0.000000,0.000000,0.000695,0.000000,0.999444,0.000444,0.000000,0.004700,0.001173,0.999222,0.000222,0.000000,0.006650,0.004019
0.937000,0.749889,0.000000,0.000430,0.310526,0.974222,0.120444,107.134355,0.061154,0.075957,0.722889,0.227111,73.661311,0.008059,0.656837
0.998444,0.004889,0.000000,0.007926,0.002476,0.993444,0.012778,0.000000,0.004700,0.006961,0.980556,0.006000,0.000000,0.006650,0.023338
1.000000,0.000000,0.000000,0.000754,0.000000,0.999667,0.000333,0.000000,0.004700,0.000461,0.999667,0.000111,0.000000,0.006650,0.001585
0.967333,0.560778,0.000000,0.004990,0.145676,0.968333,0.117667,79.833684,0.053224,0.070224,0.843889,0.115333,6.572927,0.006677,0.270796
1.000000,0.000000,0.000000,0.000009,0.000000,1.000000,0.000000,0.000000,0.004700,0.000000,1.000000,0.000000,0.000000,0.006650,0.000000
0.931111,0.751222,0.000000,0.000689,0.387203,0.956444,0.197667,161.933890,0.063051,0.106363,0.700111,0.255000,214.063341,0.010016,0.693602
0.986444,0.191000,0.000000,0.008014,0.044876,0.984444,0.038778,0.340369,0.004893,0.021497,0.962667,0.015000,0.000000,0.006650,0.032599
1.000000,0.000000,0.000000,0.000592,0.000000,0.999667,0.000333,0.000000,0.004700,0.000381,0.999667,0.000111,0.000000,0.006650,0.001030
0.989556,0.123222,0.000000,0.005790,0.041472,0.986444,0.028333,0.000000,0.004700,0.011625,0.974667,0.007778,0.000000,0.006650,0.021818
1.000000,0.000000,0.000000,0.000009,0.000000,1.000000,0.000000,0.000000,0.004700,0.000000,1.000000,0.000000,0.000000,0.006650,0.000000
0.957333,0.733111,0.000000,0.010031,0.152037,0.960333,0.133556,42.357438,0.025606,0.107137,0.887222,0.066111,0.000000,0.006650,0.153237
1.000000,0.000000,0.000000,0.000196,0.000000,0.999889,0.000111,0.000000,0.004700,0.000000,0.999778,0.000000,0.000000,0.006650,0.000000
0.983556,0.436111,0.000000,0.002565,0.067132,0.987778,0.024444,0.000000,0.004700,0.014730,0.985556,0.002778,0.000000,0.006650,0.015026
0.943333,0.727778,0.000000,0.000490,0.331657,0.963778,0.161444,96.627845,0.050818,0.082683,0.802889,0.146556,0.153658,0.006723,0.277051
1.000000,0.000000,0.000000,0.000567,0.000000,0.999667,0.000222,0.000000,0.004700,0.000449,0.999667,0.000111,0.000000,0.006650,0.001858
0.939778,0.741444,0.000000,0.000347,0.302889,0.976444,0.104889,126.632322,0.064139,0.063721,0.750444,0.200222,51.236693,0.007482,0.462908
1.000000,0.000000,0.000000,0.000082,0.000000,0.999889,0.000111,0.000000,0.004700,0.000000,1.000000,0.000000,0.000000,0.006650,0.000000
1.000000,0.000000,0.000000,0.000009,0.000000,1.000000,0.000000,0.000000,0.004700,0.000000,1.000000,0.000000,0.000000,0.006650,0.000000
0.998222,0.007444,0.000000,0.001604,0.003793,0.997889,0.003111,0.000000,0.004700,0.003011,0.998222,0.000333,0.000000,0.006650,0.007907
0.972444,0.480444,0.000000,0.010540,0.120720,0.961111,0.115000,69.904444,0.041783,0.074265,0.856778,0.099556,0.000000,0.006650,0.251240
0.989333,0.116444,0.000000,0.030394,0.040867,0.968667,0.093111,45.011042,0.013483,0.045570,0.910778,0.059222,0.000000,0.006650,0.154912
0.954889,0.751778,0.000000,0.005545,0.189983,0.968111,0.113444,39.900422,0.026263,0.079068,0.902667,0.054667,0.000000,0.006650,0.087557
0.943222,0.747000,0.000000,0.000347,0.272269,0.966778,0.115778,105.640553,0.059250,0.067147,0.829111,0.116889,0.000000,0.006650,0.214700
0.999111,0.003556,0.000000,0.001783,0.001824,0.998667,0.002111,0.000000,0.004700,0.002691,0.998667,0.000556,0.000000,0.006650,0.005440
0.995333,0.030000,0.000000,0.009881,0.016106,0.987556,0.023667,0.000000,0.004700,0.011097,0.974889,0.007333,0.000000,0.006650,0.029868
1.000000,0.000000,0.000000,0.000461,0.000000,0.999667,0.000222,0.000000,0.004700,0.000442,0.999778,0.000111,0.000000,0.006650,0.001063
1.000000,0.000000,0.000000,0.000009,0.000000,1.000000,0.000000,0.000000,0.004700,0.000000,1.000000,0.000000,0.000000,0.006650,0.000000
0.900444,0.768333,0.000000,0.000731,0.701480,0.944333,0.367000,73.326415,0.052037,0.120304,0.639444,0.312889,126.932734,0.043649,0.556463
0.987667,0.206778,0.000000,0.003391,0.050237,0.988778,0.020444,0.000000,0.004700,0.010399,0.985444,0.002556,0.000000,0.006650,0.015570
1.000000,0.000000,0.000000,0.000009,0.000000,1.000000,0.000000,0.000000,0.004700,0.000000,1.000000,0.000000,0.000000,0.006650,0.000000
1.000000,0.000000,0.000000,0.000009,0.000000,1.000000,0.000000,0.000000,0.004700,0.000000,1.000000,0.000000,0.000000,0.006650,0.000000
1.000000,0.000000,0.000000,0.000009,0.000000,1.000000,0.000000,0.000000,0.004700,0.000000,1.000000,0.000000,0.000000,0.006650,0.000000
0.998667,0.004889,0.000000,0.000851,0.002519,0.999222,0.001222,0.000000,0.004700,0.001942,0.999111,0.000222,0.000000,0.006650,0.003941
0.977889,0.405000,0.000000,0.015467,0.080971,0.970111,0.110444,53.605602,0.031580,0.075213,0.899889,0.067778,0.219605,0.006650,0.169401
0.999444,0.001667,0.000000,0.001406,0.001068,0.998444,0.002000,0.000000,0.004700,0.002381,0.998667,0.000444,0.000000,0.006650,0.006718
1.000000,0.000000,0.000000,0.000144,0.000000,0.999889,0.000111,0.000000,0.004700,0.000000,1.000000,0.000000,0.000000,0.006650,0.000000
0.986556,0.224333,0.000000,0.006833,0.054281,0.983889,0.034000,0.000000,0.004700,0.017445,0.971778,0.007889,0.000000,0.006650,0.027579
1.000000,0.000000,0.000000,0.000565,0.000000,0.999667,0.000333,0.000000,0.004700,0.000273,0.999667,0.000111,0.000000,0.006650,0.001607
0.962111,0.615667,0.000000,0.002401,0.191828,0.969333,0.108556,59.199920,0.046328,0.063098,0.846333,0.105222,0.000000,0.006650,0.226504
1.000000,0.000000,0.000000,0.000580,0.000000,0.999667,0.000222,0.000000,0.004700,0.000346,0.999667,0.000111,0.000000,0.006650,0.001613
1.000000,0.000000,0.000000,0.000009,0.000000,1.000000,0.000000,0.000000,0.004700,0.000000,1.000000,0.000000,0.000000,0.006650,0.000000
1.000000,0.000000,0.000000,0.000009,0.000000,1.000000,0.000000,0.000000,0.004700,0.000000,1.000000,0.000000,0.000000,0.006650,0.000000
0.981556,0.322778,0.000000,0.020311,0.080366,0.963000,0.102667,46.692499,0.030369,0.064649,0.883111,0.075000,0.000000,0.006650,0.199216
1.000000,0.000000,0.000000,0.000009,0.000000,1.000000,0.000000,0.000000,0.004700,0.000000,1.000000,0.000000,0.000000,0.006650,0.000000
0.997000,0.016111,0.000000,0.002355,0.009437,0.996333,0.004556,0.000000,0.004700,0.003687,0.996778,0.000778,0.000000,0.006650,0.007450
0.998667,0.005222,0.000000,0.002662,0.003161,0.996444,0.003444,0.000000,0.004700,0.003677,0.996778,0.000778,0.000000,0.006650,0.009879
0.927222,0.692333,0.000000,0.000649,0.570828,0.959000,0.336111,126.266716,0.054934,0.116866,0.658556,0.307333,265.926009,0.040273,0.778332
1.000000,0.000000,0.000000,0.000476,0.000000,0.999667,0.000222,0.000000,0.004700,0.000414,0.999667,0.000111,0.000000,0.006650,0.001394
0.999556,0.002000,0.000000,0.000848,0.001091,0.999333,0.001333,0.000000,0.004700,0.001159,0.999333,0.000333,0.000000,0.006650,0.002784
1.000000,0.000000,0.000000,0.000142,0.000000,0.999889,0.000111,0.000000,0.004700,0.000000,0.999889,0.000000,0.000000,0.006650,0.000000
1.000000,0.000000,0.000000,0.000009,0.000000,1.000000,0.000000,0.000000,0.004700,0.000000,1.000000,0.000000,0.000000,0.006650,0.000000
0.936778,0.725222,0.000000,0.000553,0.389003,0.955889,0.197556,113.598469,0.063841,0.095490,0.742111,0.217222,130.151132,0.014439,0.479376
1.000000,0.000000,0.000000,0.000009,0.000000,1.000000,0.000000,0.000000,0.004700,0.000000,1.000000,0.000000,0.000000,0.006650,0.000000
0.999778,0.001000,0.000000,0.002749,0.000476,0.998111,0.003778,0.000000,0.004700,0.003071,0.994222,0.001222,0.000000,0.006650,0.011133
1.000000,0.000000,0.000000,0.000009,0.000000,1.000000,0.000000,0.000000,0.004700,0.000000,1.000000,0.000000,0.000000,0.006650,0.000000
1.000000,0.000000,0.000000,0.000078,0.000000,0.999889,0.000111,0.000000,0.004700,0.000000,1.000000,0.000000,0.000000,0.006650,0.000000
1.000000,0.000000,0.000000,0.000009,0.000000,1.000000,0.000000,0.000000,0.004700,0.000000,1.000000,0.000000,0.000000,0.006650,0.000000
1.000000,0.000000,0.000000,0.000155,0.000000,0.999889,0.000111,0.000000,0.004700,0.000000,0.999778,0.000000,0.000000,0.006650,0.000000
1.000000,0.000000,0.000000,0.000009,0.000000,1.000000,0.000000,0.000000,0.004700,0.000000,1.000000,0.000000,0.000000,0.006650,0.000000
0.990333,0.094222,0.000000,0.009742,0.034006,0.984333,0.033444,0.000000,0.004700,0.017788,0.969667,0.009111,0.000000,0.006650,0.031300
0.995667,0.023111,0.000000,0.013795,0.012877,0.985444,0.028667,0.000000,0.004700,0.013033,0.964333,0.012000,0.000000,0.006650,0.038274
0.998000,0.009333,0.000000,0.000592,0.005118,0.999000,0.001222,0.000000,0.004700,0.002109,0.999111,0.000333,0.000000,0.006650,0.003542
1.000000,0.000000,0.000000,0.001217,0.000000,0.999222,0.001111,0.000000,0.004700,0.001385,0.998222,0.000333,0.000000,0.006650,0.007541
0.999556,0.001222,0.000000,0.000885,0.000631,0.999000,0.001333,0.000000,0.004700,0.001545,0.999000,0.000444,0.000000,0.006650,0.004145
1.000000,0.000000,0.000000,0.000582,0.000000,0.999667,0.000333,0.000000,0.004700,0.000552,0.999667,0.000111,0.000000,0.006650,0.002209
0.990000,0.084556,0.000000,0.012003,0.032124,0.982333,0.038889,0.000000,0.004700,0.019511,0.958000,0.016444,0.000000,0.006650,0.041913
1.000000,0.000000,0.000000,0.000207,0.000000,0.999889,0.000111,0.000000,0.004700,0.000000,0.999778,0.000000,0.000000,0.006650,0.000000
0.972556,0.512667,0.000000,0.004801,0.113490,0.968333,0.088222,29.973835,0.030733,0.048361,0.898667,0.059111,0.000000,0.006650,0.114133
0.999889,0.000333,0.000000,0.001037,0.000034,0.999444,0.000889,0.000000,0.004700,0.001058,0.999222,0.000222,0.000000,0.006650,0.004096
0.995333,0.021556,0.000000,0.010931,0.010988,0.988444,0.027111,0.000000,0.004700,0.011485,0.966000,0.014444,0.000000,0.006650,0.031776
1.000000,0.000000,0.000000,0.000723,0.000000,0.999667,0.000667,0.000000,0.004700,0.001455,0.999222,0.000222,0.000000,0.006650,0.004153
0.989000,0.156444,0.000000,0.008880,0.045728,0.981778,0.040111,0.000000,0.004700,0.019557,0.966333,0.011556,0.000000,0.006650,0.032703
1.000000,0.000000,0.000000,0.000729,0.000000,0.999667,0.000333,0.000000,0.004700,0.000718,0.999556,0.000222,0.000000,0.006650,0.002396
1.000000,0.000000,0.000000,0.000416,0.000000,0.999667,0.000222,0.000000,0.004700,0.000377,0.999778,0.000111,0.000000,0.006650,0.000602
1.000000,0.000000,0.000000,0.000009,0.000000,1.000000,0.000000,0.000000,0.004700,0.000000,1.000000,0.000000,0.000000,0.006650,0.000000
1.000000,0.000000,0.000000,0.000201,0.000000,0.999778,0.000111,0.000000,0.004700,0.000000,0.999778,0.000000,0.000000,0.006650,0.000000
1.000000,0.000111,0.000000,0.000243,0.000010,0.999889,0.000333,0.000000,0.004700,0.000000,0.999778,0.000000,0.000000,0.006650,0.000000
1.000000,0.000000,0.000000,0.000221,0.000000,0.999778,0.000111,0.000000,0.004700,0.000000,0.999778,0.000111,0.000000,0.006650,0.000000
1.000000,0.000000,0.000000,0.000207,0.000000,0.999778,0.000111,0.000000,0.004700,0.000000,0.999778,0.000000,0.000000,0.006650,0.000000
0.988000,0.127444,0.000000,0.019911,0.041617,0.974222,0.068111,5.519301,0.005723,0.038534,0.933889,0.037000,0.000000,0.006650,0.086184
0.976444,0.519111,0.000000,0.007105,0.087238,0.974667,0.080556,12.871148,0.011654,0.042409,0.930222,0.038889,0.000000,0.006650,0.064847
0.998333,0.007889,0.000000,0.003903,0.003642,0.995222,0.008889,0.000000,0.004700,0.004432,0.988889,0.002778,0.000000,0.006650,0.011872
1.000000,0.000000,0.000000,0.000603,0.000000,0.999667,0.000333,0.000000,0.004700,0.000000,0.999778,0.000111,0.000000,0.006650,0.000118
1.000000,0.000000,0.000000,0.000485,0.000000,0.999667,0.000222,0.000000,0.004700,0.000000,0.999778,0.000111,0.000000,0.006650,0.000238
1.000000,0.000000,0.000000,0.000009,0.000000,1.000000,0.000000,0.000000,0.004700,0.000000,1.000000,0.000000,0.000000,0.006650,0.000000
1.000000,0.000000,0.000000,0.000009,0.000000,1.000000,0.000000,0.000000,0.004700,0.000000,1.000000,0.000000,0.000000,0.006650,0.000000
1.000000,0.000000,0.000000,0.000174,0.000000,0.999889,0.000111,0.000000,0.004700,0.000000,0.999778,0.000000,0.000000,0.006650,0.000000
1.000000,0.000000,0.000000,0.000009,0.000000,1.000000,0.000000,0.000000,0.004700,0.000000,1.000000,0.000000,0.000000,0.006650,0.000000
0.995444,0.022556,0.000000,0.003125,0.014190,0.993667,0.008222,0.000000,0.004700,0.006318,0.994222,0.001222,0.000000,0.006650,0.012475
0.994667,0.031889,0.000000,0.004395,0.017233,0.992000,0.013444,0.000000,0.004700,0.007961,0.989222,0.002222,0.000000,0.006650,0.016766
1.000000,0.000222,0.000000,0.000852,0.000028,0.999667,0.000444,0.000000,0.004700,0.000921,0.999667,0.000111,0.000000,0.006650,0.001764
0.927111,0.764111,0.000000,0.000894,0.390088,0.974111,0.131444,106.101420,0.063093,0.068547,0.689778,0.260889,111.889279,0.011619,0.694206
0.965444,0.683556,0.000000,0.011173,0.101322,0.968556,0.124111,51.703839,0.020795,0.093545,0.900111,0.066000,0.124494,0.006650,0.163845
0.999333,0.002556,0.000000,0.003091,0.001316,0.997444,0.005000,0.000000,0.004700,0.004765,0.995000,0.001222,0.000000,0.006650,0.011467
0.993889,0.033444,0.000000,0.020300,0.016804,0.980444,0.046444,1.753963,0.005135,0.021726,0.947222,0.027778,0.000000,0.006650,0.065790
0.997111,0.010333,0.000000,0.004837,0.004959,0.994778,0.010889,0.000000,0.004700,0.006646,0.983889,0.005444,0.000000,0.006650,0.015753
1.000000,0.000000,0.000000,0.000009,0.000000,1.000000,0.000000,0.000000,0.004700,0.000000,1.000000,0.000000,0.000000,0.006650,0.000000
0.991111,0.084667,0.000000,0.004833,0.033714,0.989222,0.022000,0.000000,0.004700,0.009926,0.980111,0.004444,0.000000,0.006650,0.018684
0.946889,0.724444,0.000000,0.001188,0.242145,0.971444,0.109000,54.365652,0.050332,0.074281,0.801556,0.141889,0.000000,0.006650,0.356443
0.979444,0.355667,0.000000,0.018150,0.079387,0.965222,0.109889,75.496888,0.027215,0.071618,0.893111,0.068444,0.000000,0.006650,0.176131
1.000000,0.000000,0.000000,0.000203,0.000000,0.999778,0.000111,0.000000,0.004700,0.000135,0.999778,0.000111,0.000000,0.006650,0.000000
1.000000,0.000000,0.000000,0.000170,0.000000,0.999889,0.000111,0.000000,0.004700,0.000000,0.999778,0.000000,0.000000,0.006650,0.000000
0.952333,0.701222,0.000000,0.002112,0.225987,0.969778,0.115667,95.901392,0.058127,0.080249,0.784889,0.163333,5.082430,0.006732,0.443969
