OWASA,Durham,Raleigh,Cary,Pittsboro,Chatham
-0.1716981165,1.4618199255000002,1.5968342199,1.1985689994,1.9129751185,1.9308607761
0.8354111502,2.1929385778,1.3286575875,0.3554346268,0.5636004535,0.9411076786
0.8464199551,0.5746821438,0.3698899476,0.9773829612,2.0245779966999997,0.2653207543
0.3732482598,1.9933265738,-0.1357615528,0.0234636256,1.726573415,1.0506027828
0.4929593089,1.2811050076000001,0.6551932017000001,-0.0326774984,0.535931952,2.016100151
1.6053783191,1.3088967220999999,1.3012036456,0.4611714307,0.43331052200000003,0.1108845722
1.8918544038,-0.2332376866,1.8632425279,0.2687751405,1.1518582575,0.0302757327
-0.08558343289999999,1.9749584031,-0.0795071164,1.1571325293999999,1.5211335754,1.7460897432
0.45934961659999995,0.9047564001999999,1.6868833953,0.6726291181,0.8531042326999999,1.6854160069
1.7547203943,2.01042606,1.4361706084,2.2248678758000002,0.9883911159000001,0.5741015921
0.6797960245999999,1.1179238644,-0.19279360539999998,0.9242288581,1.0108786288,-0.04939802769999999
1.1711695806,0.6329642097,2.1209066384999997,1.6792198257,1.5025743465999999,1.0795397609000001
1.3033937926999999,0.3475205167,-0.0553883074,-0.22528334100000003,1.8909368063,0.40631372299999996
1.8582812474000001,1.7959395009999999,0.8839311033,0.8609824559,1.5459874116999999,0.5248326893
0.154087125,0.8574849518000001,1.5749373163,1.6669380638,0.7924089245999999,0.8021146976000001
0.1422716565,-0.0900614225,0.010993578799999999,2.0895645617,2.1328209858,2.0974706536000003
1.5713488530000002,1.0305126869,2.0965136556,0.5679156861,1.1795224724,0.3274925754
0.9676047718,0.3550790818,1.9277865912999999,2.0355887403,0.4416351638,0.5867334724000001
-0.235603683,0.0253618721,0.1386593548,1.7673394097,2.0256483978,1.3144459591
1.038383132,-0.0702622557,1.5216176559999999,0.43935963969999997,1.2629698706,0.8593478608
0.5942043434000001,1.19751399,2.1005124263,0.5350667712,0.4016393267,1.3052111142
1.2951544711,0.9480653897,1.8354027887,1.9121690181,0.0681492841,1.751921751
2.184392786,-0.13130163960000002,2.0752227675999997,1.9401198513999998,1.4956480909,0.3064037753
1.2708194334,0.2878181273,0.6375938547,2.1609828883,-0.04437103,1.4948951673
1.9858621719999998,2.0756431319999997,2.214151213,1.8402564847999998,1.0930450097,0.1534673193
0.6534130226,0.5892668001,0.9495792806000001,1.5314966025,-0.0165550003,-0.2216812632
0.17140887789999998,0.1658568491,2.1537023251,-0.0018959385999999998,0.7317981988,0.7688696187
-0.0679359324,1.3565837199000002,1.9868807262000001,0.3668171816,1.674045995,2.1749447842
1.743186668,1.6253573047,0.5777334915,0.9474732126000001,-0.0584063821,1.0952431620999998
1.4949087563999999,-0.1050160614,1.5094235568,1.0158537753,1.7669980114,0.1451979084
0.7919232083,2.1764207479,1.0088916245000001,1.0803416277,0.3233713488,0.7475594266
1.4002190094999998,0.6217166582,0.9062591587000001,1.9314634787,0.871769837,1.9620021311000002
0.7015666334999999,1.7544925191999998,1.2752450106,0.6327375503,1.6136339082,0.2232630294
1.5797037179,2.1162140557,0.7960818548,0.6118459668,-0.1980691432,1.5237226381
2.0821151463,0.874146402,1.6644041366999998,0.8763377301999999,0.8077212401,0.07408820940000001
1.8061744265000002,0.3768260604,0.1560496823,0.1380427598,1.2036211466,0.8869751341
1.9962219325,-0.1867828466,1.5872755280000002,1.2056770165000001,1.5944998672,1.8643656723
-0.0325855559,1.8614597477000001,-0.18319331670000003,1.3523626736,-0.1692818385,1.4566508140999999
0.5740473967,1.4327075122,0.41706078090000004,2.0523362072999998,1.1370086820999998,0.868283715
1.723847744,2.031822744,1.0399727509,0.15265460990000002,2.1565549569,1.1487588062
0.6472896772,2.2082504431,0.5321326653,0.57980609,0.34108829539999996,2.1147497378
0.09462023230000001,0.2087416712,1.4016638799,1.5134801109,1.9527404547999998,0.1860203445
1.0112644658,0.052043390099999996,-0.215855985,1.1456038532,1.1121697876999999,1.4783209274
0.2421512932,0.6983491637,1.3775196936,1.9658744133000001,0.1764790671,2.0043720955
1.3488146531999998,1.5686823555,0.2866735185,0.6384398545000001,0.5000250916,2.0313436043
1.7959107727,0.185299506,1.9715640490000002,1.2864982423,1.0704621841,1.4721929739
1.429355035,1.8405063135,1.8773307896,0.25208030670000003,1.0534380123,-0.0328988357
1.2370766099,2.2303409267,1.0909188245,1.4288657479,-0.12459297949999999,1.2220987632
0.1058199252,0.5479210743,1.0519722977,0.8099637197,1.8036610828,0.2507986942
0.7424835242,-0.2486119134,0.20111216920000002,1.8570961776,0.3817824228,2.1475878081
-0.0534050698,0.4313580143,1.6417356137999999,1.4194451569,-0.2228681321,-0.0528892575
1.9308854909,-0.21425756989999997,0.4069090521,2.2013688556999997,0.35923406490000004,1.2528956651
-0.044104922000000005,1.8632807981,0.134482928,-0.1800207768,1.2131177075,2.0550962079
-0.2139352979,0.43774742200000005,1.8600058469999998,-0.1268194728,1.6262029616999998,0.6820308204000001
1.3656719928,1.0905651393,1.837973285,0.8267699862000001,0.7226270404999999,0.0598284361
0.8574421718,0.4911008907,-0.0887753049,0.49454052950000005,0.6432031071000001,0.7523525356
-0.1225364382,0.21355762309999998,0.2907039829,1.8000679141,1.0143468581,2.1994762646
1.7680666337,2.1417273387,1.5269543075,1.6062276695,1.123549983,-0.1631254651
1.6996195414,1.7450222482,0.0609087097,0.337827672,1.3645633021999999,1.6943107622
-0.198973998,0.460875593,0.8163918042,0.10925501439999999,1.9427837581,1.9016821706
0.40779331939999997,-0.0159218899,0.3902534196,1.3326296382,1.6472756333,0.7340835981
0.7695710098999999,-0.17003347359999998,1.4570920793000002,1.266002893,1.2813151626000001,2.2497038761000003
1.8266832593,1.1270189052,0.2667186104,1.3879520022,1.0868527703,0.6445689242
1.6509729854,0.9794527117,2.0412090489,0.2156211313,0.9727833109999999,1.8909055044
2.054973874,0.7254155145000001,1.6104795536,0.0938822541,0.5619079912,0.3985346344
0.6747275528,0.3626512188,0.1160058562,2.0017842638,1.560245849,1.5873359138999998
2.1736707733,0.4704496412,0.9687771254,-0.0802106546,1.3054010266,-0.21211786870000002
1.3843712052000001,0.5165063508,0.9959507023999999,1.2328943459000001,1.4669588137,1.5110682449000001
-0.20699158609999999,1.4409545807,0.5240715429999999,1.5589007472999998,1.8137575816999998,1.3566568183
0.0100817458,1.8798242096000002,0.44547541799999996,1.1663497776,0.0157100589,1.8825991927
2.0480545919,0.1120814112,0.1940685684,0.6177434016,1.3531031615,1.7342088966999998
0.229931418,1.2472166637,0.2362723343,2.0682252789,1.4435826831999998,0.0806306011
1.6325252568000002,1.0833252219,0.34027273210000003,0.7449813739,1.4114950484,0.47324014200000003
1.0994256276,1.2547679687,1.9155623678,-0.21032232329999997,0.22267446149999998,1.6743592978
-0.1264165512,0.39205639020000005,0.24020131449999998,0.5937285119,0.7588377228000001,0.0171415507
2.2325149956,2.0475002729,0.7162559539,0.5381592332999999,1.2398041954,0.6734548634
2.0973192935,1.7047086072,1.7342413253,0.128125491,-0.1122161021,0.49331715530000003
0.9268939341,1.3250872696,1.6372471119999998,0.5095187954,0.3033210815,2.1858172466
0.8217890469,0.5820055753,-0.12329557320000001,0.0331269354,2.2309157854,2.22673235
0.2597699536,1.9180290413999999,1.4747529836000002,1.3038063309999999,2.0482498278,1.5384690065
2.0643434041999997,1.5198374974000002,0.7459703342,0.6519421924000001,1.1689675426000001,0.2452915004
1.9005024172,-0.1933431239,1.4833337327,-0.0632712293,0.1405174176,1.5685370821
1.5248704214,0.7584894139,2.1454718502000003,1.8857761663,2.0935642241999997,1.9986817175999998
-0.1865549396,-0.0521749772,0.1688813809,0.9279947393000001,1.4541387597,0.5949066561999999
1.8707115636000002,0.187859146,-0.0433939509,0.8980431473999999,1.8544259812000001,0.8175799842
1.2244169217,0.25259232649999996,0.7253344787,1.2621127122,1.6853013979,1.0159329987
0.5608124554,1.9042705390999999,0.0199363616,0.055275755700000005,1.5760859778999998,1.063810923
1.1364230583,-0.028137158399999997,1.7154583951,1.9924821030000002,0.6653367855,1.1216251028
-0.1405042609,0.9353332883,1.4445996241999999,0.9114775474,0.2952749506,0.5352785706000001
-0.0087909785,1.8113916212,0.110575731,0.2122298092,1.3445959746,1.7694198997
1.9497453324,1.9559847244,1.7914958322,-0.1934166123,0.608312182,0.38161571969999997
0.0544420071,0.5512040479,0.5100905268,0.2952095324,1.9935269526,1.8261609646
2.2060817840999998,0.0105889295,0.5626637566,2.1426415625999997,1.9282933896,0.9722219303
0.7751903625,1.269571831,-0.2367948464,1.5061353853,-0.20209011719999997,0.5005276614999999
1.8459120031999998,1.4743385797,-0.0743741319,0.7896042188,0.93863257,1.5551062197999999
0.1208151767,0.9242410034999999,2.0617249633,0.8643833609999999,1.7155391774000002,0.7033659159000001
0.874127799,0.7075039347,2.1664868052,-0.0577049553,0.4509276213,0.9554018887000001
2.1442254601,0.8865938682,1.9442686427000002,0.7566872204,-0.0013118102,2.0424341542
0.8765467934000001,1.8909087178,1.8880035177,1.8186895979,0.7011292179,1.7859430381999999
0.6311401182999999,1.6214409131,0.4655012086,0.6957397591,2.2224355581,2.0680214762
1.6451578695,1.6979824743,1.7650241708,1.5841197518,1.3760691103,0.6049664363
0.296968787,1.7176766457,-0.16501977939999998,0.2271461379,-0.0998429267,1.4400102055000001
2.1568092906,1.0656800707,2.0113143206,-0.1184430114,1.8442269703,0.5426846218
1.8137031408000002,0.1449915001,1.8179619546999999,2.1691678897999997,0.0012287809,1.0437483376
0.7546079809,0.953066975,0.8933577386,1.5992426096,0.8449860995,1.8136172857
1.4723667002,1.3648875815000001,0.3190026945,0.0484791709,0.5782919608,1.3647950487
0.4289443438,0.6793572943999999,-0.2042496659,1.6616487609000001,0.4211342938,-0.1425483467
2.115675536,0.22599737539999998,1.2362723603,0.2750866473,1.609011304,0.3613932282
0.1832227034,2.1343069426,0.6242746627,-0.2228798,0.0558465013,0.5609040927000001
1.9522230344,0.039829121,0.2196989657,1.5387377046000001,1.7488275129,1.6577010701
2.0251685291999997,1.5467862331,-0.1063671182,0.7118151220000001,0.8766749198999999,0.9777967081000001
0.518606473,1.3195022512999999,1.7110970595,0.7374914706,0.5442269402000001,1.1811114663
2.105509918,1.0395715085,1.6969396878999998,0.43266038630000003,2.1784876431,-0.0064969869
0.2193901641,1.8192697868,0.17945477829999998,2.2452837442,1.1424532826,0.2952502166
0.0823225196,1.6393529947,0.8451651473999999,0.18856406550000002,0.9853149661,1.6307558944
1.335057073,0.5004810425999999,1.3436008941,0.08126039730000001,0.9517979151,2.1303459838
1.5073069708000002,1.9842510426,1.1508203459,0.4691638275,2.1667459615,0.9959643529000001
1.1860710134999999,2.0883544928999997,2.0325018277,-0.0184781726,0.2460321602,2.0870927265
2.1966087352000003,0.0890128615,1.3646918212,0.4874613504,1.1968748422,-0.0641661177
2.1321780466,1.0119745811,0.3042008966,0.6849201187,-0.1535411957,1.2305741973
1.1598865264,0.9678738139,0.4595355881,0.5139578553999999,0.818995774,-0.12029340990000001
1.202639965,1.6505396768,0.8253734154000001,1.0355694020000001,0.7849155328,1.2976315156
0.7298754555,0.7712932668000001,1.424857158,0.1783950463,2.0743513564,0.45781615600000003
-0.24484953780000002,1.4815791262,1.2445172492,1.0377091424,1.7043215282,0.3653154951
2.2457440543000002,1.7718558697,1.1266083803,2.2342345168,0.17340875260000002,1.2057557843
1.7263827923,0.6553403072,-0.036871555,1.708611598,1.253719794,-0.0897170259
0.040784124500000005,-0.12041704880000001,1.6172857753,1.2406607152,-0.1786691646,0.31804561719999996
-0.1003541327,1.7363544905000001,1.2011032675,0.9741997372,0.7490820442,1.4244999857
0.276213284,0.31910097379999997,0.9276532115999999,2.1215210689,0.6800296353,-0.24821277760000002
1.2424496395,0.7452969164,0.6739775389,1.7835598057,2.1445868312000003,0.4213545625
1.6658489517,1.0624773054,2.0667609915000003,2.1105044282,2.1207308847,1.326166699
0.9974512273999999,1.3451632231,0.9540032582,1.0735542122,0.2522225374,1.8581189533000002
0.6041704776,0.2838578546,1.1135170373999999,0.847079148,1.9830929141,1.9135985530000001
1.6863082487,0.835275729,0.38109408270000006,1.6442082516,0.1034568708,2.2216811766999998
0.3339912151,2.0211882061,1.2666837526999999,2.0228337715,0.468241845,-0.19639467149999998
1.7114954532,1.8343807259,0.35990210270000006,1.3193355334999999,0.1261994489,1.0355026152
0.3574278974,1.9345875499,1.2896962904,0.23903198,0.08947093619999999,0.20054085030000002
0.3002608607,0.7942195566,-0.0037748067999999997,1.1803845488,0.0332942536,0.6891820637999999
0.3199303186,0.7847684341,0.6363899423,0.072329542,1.9074280688999998,0.4767777949
1.3582343785,2.1078409747999998,1.1973629676000002,0.5538146734,2.0850780287,0.7206151614
0.0316079895,0.0842146351,1.0268546884999998,2.1794737686000003,-0.08309118759999999,0.7816673366
1.2810510049,1.1600788592,-0.0157829362,0.3904870931,0.5957071544,2.2056903728
1.0151090883,1.6803981128,0.088689661,1.757557917,0.23639641109999998,1.6176685469999998
1.8862857825,2.2493558128,2.0182736363,0.313579075,1.7916439185,0.2785707526
0.9797036732,0.0246244211,1.8059108753,1.2876378073,1.4319033583,0.8363872998999999
1.0743957597,1.2034925816,0.258028947,1.7935360063999999,2.2417168119,0.9128599059
0.48328711049999995,1.2329888922,0.048450733600000004,0.16824759260000002,1.2335673201000001,1.5352224738
-0.014564795600000001,0.1225444351,1.4892949736,1.4881158159999999,0.6875665868,0.9340954742
2.0141185338,1.5271339606,1.7530670965000001,1.1361827349,1.0438061144,1.007670093
0.3830368429,0.646253557,0.4939915568,-0.2435739271,1.4795025757,0.4457911711
0.9460093325,1.1027493420999999,2.2308847113,-0.1479256471,1.2906064498999998,2.1070947883
-0.1536561656,0.13251181720000002,0.4777120843,2.1312232894,0.9221309163,1.345324943
0.4688233147,1.5108600450999998,-0.1618973542,0.9527951164,-0.0258627538,0.33931586490000004
-0.0929453816,-0.13854274130000002,2.2384825769,0.7759333928000001,0.2832580449,-0.07648599519999999
0.5261499868,0.6703466564,1.3524434790000002,1.1198566467,1.6937433327000002,1.3892951925
0.5842514483,-0.085638326,0.5534424948,1.4823334425999999,0.8914661996,1.7003111426
1.5904979945,0.804028231,0.8709422618000001,-0.0468832395,0.6546873317,1.1974990547
1.0320869283,2.054647177,1.2209074498999999,1.4720431415000002,0.4894730228,1.1652250785
1.4468356644999998,0.27109564399999997,0.676115968,0.3274294616,1.5702978669999998,0.13535537109999998
0.5404900011,1.9442834367,2.1831789587,0.3064544952,-0.2356236354,1.9480351511000003
0.8936593211,1.5878793284000001,0.5896260114999999,1.7463869234,1.0373419093,1.1038728478
0.6883193734999999,1.3924812046000001,1.0793404803,-0.10126508869999999,1.9681257041999998,0.7917088605
1.4599010828,1.1660223042,1.1430570822,1.8257488315000001,0.397001614,0.168953771
0.2014444479,1.6027587796,1.1870219399,2.1987917063999998,1.4135203746,0.0394397467
1.6164897253,1.6669281352,0.6972928947,1.4068780575,1.8368280086000002,-0.1261242035
0.6154460042000001,2.1512585098,0.7513562759,1.8736131699,1.7594646487999999,0.0881053643
1.1882008978,1.3775289013,2.1328844978,0.7649850439,2.1112568984999998,-0.1065503133
0.9543396593000001,0.4754199236,1.9930569334000001,1.3697042405000002,0.6224667624,-0.228105444
1.5483084798,1.1472803824,0.5464519385000001,1.7180927806,2.0120769088,0.11458956390000001
0.7151742828000001,1.4203830171,0.8511072351000001,0.8236584668000001,0.7738330644,1.2781858869
1.0537045016,-0.2093058316,1.7843877505,-0.1656252777,0.9356631036,1.3823099622
0.1261493362,-0.0429093262,0.0812011246,2.0394508054,0.5194904418999999,0.2307653032
0.5066437492,0.8224430228,1.1698638683,1.1026422989,0.47641954579999996,0.650563717
1.078388016,0.3117370682,-0.14511739099999998,1.9859725466,-0.1480923961,-0.1870169391
0.39146650270000005,1.5603619903000001,0.976751183,-0.0929050634,1.530025353,1.2667291125
0.1936928692,1.5764153927000002,1.3238633418999999,0.0118460778,0.2111906916,2.1505759838
1.4227378807,1.41172127,1.5395164571000002,1.5683212686,1.3954271159,1.2440083832
1.7843762866,0.8403571508,1.3956092748,1.0085194606,1.7822342749000002,-0.1575627812
1.1125926721,1.2198068244,1.7377081221000001,1.3422331598,1.3128694984,1.7161570186000001
0.4399415618,2.1633783675,0.027156383,1.0581568224,0.3701542987,1.1527189808
0.2688676041,2.0743948451,1.0727876231,0.3785191954,2.2030441482,1.4334180006000001
0.022568316600000003,-0.0096918565,0.33079047510000004,1.620110385,0.3348577225,0.6162916099
0.42263863170000004,-0.1545722908,0.8016899231,0.42211625399999997,1.3345381418,0.011491896100000001
0.9201001755,0.2391559954,0.6039717115,1.9164885678,0.0800510024,0.1957244363
0.8066840661,0.0732775886,-0.23955761350000002,0.40199165600000003,2.1890317724,1.7905913405
1.3913062886,0.9875947748999999,0.0628126496,1.2247309525,1.8748256819999998,0.6363591862
1.4826883723,0.7220268951000001,0.7840713383,2.0762530306,0.6290143433,0.8484471893000001
1.110310812,0.3337558455,0.9174542591,1.4588565281,0.9108198346999999,1.5962812516999998
2.2180082522999998,1.0141229111,1.56084395,0.9898977714,-0.13320059880000001,0.4297183407
1.9634700688,0.4099019882,2.1932679445,1.897761635,2.054785245,1.8382079516999998
1.2555294707,0.4172304769,1.9602858587,1.3873108775,1.6522517229,-0.0180119398
1.1402831956000001,1.7781997663999998,1.9089694183,1.6994024007,0.0380000884,0.8968531982
1.3168497199,0.608965304,2.2006836065,0.7160378240999999,0.2659422097,1.1305686549
0.3449712791,0.5307570239,1.01943302,1.6314338286,-0.2438733778,1.608842426
1.5567819669,0.8994825462999999,0.7074150293000001,1.7280321647999999,0.8328207959,1.8121114918
2.0098986299,1.1844636894,0.429049325,1.9515391769,1.8827789368999999,0.9006886370999999
1.5300651444,1.4975375222999998,1.6574001423,-0.1560668069,0.1603818839,1.9849276552000001
0.912195581,0.1565400093,1.1020051839,1.4430595063999998,0.1181829316,1.6487065746
0.07314680400000001,2.2226463194,0.7718253313,0.1212407801,0.19823982629999998,1.400796711
1.9188000871000002,1.2904051669,1.2519937257,1.0954935491,-0.0678029034,1.9674342322999998
